row_id,source_row_id,order_id,user_id,product_category,payment_method,order_status,quantity,unit_price,discount,total_amount,order_time,pay_time
orders-row-0000000,ord-0000000,ord-0000000,user-00000,electronics,card,paid,4,8.200000,0.000000,32.800000,1700000000,1700000030
orders-row-0000001,ord-0000001,ord-0000001,user-00001,books,paypal,pending,1,10.600000,0.150000,9.010000,1700000090,1700000133
orders-row-0000002,ord-0000002,ord-0000002,user-00002,grocery,bank_transfer,shipped,3,11.600000,0.100000,31.320000,1700000180,1700000236
orders-row-0000003,ord-0000003,ord-0000003,user-00003,apparel,wallet,refunded,5,13.500000,0.050000,64.120000,1700000270,1700000339
orders-row-0000004,ord-0000004,ord-0000004,user-00004,home,card,completed,2,15.600000,0.000000,31.200000,1700000360,1700000442
orders-row-0000005,ord-0000005,ord-0000005,user-00005,sports,paypal,paid,4,17.000000,0.150000,57.800000,1700000450,1700000545
orders-row-0000006,ord-0000006,ord-0000006,user-00006,electronics,bank_transfer,pending,1,18.400000,0.100000,16.560000,1700000540,1700000648
orders-row-0000007,ord-0000007,ord-0000007,user-00007,books,wallet,shipped,3,20.600000,0.050000,58.710000,1700000630,1700000751
orders-row-0000008,ord-0000008,ord-0000008,user-00008,grocery,card,refunded,5,22.200000,0.000000,111.000000,1700000720,1700000854
orders-row-0000009,ord-0000009,ord-0000009,user-00009,apparel,paypal,completed,2,23.700000,0.150000,40.290000,1700000810,1700000957
orders-row-0000010,ord-0000010,ord-0000010,user-00010,home,bank_transfer,paid,4,25.200000,0.100000,90.720000,1700000900,1700001060
orders-row-0000011,ord-0000011,ord-0000011,user-00011,sports,wallet,pending,1,27.600000,0.050000,26.220000,1700000990,1700001163
orders-row-0000012,ord-0000012,ord-0000012,user-00012,electronics,card,shipped,3,28.600000,0.000000,85.800000,1700001080,1700001266
orders-row-0000013,ord-0000013,ord-0000013,user-00013,books,paypal,refunded,5,30.800000,0.150000,130.900000,1700001170,1700001369
orders-row-0000014,ord-0000014,ord-0000014,user-00014,grocery,bank_transfer,completed,2,32.000000,0.100000,57.600000,1700001260,1700001472
orders-row-0000015,ord-0000015,ord-0000015,user-00015,apparel,wallet,paid,4,33.800000,0.050000,128.440000,1700001350,1700001575
orders-row-0000016,ord-0000016,ord-0000016,user-00016,home,card,pending,1,36.000000,0.000000,36.000000,1700001440,1700001678
orders-row-0000017,ord-0000017,ord-0000017,user-00017,sports,paypal,shipped,3,37.800000,0.150000,96.390000,1700001530,1700001781
orders-row-0000018,ord-0000018,ord-0000018,user-00018,electronics,bank_transfer,refunded,5,38.800000,0.100000,174.600000,1700001620,1700001884
orders-row-0000019,ord-0000019,ord-0000019,user-00019,books,wallet,completed,2,40.400000,0.050000,76.760000,1700001710,1700001987
orders-row-0000020,ord-0000020,ord-0000020,user-00020,grocery,card,paid,4,42.500000,0.000000,170.000000,1700001800,1700002090
orders-row-0000021,ord-0000021,ord-0000021,user-00021,apparel,paypal,pending,1,44.400000,0.150000,37.740000,1700001890,1700002193
orders-row-0000022,ord-0000022,ord-0000022,user-00022,home,bank_transfer,shipped,3,46.300000,0.100000,125.010000,1700001980,1700002296
orders-row-0000023,ord-0000023,ord-0000023,user-00023,sports,wallet,refunded,5,48.000000,0.050000,228.000000,1700002070,1700002399
orders-row-0000024,ord-0000024,ord-0000024,user-00024,electronics,card,completed,2,49.500000,0.000000,99.000000,1700002160,1700002502
orders-row-0000025,ord-0000025,ord-0000025,user-00025,books,paypal,paid,4,50.800000,0.150000,172.720000,1700002250,1700002605
orders-row-0000026,ord-0000026,ord-0000026,user-00026,grocery,bank_transfer,pending,1,52.300000,0.100000,47.070000,1700002340,1700002708
orders-row-0000027,ord-0000027,ord-0000027,user-00027,apparel,wallet,shipped,3,54.300000,0.050000,154.750000,1700002430,1700002811
orders-row-0000028,ord-0000028,ord-0000028,user-00028,home,card,refunded,5,56.200000,0.000000,281.000000,1700002520,1700002914
orders-row-0000029,ord-0000029,ord-0000029,user-00029,sports,paypal,completed,2,57.700000,0.150000,98.090000,1700002610,1700003017
orders-row-0000030,ord-0000030,ord-0000030,user-00030,electronics,bank_transfer,paid,4,59.900000,0.100000,215.640000,1700002700,1700003120
orders-row-0000031,ord-0000031,ord-0000031,user-00031,books,wallet,pending,1,60.800000,0.050000,57.760000,1700002790,1700003223
orders-row-0000032,ord-0000032,ord-0000032,user-00032,grocery,card,shipped,3,63.200000,0.000000,189.600000,1700002880,1700003326
orders-row-0000033,ord-0000033,ord-0000033,user-00033,apparel,paypal,refunded,5,64.500000,0.150000,274.120000,1700002970,1700003429
orders-row-0000034,ord-0000034,ord-0000034,user-00034,home,bank_transfer,completed,2,66.700000,0.100000,120.060000,1700003060,1700003532
orders-row-0000035,ord-0000035,ord-0000035,user-00035,sports,wallet,paid,4,67.700000,0.050000,257.260000,1700003150,1700003635
orders-row-0000036,ord-0000036,ord-0000036,user-00036,electronics,card,pending,1,70.100000,0.000000,70.100000,1700003240,1700003738
orders-row-0000037,ord-0000037,ord-0000037,user-00037,books,paypal,shipped,3,71.100000,0.150000,181.300000,1700003330,1700003841
orders-row-0000038,ord-0000038,ord-0000038,user-00038,grocery,bank_transfer,refunded,5,73.000000,0.100000,328.500000,1700003420,1700003944
orders-row-0000039,ord-0000039,ord-0000039,user-00039,apparel,wallet,completed,2,74.700000,0.050000,141.930000,1700003510,1700004047
orders-row-0000040,ord-0000040,ord-0000040,user-00040,home,card,paid,4,76.500000,0.000000,306.000000,1700003600,1700004150
orders-row-0000041,ord-0000041,ord-0000041,user-00041,sports,paypal,pending,1,8.100000,0.150000,6.880000,1700003690,1700004253
orders-row-0000042,ord-0000042,ord-0000042,user-00042,electronics,bank_transfer,shipped,3,10.300000,0.100000,27.810000,1700003780,1700004356
orders-row-0000043,ord-0000043,ord-0000043,user-00043,books,wallet,refunded,5,11.300000,0.050000,53.670000,1700003870,1700004459
orders-row-0000044,ord-0000044,ord-0000044,user-00044,grocery,card,completed,2,13.000000,0.000000,26.000000,1700003960,1700004562
orders-row-0000045,ord-0000045,ord-0000045,user-00045,apparel,paypal,paid,4,14.500000,0.150000,49.300000,1700004050,1700004665
orders-row-0000046,ord-0000046,ord-0000046,user-00046,home,bank_transfer,pending,1,16.300000,0.100000,14.670000,1700004140,1700004768
orders-row-0000047,ord-0000047,ord-0000047,user-00047,sports,wallet,shipped,3,18.800000,0.050000,53.580000,1700004230,1700004871
orders-row-0000048,ord-0000048,ord-0000048,user-00048,electronics,card,refunded,5,19.600000,0.000000,98.000000,1700004320,1700004974
orders-row-0000049,ord-0000049,ord-0000049,user-00049,books,paypal,completed,2,21.700000,0.150000,36.890000,1700004410,1700005077
orders-row-0000050,ord-0000050,ord-0000050,user-00050,grocery,bank_transfer,paid,4,23.600000,0.100000,84.960000,1700004500,1700005180
orders-row-0000051,ord-0000051,ord-0000051,user-00051,apparel,wallet,pending,1,25.000000,0.050000,23.750000,1700004590,1700005283
orders-row-0000052,ord-0000052,ord-0000052,user-00052,home,card,shipped,3,26.500000,0.000000,79.500000,1700004680,1700005386
orders-row-0000053,ord-0000053,ord-0000053,user-00053,sports,paypal,refunded,5,28.900000,0.150000,122.830000,1700004770,1700005489
orders-row-0000054,ord-0000054,ord-0000054,user-00054,electronics,bank_transfer,completed,2,30.100000,0.100000,54.180000,1700004860,1700005592
orders-row-0000055,ord-0000055,ord-0000055,user-00055,books,wallet,paid,4,31.500000,0.050000,119.700000,1700004950,1700005695
orders-row-0000056,ord-0000056,ord-0000056,user-00056,grocery,card,pending,1,34.100000,0.000000,34.100000,1700005040,1700005798
orders-row-0000057,ord-0000057,ord-0000057,user-00057,apparel,paypal,shipped,3,34.900000,0.150000,88.990000,1700005130,1700005901
orders-row-0000058,ord-0000058,ord-0000058,user-00058,home,bank_transfer,refunded,5,37.100000,0.100000,166.950000,1700005220,1700006004
orders-row-0000059,ord-0000059,ord-0000059,user-00059,sports,wallet,completed,2,38.800000,0.050000,73.720000,1700005310,1700006107
orders-row-0000060,ord-0000060,ord-0000060,user-00060,electronics,card,paid,4,40.800000,0.000000,163.200000,1700005400,1700006210
orders-row-0000061,ord-0000061,ord-0000061,user-00061,books,paypal,pending,1,42.600000,0.150000,36.210000,1700005490,1700006313
orders-row-0000062,ord-0000062,ord-0000062,user-00062,grocery,bank_transfer,shipped,3,43.900000,0.100000,118.530000,1700005580,1700006416
orders-row-0000063,ord-0000063,ord-0000063,user-00063,apparel,wallet,refunded,5,45.800000,0.050000,217.550000,1700005670,1700006519
orders-row-0000064,ord-0000064,ord-0000064,user-00064,home,card,completed,2,47.000000,0.000000,94.000000,1700005760,1700006622
orders-row-0000065,ord-0000065,ord-0000065,user-00065,sports,paypal,paid,4,49.300000,0.150000,167.620000,1700005850,1700006725
orders-row-0000066,ord-0000066,ord-0000066,user-00066,electronics,bank_transfer,pending,1,50.500000,0.100000,45.450000,1700005940,1700006828
orders-row-0000067,ord-0000067,ord-0000067,user-00067,books,wallet,shipped,3,52.600000,0.050000,149.910000,1700006030,1700006931
orders-row-0000068,ord-0000068,ord-0000068,user-00068,grocery,card,refunded,5,53.800000,0.000000,269.000000,1700006120,1700007034
orders-row-0000069,ord-0000069,ord-0000069,user-00069,apparel,paypal,completed,2,55.700000,0.150000,94.690000,1700006210,1700007137
orders-row-0000070,ord-0000070,ord-0000070,user-00070,home,bank_transfer,paid,4,57.700000,0.100000,207.720000,1700006300,1700006340
orders-row-0000071,ord-0000071,ord-0000071,user-00071,sports,wallet,pending,1,59.300000,0.050000,56.330000,1700006390,1700006443
orders-row-0000072,ord-0000072,ord-0000072,user-00072,electronics,card,shipped,3,60.900000,0.000000,182.700000,1700006480,1700006546
orders-row-0000073,ord-0000073,ord-0000073,user-00073,books,paypal,refunded,5,62.300000,0.150000,264.770000,1700006570,1700006649
orders-row-0000074,ord-0000074,ord-0000074,user-00074,grocery,bank_transfer,completed,2,63.900000,0.100000,115.020000,1700006660,1700006752
orders-row-0000075,ord-0000075,ord-0000075,user-00075,apparel,wallet,paid,4,66.300000,0.050000,251.940000,1700006750,1700006855
orders-row-0000076,ord-0000076,ord-0000076,user-00076,home,card,pending,1,67.300000,0.000000,67.300000,1700006840,1700006958
orders-row-0000077,ord-0000077,ord-0000077,user-00077,sports,paypal,shipped,3,69.100000,0.150000,176.200000,1700006930,1700007061
orders-row-0000078,ord-0000078,ord-0000078,user-00078,electronics,bank_transfer,refunded,5,71.500000,0.100000,321.750000,1700007020,1700007164
orders-row-0000079,ord-0000079,ord-0000079,user-00079,books,wallet,completed,2,72.500000,0.050000,137.750000,1700007110,1700007267
orders-row-0000080,ord-0000080,ord-0000080,user-00080,grocery,card,paid,4,74.100000,0.000000,296.400000,1700007200,1700007370
orders-row-0000081,ord-0000081,ord-0000081,user-00081,apparel,paypal,pending,1,76.500000,0.150000,65.020000,1700007290,1700007473
orders-row-0000082,ord-0000082,ord-0000082,user-00082,home,bank_transfer,shipped,3,8.300000,0.100000,22.410000,1700007380,1700007576
orders-row-0000083,ord-0000083,ord-0000083,user-00083,sports,wallet,refunded,5,9.300000,0.050000,44.170000,1700007470,1700007679
orders-row-0000084,ord-0000084,ord-0000084,user-00084,electronics,card,completed,2,11.700000,0.000000,23.400000,1700007560,1700007782
orders-row-0000085,ord-0000085,ord-0000085,user-00085,books,paypal,paid,4,13.400000,0.150000,45.560000,1700007650,1700007885
orders-row-0000086,ord-0000086,ord-0000086,user-00086,grocery,bank_transfer,pending,1,14.600000,0.100000,13.140000,1700007740,1700007988
orders-row-0000087,ord-0000087,ord-0000087,user-00087,apparel,wallet,shipped,3,16.200000,0.050000,46.170000,1700007830,1700008091
orders-row-0000088,ord-0000088,ord-0000088,user-00088,home,card,refunded,5,18.100000,0.000000,90.500000,1700007920,1700008194
orders-row-0000089,ord-0000089,ord-0000089,user-00089,sports,paypal,completed,2,20.000000,0.150000,34.000000,1700008010,1700008297
orders-row-0000090,ord-0000090,ord-0000090,user-00090,electronics,bank_transfer,paid,4,21.700000,0.100000,78.120000,1700008100,1700008400
orders-row-0000091,ord-0000091,ord-0000091,user-00091,books,wallet,pending,1,23.200000,0.050000,22.040000,1700008190,1700008503
orders-row-0000092,ord-0000092,ord-0000092,user-00092,grocery,card,shipped,3,24.500000,0.000000,73.500000,1700008280,1700008606
orders-row-0000093,ord-0000093,ord-0000093,user-00093,apparel,paypal,refunded,5,26.700000,0.150000,113.470000,1700008370,1700008709
orders-row-0000094,ord-0000094,ord-0000094,user-00094,home,bank_transfer,completed,2,28.200000,0.100000,50.760000,1700008460,1700008812
orders-row-0000095,ord-0000095,ord-0000095,user-00095,sports,wallet,paid,4,30.000000,0.050000,114.000000,1700008550,1700008915
orders-row-0000096,ord-0000096,ord-0000096,user-00096,electronics,card,pending,1,31.300000,0.000000,31.300000,1700008640,1700009018
orders-row-0000097,ord-0000097,ord-0000097,user-00097,books,paypal,shipped,3,33.000000,0.150000,84.150000,1700008730,1700009121
orders-row-0000098,ord-0000098,ord-0000098,user-00098,grocery,bank_transfer,refunded,5,35.300000,0.100000,158.850000,1700008820,1700009224
orders-row-0000099,ord-0000099,ord-0000099,user-00099,apparel,wallet,completed,2,36.500000,0.050000,69.350000,1700008910,1700009327
orders-row-0000100,ord-0000100,ord-0000100,user-00100,home,card,paid,4,38.900000,0.000000,155.600000,1700009000,1700009430
orders-row-0000101,ord-0000101,ord-0000101,user-00101,sports,paypal,pending,1,40.600000,0.150000,34.510000,1700009090,1700009533
orders-row-0000102,ord-0000102,ord-0000102,user-00102,electronics,bank_transfer,shipped,3,42.000000,0.100000,113.400000,1700009180,1700009636
orders-row-0000103,ord-0000103,ord-0000103,user-00103,books,wallet,refunded,5,43.300000,0.050000,205.670000,1700009270,1700009739
orders-row-0000104,ord-0000104,ord-0000104,user-00104,grocery,card,completed,2,44.800000,0.000000,89.600000,1700009360,1700009842
orders-row-0000105,ord-0000105,ord-0000105,user-00105,apparel,paypal,paid,4,46.800000,0.150000,159.120000,1700009450,1700009945
orders-row-0000106,ord-0000106,ord-0000106,user-00106,home,bank_transfer,pending,1,48.200000,0.100000,43.380000,1700009540,1700010048
orders-row-0000107,ord-0000107,ord-0000107,user-00107,sports,wallet,shipped,3,50.300000,0.050000,143.350000,1700009630,1700010151
orders-row-0000108,ord-0000108,ord-0000108,user-00108,electronics,card,refunded,5,51.900000,0.000000,259.500000,1700009720,1700010254
orders-row-0000109,ord-0000109,ord-0000109,user-00109,books,paypal,completed,2,54.100000,0.150000,91.970000,1700009810,1700010357
orders-row-0000110,ord-0000110,ord-0000110,user-00110,grocery,bank_transfer,paid,4,55.700000,0.100000,200.520000,1700009900,1700010460
orders-row-0000111,ord-0000111,ord-0000111,user-00111,apparel,wallet,pending,1,57.400000,0.050000,54.530000,1700009990,1700010563
orders-row-0000112,ord-0000112,ord-0000112,user-00112,home,card,shipped,3,59.200000,0.000000,177.600000,1700010080,1700010666
orders-row-0000113,ord-0000113,ord-0000113,user-00113,sports,paypal,refunded,5,60.200000,0.150000,255.850000,1700010170,1700010769
orders-row-0000114,ord-0000114,ord-0000114,user-00114,electronics,bank_transfer,completed,2,62.000000,0.100000,111.600000,1700010260,1700010872
orders-row-0000115,ord-0000115,ord-0000115,user-00115,books,wallet,paid,4,64.000000,0.050000,243.200000,1700010350,1700010975
orders-row-0000116,ord-0000116,ord-0000116,user-00116,grocery,card,pending,1,66.100000,0.000000,66.100000,1700010440,1700011078
orders-row-0000117,ord-0000117,ord-0000117,user-00117,apparel,paypal,shipped,3,67.100000,0.150000,171.100000,1700010530,1700011181
orders-row-0000118,ord-0000118,ord-0000118,user-00118,home,bank_transfer,refunded,5,69.300000,0.100000,311.850000,1700010620,1700011284
orders-row-0000119,ord-0000119,ord-0000119,user-00119,sports,wallet,completed,2,71.000000,0.050000,134.900000,1700010710,1700011387
orders-row-0000120,ord-0000120,ord-0000120,user-00120,electronics,card,paid,4,72.600000,0.000000,290.400000,1700010800,1700011490
orders-row-0000121,ord-0000121,ord-0000121,user-00121,books,paypal,pending,1,74.500000,0.150000,63.320000,1700010890,1700011593
orders-row-0000122,ord-0000122,ord-0000122,user-00122,grocery,bank_transfer,shipped,3,76.100000,0.100000,205.470000,1700010980,1700011696
orders-row-0000123,ord-0000123,ord-0000123,user-00123,apparel,wallet,refunded,5,77.100000,0.050000,366.220000,1700011070,1700011799
orders-row-0000124,ord-0000124,ord-0000124,user-00124,home,card,completed,2,8.800000,0.000000,17.600000,1700011160,1700011902
orders-row-0000125,ord-0000125,ord-0000125,user-00125,sports,paypal,paid,4,11.000000,0.150000,37.400000,1700011250,1700012005
orders-row-0000126,ord-0000126,ord-0000126,user-00126,electronics,bank_transfer,pending,1,12.600000,0.100000,11.340000,1700011340,1700012108
orders-row-0000127,ord-0000127,ord-0000127,user-00127,books,wallet,shipped,3,14.100000,0.050000,40.180000,1700011430,1700012211
orders-row-0000128,ord-0000128,ord-0000128,user-00128,grocery,card,refunded,5,16.500000,0.000000,82.500000,1700011520,1700012314
orders-row-0000129,ord-0000129,ord-0000129,user-00129,apparel,paypal,completed,2,18.100000,0.150000,30.770000,1700011610,1700012417
orders-row-0000130,ord-0000130,ord-0000130,user-00130,home,bank_transfer,paid,4,19.200000,0.100000,69.120000,1700011700,1700012520
orders-row-0000131,ord-0000131,ord-0000131,user-00131,sports,wallet,pending,1,20.900000,0.050000,19.850000,1700011790,1700012623
orders-row-0000132,ord-0000132,ord-0000132,user-00132,electronics,card,shipped,3,22.700000,0.000000,68.100000,1700011880,1700012726
orders-row-0000133,ord-0000133,ord-0000133,user-00133,books,paypal,refunded,5,24.400000,0.150000,103.700000,1700011970,1700012829
orders-row-0000134,ord-0000134,ord-0000134,user-00134,grocery,bank_transfer,completed,2,26.200000,0.100000,47.160000,1700012060,1700012932
orders-row-0000135,ord-0000135,ord-0000135,user-00135,apparel,wallet,paid,4,28.300000,0.050000,107.540000,1700012150,1700013035
orders-row-0000136,ord-0000136,ord-0000136,user-00136,home,card,pending,1,29.800000,0.000000,29.800000,1700012240,1700013138
orders-row-0000137,ord-0000137,ord-0000137,user-00137,sports,paypal,shipped,3,31.500000,0.150000,80.330000,1700012330,1700013241
orders-row-0000138,ord-0000138,ord-0000138,user-00138,electronics,bank_transfer,refunded,5,33.000000,0.100000,148.500000,1700012420,1700013344
orders-row-0000139,ord-0000139,ord-0000139,user-00139,books,wallet,completed,2,34.800000,0.050000,66.120000,1700012510,1700012547
orders-row-0000140,ord-0000140,ord-0000140,user-00140,grocery,card,paid,4,36.100000,0.000000,144.400000,1700012600,1700012650
orders-row-0000141,ord-0000141,ord-0000141,user-00141,apparel,paypal,pending,1,37.900000,0.150000,32.210000,1700012690,1700012753
orders-row-0000142,ord-0000142,ord-0000142,user-00142,home,bank_transfer,shipped,3,39.800000,0.100000,107.460000,1700012780,1700012856
orders-row-0000143,ord-0000143,ord-0000143,user-00143,sports,wallet,refunded,5,41.700000,0.050000,198.070000,1700012870,1700012959
orders-row-0000144,ord-0000144,ord-0000144,user-00144,electronics,card,completed,2,43.500000,0.000000,87.000000,1700012960,1700013062
orders-row-0000145,ord-0000145,ord-0000145,user-00145,books,paypal,paid,4,45.100000,0.150000,153.340000,1700013050,1700013165
orders-row-0000146,ord-0000146,ord-0000146,user-00146,grocery,bank_transfer,pending,1,46.800000,0.100000,42.120000,1700013140,1700013268
orders-row-0000147,ord-0000147,ord-0000147,user-00147,apparel,wallet,shipped,3,48.400000,0.050000,137.940000,1700013230,1700013371
orders-row-0000148,ord-0000148,ord-0000148,user-00148,home,card,refunded,5,50.300000,0.000000,251.500000,1700013320,1700013474
orders-row-0000149,ord-0000149,ord-0000149,user-00149,sports,paypal,completed,2,52.200000,0.150000,88.740000,1700013410,1700013577
orders-row-0000150,ord-0000150,ord-0000150,user-00150,electronics,bank_transfer,paid,4,53.000000,0.100000,190.800000,1700013500,1700013680
orders-row-0000151,ord-0000151,ord-0000151,user-00151,books,wallet,pending,1,55.400000,0.050000,52.630000,1700013590,1700013783
orders-row-0000152,ord-0000152,ord-0000152,user-00152,grocery,card,shipped,3,57.000000,0.000000,171.000000,1700013680,1700013886
orders-row-0000153,ord-0000153,ord-0000153,user-00153,apparel,paypal,refunded,5,58.900000,0.150000,250.320000,1700013770,1700013989
orders-row-0000154,ord-0000154,ord-0000154,user-00154,home,bank_transfer,completed,2,60.700000,0.100000,109.260000,1700013860,1700014092
orders-row-0000155,ord-0000155,ord-0000155,user-00155,sports,wallet,paid,4,61.700000,0.050000,234.460000,1700013950,1700014195
orders-row-0000156,ord-0000156,ord-0000156,user-00156,electronics,card,pending,1,63.600000,0.000000,63.600000,1700014040,1700014298
orders-row-0000157,ord-0000157,ord-0000157,user-00157,books,paypal,shipped,3,65.000000,0.150000,165.750000,1700014130,1700014401
orders-row-0000158,ord-0000158,ord-0000158,user-00158,grocery,bank_transfer,refunded,5,67.000000,0.100000,301.500000,1700014220,1700014504
orders-row-0000159,ord-0000159,ord-0000159,user-00159,apparel,wallet,completed,2,68.300000,0.050000,129.770000,1700014310,1700014607
orders-row-0000160,ord-0000160,ord-0000160,user-00160,home,card,paid,4,70.400000,0.000000,281.600000,1700014400,1700014710
orders-row-0000161,ord-0000161,ord-0000161,user-00161,sports,paypal,pending,1,72.600000,0.150000,61.710000,1700014490,1700014813
orders-row-0000162,ord-0000162,ord-0000162,user-00162,electronics,bank_transfer,shipped,3,73.700000,0.100000,198.990000,1700014580,1700014916
orders-row-0000163,ord-0000163,ord-0000163,user-00163,books,wallet,refunded,5,75.800000,0.050000,360.050000,1700014670,1700015019
orders-row-0000164,ord-0000164,ord-0000164,user-00164,grocery,card,completed,2,77.400000,0.000000,154.800000,1700014760,1700015122
orders-row-0000165,ord-0000165,ord-0000165,user-00165,apparel,paypal,paid,4,9.200000,0.150000,31.280000,1700014850,1700015225
orders-row-0000166,ord-0000166,ord-0000166,user-00166,home,bank_transfer,pending,1,10.600000,0.100000,9.540000,1700014940,1700015328
orders-row-0000167,ord-0000167,ord-0000167,user-00167,sports,wallet,shipped,3,12.000000,0.050000,34.200000,1700015030,1700015431
orders-row-0000168,ord-0000168,ord-0000168,user-00168,electronics,card,refunded,5,14.000000,0.000000,70.000000,1700015120,1700015534
orders-row-0000169,ord-0000169,ord-0000169,user-00169,books,paypal,completed,2,15.500000,0.150000,26.350000,1700015210,1700015637
orders-row-0000170,ord-0000170,ord-0000170,user-00170,grocery,bank_transfer,paid,4,17.700000,0.100000,63.720000,1700015300,1700015740
orders-row-0000171,ord-0000171,ord-0000171,user-00171,apparel,wallet,pending,1,19.200000,0.050000,18.240000,1700015390,1700015843
orders-row-0000172,ord-0000172,ord-0000172,user-00172,home,card,shipped,3,20.400000,0.000000,61.200000,1700015480,1700015946
orders-row-0000173,ord-0000173,ord-0000173,user-00173,sports,paypal,refunded,5,22.300000,0.150000,94.770000,1700015570,1700016049
orders-row-0000174,ord-0000174,ord-0000174,user-00174,electronics,bank_transfer,completed,2,24.700000,0.100000,44.460000,1700015660,1700016152
orders-row-0000175,ord-0000175,ord-0000175,user-00175,books,wallet,paid,4,26.300000,0.050000,99.940000,1700015750,1700016255
orders-row-0000176,ord-0000176,ord-0000176,user-00176,grocery,card,pending,1,27.400000,0.000000,27.400000,1700015840,1700016358
orders-row-0000177,ord-0000177,ord-0000177,user-00177,apparel,paypal,shipped,3,29.700000,0.150000,75.730000,1700015930,1700016461
orders-row-0000178,ord-0000178,ord-0000178,user-00178,home,bank_transfer,refunded,5,30.700000,0.100000,138.150000,1700016020,1700016564
orders-row-0000179,ord-0000179,ord-0000179,user-00179,sports,wallet,completed,2,32.400000,0.050000,61.560000,1700016110,1700016667
orders-row-0000180,ord-0000180,ord-0000180,user-00180,electronics,card,paid,4,34.900000,0.000000,139.600000,1700016200,1700016770
orders-row-0000181,ord-0000181,ord-0000181,user-00181,books,paypal,pending,1,35.800000,0.150000,30.430000,1700016290,1700016873
orders-row-0000182,ord-0000182,ord-0000182,user-00182,grocery,bank_transfer,shipped,3,38.000000,0.100000,102.600000,1700016380,1700016976
orders-row-0000183,ord-0000183,ord-0000183,user-00183,apparel,wallet,refunded,5,39.100000,0.050000,185.720000,1700016470,1700017079
orders-row-0000184,ord-0000184,ord-0000184,user-00184,home,card,completed,2,41.200000,0.000000,82.400000,1700016560,1700017182
orders-row-0000185,ord-0000185,ord-0000185,user-00185,sports,paypal,paid,4,43.300000,0.150000,147.220000,1700016650,1700017285
orders-row-0000186,ord-0000186,ord-0000186,user-00186,electronics,bank_transfer,pending,1,44.900000,0.100000,40.410000,1700016740,1700017388
orders-row-0000187,ord-0000187,ord-0000187,user-00187,books,wallet,shipped,3,46.600000,0.050000,132.810000,1700016830,1700017491
orders-row-0000188,ord-0000188,ord-0000188,user-00188,grocery,card,refunded,5,48.000000,0.000000,240.000000,1700016920,1700017594
orders-row-0000189,ord-0000189,ord-0000189,user-00189,apparel,paypal,completed,2,49.400000,0.150000,83.980000,1700017010,1700017697
orders-row-0000190,ord-0000190,ord-0000190,user-00190,home,bank_transfer,paid,4,51.700000,0.100000,186.120000,1700017100,1700017800
orders-row-0000191,ord-0000191,ord-0000191,user-00191,sports,wallet,pending,1,53.000000,0.050000,50.350000,1700017190,1700017903
orders-row-0000192,ord-0000192,ord-0000192,user-00192,electronics,card,shipped,3,54.500000,0.000000,163.500000,1700017280,1700018006
orders-row-0000193,ord-0000193,ord-0000193,user-00193,books,paypal,refunded,5,56.900000,0.150000,241.820000,1700017370,1700018109
orders-row-0000194,ord-0000194,ord-0000194,user-00194,grocery,bank_transfer,completed,2,57.800000,0.100000,104.040000,1700017460,1700018212
orders-row-0000195,ord-0000195,ord-0000195,user-00195,apparel,wallet,paid,4,59.800000,0.050000,227.240000,1700017550,1700018315
orders-row-0000196,ord-0000196,ord-0000196,user-00196,home,card,pending,1,61.600000,0.000000,61.600000,1700017640,1700018418
orders-row-0000197,ord-0000197,ord-0000197,user-00197,sports,paypal,shipped,3,63.300000,0.150000,161.410000,1700017730,1700018521
orders-row-0000198,ord-0000198,ord-0000198,user-00198,electronics,bank_transfer,refunded,5,65.200000,0.100000,293.400000,1700017820,1700018624
orders-row-0000199,ord-0000199,ord-0000199,user-00199,books,wallet,completed,2,66.600000,0.050000,126.540000,1700017910,1700018727
orders-row-0000200,ord-0000200,ord-0000200,user-00200,grocery,card,paid,4,68.100000,0.000000,272.400000,1700018000,1700018830
orders-row-0000201,ord-0000201,ord-0000201,user-00201,apparel,paypal,pending,1,70.500000,0.150000,59.920000,1700018090,1700018933
orders-row-0000202,ord-0000202,ord-0000202,user-00202,home,bank_transfer,shipped,3,72.200000,0.100000,194.940000,1700018180,1700019036
orders-row-0000203,ord-0000203,ord-0000203,user-00203,sports,wallet,refunded,5,73.700000,0.050000,350.070000,1700018270,1700019139
orders-row-0000204,ord-0000204,ord-0000204,user-00204,electronics,card,completed,2,75.000000,0.000000,150.000000,1700018360,1700019242
orders-row-0000205,ord-0000205,ord-0000205,user-00205,books,paypal,paid,4,77.000000,0.150000,261.800000,1700018450,1700019345
orders-row-0000206,ord-0000206,ord-0000206,user-00206,grocery,bank_transfer,pending,1,8.600000,0.100000,7.740000,1700018540,1700019448
orders-row-0000207,ord-0000207,ord-0000207,user-00207,apparel,wallet,shipped,3,10.400000,0.050000,29.640000,1700018630,1700019551
orders-row-0000208,ord-0000208,ord-0000208,user-00208,home,card,refunded,5,12.100000,0.000000,60.500000,1700018720,1700018754
orders-row-0000209,ord-0000209,ord-0000209,user-00209,sports,paypal,completed,2,14.200000,0.150000,24.140000,1700018810,1700018857
orders-row-0000210,ord-0000210,ord-0000210,user-00210,electronics,bank_transfer,paid,4,15.300000,0.100000,55.080000,1700018900,1700018960
orders-row-0000211,ord-0000211,ord-0000211,user-00211,books,wallet,pending,1,16.900000,0.050000,16.050000,1700018990,1700019063
orders-row-0000212,ord-0000212,ord-0000212,user-00212,grocery,card,shipped,3,18.400000,0.000000,55.200000,1700019080,1700019166
orders-row-0000213,ord-0000213,ord-0000213,user-00213,apparel,paypal,refunded,5,20.300000,0.150000,86.270000,1700019170,1700019269
orders-row-0000214,ord-0000214,ord-0000214,user-00214,home,bank_transfer,completed,2,22.500000,0.100000,40.500000,1700019260,1700019372
orders-row-0000215,ord-0000215,ord-0000215,user-00215,sports,wallet,paid,4,23.700000,0.050000,90.060000,1700019350,1700019475
orders-row-0000216,ord-0000216,ord-0000216,user-00216,electronics,card,pending,1,25.300000,0.000000,25.300000,1700019440,1700019578
orders-row-0000217,ord-0000217,ord-0000217,user-00217,books,paypal,shipped,3,27.200000,0.150000,69.360000,1700019530,1700019681
orders-row-0000218,ord-0000218,ord-0000218,user-00218,grocery,bank_transfer,refunded,5,28.700000,0.100000,129.150000,1700019620,1700019784
orders-row-0000219,ord-0000219,ord-0000219,user-00219,apparel,wallet,completed,2,30.600000,0.050000,58.140000,1700019710,1700019887
orders-row-0000220,ord-0000220,ord-0000220,user-00220,home,card,paid,4,32.200000,0.000000,128.800000,1700019800,1700019990
orders-row-0000221,ord-0000221,ord-0000221,user-00221,sports,paypal,pending,1,34.500000,0.150000,29.320000,1700019890,1700020093
orders-row-0000222,ord-0000222,ord-0000222,user-00222,electronics,bank_transfer,shipped,3,35.700000,0.100000,96.390000,1700019980,1700020196
orders-row-0000223,ord-0000223,ord-0000223,user-00223,books,wallet,refunded,5,38.000000,0.050000,180.500000,1700020070,1700020299
orders-row-0000224,ord-0000224,ord-0000224,user-00224,grocery,card,completed,2,39.500000,0.000000,79.000000,1700020160,1700020402
orders-row-0000225,ord-0000225,ord-0000225,user-00225,apparel,paypal,paid,4,41.300000,0.150000,140.420000,1700020250,1700020505
orders-row-0000226,ord-0000226,ord-0000226,user-00226,home,bank_transfer,pending,1,42.400000,0.100000,38.160000,1700020340,1700020608
orders-row-0000227,ord-0000227,ord-0000227,user-00227,sports,wallet,shipped,3,44.100000,0.050000,125.690000,1700020430,1700020711
orders-row-0000228,ord-0000228,ord-0000228,user-00228,electronics,card,refunded,5,46.500000,0.000000,232.500000,1700020520,1700020814
orders-row-0000229,ord-0000229,ord-0000229,user-00229,books,paypal,completed,2,48.000000,0.150000,81.600000,1700020610,1700020917
orders-row-0000230,ord-0000230,ord-0000230,user-00230,grocery,bank_transfer,paid,4,49.900000,0.100000,179.640000,1700020700,1700021020
orders-row-0000231,ord-0000231,ord-0000231,user-00231,apparel,wallet,pending,1,51.500000,0.050000,48.920000,1700020790,1700021123
orders-row-0000232,ord-0000232,ord-0000232,user-00232,home,card,shipped,3,52.800000,0.000000,158.400000,1700020880,1700021226
orders-row-0000233,ord-0000233,ord-0000233,user-00233,sports,paypal,refunded,5,54.400000,0.150000,231.200000,1700020970,1700021329
orders-row-0000234,ord-0000234,ord-0000234,user-00234,electronics,bank_transfer,completed,2,56.700000,0.100000,102.060000,1700021060,1700021432
orders-row-0000235,ord-0000235,ord-0000235,user-00235,books,wallet,paid,4,58.200000,0.050000,221.160000,1700021150,1700021535
orders-row-0000236,ord-0000236,ord-0000236,user-00236,grocery,card,pending,1,59.600000,0.000000,59.600000,1700021240,1700021638
orders-row-0000237,ord-0000237,ord-0000237,user-00237,apparel,paypal,shipped,3,61.200000,0.150000,156.060000,1700021330,1700021741
orders-row-0000238,ord-0000238,ord-0000238,user-00238,home,bank_transfer,refunded,5,63.000000,0.100000,283.500000,1700021420,1700021844
orders-row-0000239,ord-0000239,ord-0000239,user-00239,sports,wallet,completed,2,65.000000,0.050000,123.500000,1700021510,1700021947
orders-row-0000240,ord-0000240,ord-0000240,user-00240,electronics,card,paid,4,66.100000,0.000000,264.400000,1700021600,1700022050
orders-row-0000241,ord-0000241,ord-0000241,user-00241,books,paypal,pending,1,68.500000,0.150000,58.230000,1700021690,1700022153
orders-row-0000242,ord-0000242,ord-0000242,user-00242,grocery,bank_transfer,shipped,3,70.000000,0.100000,189.000000,1700021780,1700022256
orders-row-0000243,ord-0000243,ord-0000243,user-00243,apparel,wallet,refunded,5,72.000000,0.050000,342.000000,1700021870,1700022359
orders-row-0000244,ord-0000244,ord-0000244,user-00244,home,card,completed,2,73.300000,0.000000,146.600000,1700021960,1700022462
orders-row-0000245,ord-0000245,ord-0000245,user-00245,sports,paypal,paid,4,75.100000,0.150000,255.340000,1700022050,1700022565
orders-row-0000246,ord-0000246,ord-0000246,user-00246,electronics,bank_transfer,pending,1,76.400000,0.100000,68.760000,1700022140,1700022668
orders-row-0000247,ord-0000247,ord-0000247,user-00247,books,wallet,shipped,3,8.300000,0.050000,23.660000,1700022230,1700022771
orders-row-0000248,ord-0000248,ord-0000248,user-00248,grocery,card,refunded,5,10.000000,0.000000,50.000000,1700022320,1700022874
orders-row-0000249,ord-0000249,ord-0000249,user-00249,apparel,paypal,completed,2,11.700000,0.150000,19.890000,1700022410,1700022977
orders-row-0000250,ord-0000250,ord-0000250,user-00000,home,bank_transfer,paid,4,13.800000,0.100000,49.680000,1700022500,1700023080
orders-row-0000251,ord-0000251,ord-0000251,user-00001,sports,wallet,pending,1,14.900000,0.050000,14.150000,1700022590,1700023183
orders-row-0000252,ord-0000252,ord-0000252,user-00002,electronics,card,shipped,3,16.900000,0.000000,50.700000,1700022680,1700023286
orders-row-0000253,ord-0000253,ord-0000253,user-00003,books,paypal,refunded,5,19.000000,0.150000,80.750000,1700022770,1700023389
orders-row-0000254,ord-0000254,ord-0000254,user-00004,grocery,bank_transfer,completed,2,20.000000,0.100000,36.000000,1700022860,1700023492
orders-row-0000255,ord-0000255,ord-0000255,user-00005,apparel,wallet,paid,4,22.200000,0.050000,84.360000,1700022950,1700023595
orders-row-0000256,ord-0000256,ord-0000256,user-00006,home,card,pending,1,23.300000,0.000000,23.300000,1700023040,1700023698
orders-row-0000257,ord-0000257,ord-0000257,user-00007,sports,paypal,shipped,3,25.400000,0.150000,64.770000,1700023130,1700023801
orders-row-0000258,ord-0000258,ord-0000258,user-00008,electronics,bank_transfer,refunded,5,27.400000,0.100000,123.300000,1700023220,1700023904
orders-row-0000259,ord-0000259,ord-0000259,user-00009,books,wallet,completed,2,29.200000,0.050000,55.480000,1700023310,1700024007
orders-row-0000260,ord-0000260,ord-0000260,user-00010,grocery,card,paid,4,30.000000,0.000000,120.000000,1700023400,1700024110
orders-row-0000261,ord-0000261,ord-0000261,user-00011,apparel,paypal,pending,1,32.600000,0.150000,27.710000,1700023490,1700024213
orders-row-0000262,ord-0000262,ord-0000262,user-00012,home,bank_transfer,shipped,3,33.600000,0.100000,90.720000,1700023580,1700024316
orders-row-0000263,ord-0000263,ord-0000263,user-00013,sports,wallet,refunded,5,35.200000,0.050000,167.200000,1700023670,1700024419
orders-row-0000264,ord-0000264,ord-0000264,user-00014,electronics,card,completed,2,37.300000,0.000000,74.600000,1700023760,1700024522
orders-row-0000265,ord-0000265,ord-0000265,user-00015,books,paypal,paid,4,39.100000,0.150000,132.940000,1700023850,1700024625
orders-row-0000266,ord-0000266,ord-0000266,user-00016,grocery,bank_transfer,pending,1,40.400000,0.100000,36.360000,1700023940,1700024728
orders-row-0000267,ord-0000267,ord-0000267,user-00017,apparel,wallet,shipped,3,42.000000,0.050000,119.700000,1700024030,1700024831
orders-row-0000268,ord-0000268,ord-0000268,user-00018,home,card,refunded,5,44.300000,0.000000,221.500000,1700024120,1700024934
orders-row-0000269,ord-0000269,ord-0000269,user-00019,sports,paypal,completed,2,45.900000,0.150000,78.030000,1700024210,1700025037
orders-row-0000270,ord-0000270,ord-0000270,user-00020,electronics,bank_transfer,paid,4,47.400000,0.100000,170.640000,1700024300,1700025140
orders-row-0000271,ord-0000271,ord-0000271,user-00021,books,wallet,pending,1,48.900000,0.050000,46.450000,1700024390,1700025243
orders-row-0000272,ord-0000272,ord-0000272,user-00022,grocery,card,shipped,3,51.300000,0.000000,153.900000,1700024480,1700025346
orders-row-0000273,ord-0000273,ord-0000273,user-00023,apparel,paypal,refunded,5,52.600000,0.150000,223.550000,1700024570,1700025449
orders-row-0000274,ord-0000274,ord-0000274,user-00024,home,bank_transfer,completed,2,54.500000,0.100000,98.100000,1700024660,1700025552
orders-row-0000275,ord-0000275,ord-0000275,user-00025,sports,wallet,paid,4,55.500000,0.050000,210.900000,1700024750,1700025655
orders-row-0000276,ord-0000276,ord-0000276,user-00026,electronics,card,pending,1,57.900000,0.000000,57.900000,1700024840,1700025758
orders-row-0000277,ord-0000277,ord-0000277,user-00027,books,paypal,shipped,3,59.300000,0.150000,151.210000,1700024930,1700024961
orders-row-0000278,ord-0000278,ord-0000278,user-00028,grocery,bank_transfer,refunded,5,61.100000,0.100000,274.950000,1700025020,1700025064
orders-row-0000279,ord-0000279,ord-0000279,user-00029,apparel,wallet,completed,2,62.800000,0.050000,119.320000,1700025110,1700025167
orders-row-0000280,ord-0000280,ord-0000280,user-00030,home,card,paid,4,64.900000,0.000000,259.600000,1700025200,1700025270
orders-row-0000281,ord-0000281,ord-0000281,user-00031,sports,paypal,pending,1,66.200000,0.150000,56.270000,1700025290,1700025373
orders-row-0000282,ord-0000282,ord-0000282,user-00032,electronics,bank_transfer,shipped,3,67.800000,0.100000,183.060000,1700025380,1700025476
orders-row-0000283,ord-0000283,ord-0000283,user-00033,books,wallet,refunded,5,69.400000,0.050000,329.650000,1700025470,1700025579
orders-row-0000284,ord-0000284,ord-0000284,user-00034,grocery,card,completed,2,71.100000,0.000000,142.200000,1700025560,1700025682
orders-row-0000285,ord-0000285,ord-0000285,user-00035,apparel,paypal,paid,4,73.000000,0.150000,248.200000,1700025650,1700025785
orders-row-0000286,ord-0000286,ord-0000286,user-00036,home,bank_transfer,pending,1,74.800000,0.100000,67.320000,1700025740,1700025888
orders-row-0000287,ord-0000287,ord-0000287,user-00037,sports,wallet,shipped,3,76.600000,0.050000,218.310000,1700025830,1700025991
orders-row-0000288,ord-0000288,ord-0000288,user-00038,electronics,card,refunded,5,8.300000,0.000000,41.500000,1700025920,1700026094
orders-row-0000289,ord-0000289,ord-0000289,user-00039,books,paypal,completed,2,10.100000,0.150000,17.170000,1700026010,1700026197
orders-row-0000290,ord-0000290,ord-0000290,user-00040,grocery,bank_transfer,paid,4,11.100000,0.100000,39.960000,1700026100,1700026300
orders-row-0000291,ord-0000291,ord-0000291,user-00041,apparel,wallet,pending,1,13.500000,0.050000,12.820000,1700026190,1700026403
orders-row-0000292,ord-0000292,ord-0000292,user-00042,home,card,shipped,3,14.500000,0.000000,43.500000,1700026280,1700026506
orders-row-0000293,ord-0000293,ord-0000293,user-00043,sports,paypal,refunded,5,16.900000,0.150000,71.830000,1700026370,1700026609
orders-row-0000294,ord-0000294,ord-0000294,user-00044,electronics,bank_transfer,completed,2,18.300000,0.100000,32.940000,1700026460,1700026712
orders-row-0000295,ord-0000295,ord-0000295,user-00045,books,wallet,paid,4,19.900000,0.050000,75.620000,1700026550,1700026815
orders-row-0000296,ord-0000296,ord-0000296,user-00046,grocery,card,pending,1,21.200000,0.000000,21.200000,1700026640,1700026918
orders-row-0000297,ord-0000297,ord-0000297,user-00047,apparel,paypal,shipped,3,22.900000,0.150000,58.390000,1700026730,1700027021
orders-row-0000298,ord-0000298,ord-0000298,user-00048,home,bank_transfer,refunded,5,24.800000,0.100000,111.600000,1700026820,1700027124
orders-row-0000299,ord-0000299,ord-0000299,user-00049,sports,wallet,completed,2,26.400000,0.050000,50.160000,1700026910,1700027227
orders-row-0000300,ord-0000300,ord-0000300,user-00050,electronics,card,paid,4,28.400000,0.000000,113.600000,1700027000,1700027330
orders-row-0000301,ord-0000301,ord-0000301,user-00051,books,paypal,pending,1,29.800000,0.150000,25.330000,1700027090,1700027433
orders-row-0000302,ord-0000302,ord-0000302,user-00052,grocery,bank_transfer,shipped,3,32.300000,0.100000,87.210000,1700027180,1700027536
orders-row-0000303,ord-0000303,ord-0000303,user-00053,apparel,wallet,refunded,5,33.900000,0.050000,161.030000,1700027270,1700027639
orders-row-0000304,ord-0000304,ord-0000304,user-00054,home,card,completed,2,35.500000,0.000000,71.000000,1700027360,1700027742
orders-row-0000305,ord-0000305,ord-0000305,user-00055,sports,paypal,paid,4,36.600000,0.150000,124.440000,1700027450,1700027845
orders-row-0000306,ord-0000306,ord-0000306,user-00056,electronics,bank_transfer,pending,1,39.000000,0.100000,35.100000,1700027540,1700027948
orders-row-0000307,ord-0000307,ord-0000307,user-00057,books,wallet,shipped,3,39.900000,0.050000,113.710000,1700027630,1700028051
orders-row-0000308,ord-0000308,ord-0000308,user-00058,grocery,card,refunded,5,42.000000,0.000000,210.000000,1700027720,1700028154
orders-row-0000309,ord-0000309,ord-0000309,user-00059,apparel,paypal,completed,2,43.700000,0.150000,74.290000,1700027810,1700028257
orders-row-0000310,ord-0000310,ord-0000310,user-00060,home,bank_transfer,paid,4,45.400000,0.100000,163.440000,1700027900,1700028360
orders-row-0000311,ord-0000311,ord-0000311,user-00061,sports,wallet,pending,1,47.200000,0.050000,44.840000,1700027990,1700028463
orders-row-0000312,ord-0000312,ord-0000312,user-00062,electronics,card,shipped,3,49.000000,0.000000,147.000000,1700028080,1700028566
orders-row-0000313,ord-0000313,ord-0000313,user-00063,books,paypal,refunded,5,50.100000,0.150000,212.920000,1700028170,1700028669
orders-row-0000314,ord-0000314,ord-0000314,user-00064,grocery,bank_transfer,completed,2,52.200000,0.100000,93.960000,1700028260,1700028772
orders-row-0000315,ord-0000315,ord-0000315,user-00065,apparel,wallet,paid,4,54.200000,0.050000,205.960000,1700028350,1700028875
orders-row-0000316,ord-0000316,ord-0000316,user-00066,home,card,pending,1,55.300000,0.000000,55.300000,1700028440,1700028978
orders-row-0000317,ord-0000317,ord-0000317,user-00067,sports,paypal,shipped,3,56.900000,0.150000,145.090000,1700028530,1700029081
orders-row-0000318,ord-0000318,ord-0000318,user-00068,electronics,bank_transfer,refunded,5,58.900000,0.100000,265.050000,1700028620,1700029184
orders-row-0000319,ord-0000319,ord-0000319,user-00069,books,wallet,completed,2,60.600000,0.050000,115.140000,1700028710,1700029287
orders-row-0000320,ord-0000320,ord-0000320,user-00070,grocery,card,paid,4,62.200000,0.000000,248.800000,1700028800,1700029390
orders-row-0000321,ord-0000321,ord-0000321,user-00071,apparel,paypal,pending,1,63.700000,0.150000,54.150000,1700028890,1700029493
orders-row-0000322,ord-0000322,ord-0000322,user-00072,home,bank_transfer,shipped,3,66.000000,0.100000,178.200000,1700028980,1700029596
orders-row-0000323,ord-0000323,ord-0000323,user-00073,sports,wallet,refunded,5,67.800000,0.050000,322.050000,1700029070,1700029699
orders-row-0000324,ord-0000324,ord-0000324,user-00074,electronics,card,completed,2,69.700000,0.000000,139.400000,1700029160,1700029802
orders-row-0000325,ord-0000325,ord-0000325,user-00075,books,paypal,paid,4,71.400000,0.150000,242.760000,1700029250,1700029905
orders-row-0000326,ord-0000326,ord-0000326,user-00076,grocery,bank_transfer,pending,1,73.100000,0.100000,65.790000,1700029340,1700030008
orders-row-0000327,ord-0000327,ord-0000327,user-00077,apparel,wallet,shipped,3,74.600000,0.050000,212.610000,1700029430,1700030111
orders-row-0000328,ord-0000328,ord-0000328,user-00078,home,card,refunded,5,76.200000,0.000000,381.000000,1700029520,1700030214
orders-row-0000329,ord-0000329,ord-0000329,user-00079,sports,paypal,completed,2,77.300000,0.150000,131.410000,1700029610,1700030317
orders-row-0000330,ord-0000330,ord-0000330,user-00080,electronics,bank_transfer,paid,4,9.000000,0.100000,32.400000,1700029700,1700030420
orders-row-0000331,ord-0000331,ord-0000331,user-00081,books,wallet,pending,1,11.400000,0.050000,10.830000,1700029790,1700030523
orders-row-0000332,ord-0000332,ord-0000332,user-00082,grocery,card,shipped,3,12.800000,0.000000,38.400000,1700029880,1700030626
orders-row-0000333,ord-0000333,ord-0000333,user-00083,apparel,paypal,refunded,5,14.600000,0.150000,62.050000,1700029970,1700030729
orders-row-0000334,ord-0000334,ord-0000334,user-00084,home,bank_transfer,completed,2,16.700000,0.100000,30.060000,1700030060,1700030832
orders-row-0000335,ord-0000335,ord-0000335,user-00085,sports,wallet,paid,4,17.800000,0.050000,67.640000,1700030150,1700030935
orders-row-0000336,ord-0000336,ord-0000336,user-00086,electronics,card,pending,1,19.900000,0.000000,19.900000,1700030240,1700031038
orders-row-0000337,ord-0000337,ord-0000337,user-00087,books,paypal,shipped,3,21.000000,0.150000,53.550000,1700030330,1700031141
orders-row-0000338,ord-0000338,ord-0000338,user-00088,grocery,bank_transfer,refunded,5,23.400000,0.100000,105.300000,1700030420,1700031244
orders-row-0000339,ord-0000339,ord-0000339,user-00089,apparel,wallet,completed,2,24.700000,0.050000,46.930000,1700030510,1700031347
orders-row-0000340,ord-0000340,ord-0000340,user-00090,home,card,paid,4,26.100000,0.000000,104.400000,1700030600,1700031450
orders-row-0000341,ord-0000341,ord-0000341,user-00091,sports,paypal,pending,1,28.100000,0.150000,23.890000,1700030690,1700031553
orders-row-0000342,ord-0000342,ord-0000342,user-00092,electronics,bank_transfer,shipped,3,29.400000,0.100000,79.380000,1700030780,1700031656
orders-row-0000343,ord-0000343,ord-0000343,user-00093,books,wallet,refunded,5,31.600000,0.050000,150.100000,1700030870,1700031759
orders-row-0000344,ord-0000344,ord-0000344,user-00094,grocery,card,completed,2,33.100000,0.000000,66.200000,1700030960,1700031862
orders-row-0000345,ord-0000345,ord-0000345,user-00095,apparel,paypal,paid,4,35.400000,0.150000,120.360000,1700031050,1700031965
orders-row-0000346,ord-0000346,ord-0000346,user-00096,home,bank_transfer,pending,1,36.600000,0.100000,32.940000,1700031140,1700032068
orders-row-0000347,ord-0000347,ord-0000347,user-00097,sports,wallet,shipped,3,38.200000,0.050000,108.870000,1700031230,1700031271
orders-row-0000348,ord-0000348,ord-0000348,user-00098,electronics,card,refunded,5,39.600000,0.000000,198.000000,1700031320,1700031374
orders-row-0000349,ord-0000349,ord-0000349,user-00099,books,paypal,completed,2,42.000000,0.150000,71.400000,1700031410,1700031477
orders-row-0000350,ord-0000350,ord-0000350,user-00100,grocery,bank_transfer,paid,4,43.000000,0.100000,154.800000,1700031500,1700031580
orders-row-0000351,ord-0000351,ord-0000351,user-00101,apparel,wallet,pending,1,44.700000,0.050000,42.470000,1700031590,1700031470
orders-row-0000352,ord-0000352,ord-0000352,user-00102,home,card,shipped,3,47.300000,0.000000,141.900000,1700031680,1700031786
orders-row-0000353,ord-0000353,ord-0000353,user-00103,sports,paypal,refunded,5,48.600000,0.150000,206.550000,1700031770,1700031889
orders-row-0000354,ord-0000354,ord-0000354,user-00104,electronics,bank_transfer,completed,2,50.200000,0.100000,90.360000,1700031860,1700031992
orders-row-0000355,ord-0000355,ord-0000355,user-00105,books,wallet,paid,4,51.500000,0.050000,195.700000,1700031950,1700032095
orders-row-0000356,ord-0000356,ord-0000356,user-00106,grocery,card,pending,1,53.600000,0.000000,53.600000,1700032040,1700032198
orders-row-0000357,ord-0000357,ord-0000357,user-00107,apparel,paypal,shipped,3,55.200000,0.150000,140.760000,1700032130,1700032301
orders-row-0000358,ord-0000358,ord-0000358,user-00108,home,bank_transfer,refunded,5,56.700000,0.100000,255.150000,1700032220,1700032404
orders-row-0000359,ord-0000359,ord-0000359,user-00109,sports,wallet,completed,2,58.300000,0.050000,110.770000,1700032310,1700032507
orders-row-0000360,ord-0000360,ord-0000360,user-00110,electronics,card,paid,4,60.700000,0.000000,242.800000,1700032400,1700032610
orders-row-0000361,ord-0000361,ord-0000361,user-00111,books,paypal,pending,1,62.000000,0.150000,52.700000,1700032490,1700032713
orders-row-0000362,ord-0000362,ord-0000362,user-00112,grocery,bank_transfer,shipped,3,64.100000,0.100000,173.070000,1700032580,1700032816
orders-row-0000363,ord-0000363,ord-0000363,user-00113,apparel,wallet,refunded,5,65.200000,0.050000,309.700000,1700032670,1700032919
orders-row-0000364,ord-0000364,ord-0000364,user-00114,home,card,completed,2,67.500000,0.000000,135.000000,1700032760,1700033022
orders-row-0000365,ord-0000365,ord-0000365,user-00115,sports,paypal,paid,4,68.800000,0.150000,233.920000,1700032850,1700033125
orders-row-0000366,ord-0000366,ord-0000366,user-00116,electronics,bank_transfer,pending,1,70.400000,0.100000,63.360000,1700032940,1700033228
orders-row-0000367,ord-0000367,ord-0000367,user-00117,books,wallet,shipped,3,72.100000,0.050000,205.480000,1700033030,1700033331
orders-row-0000368,ord-0000368,ord-0000368,user-00118,grocery,card,refunded,5,73.700000,0.000000,368.500000,1700033120,1700033434
orders-row-0000369,ord-0000369,ord-0000369,user-00119,apparel,paypal,completed,2,76.200000,0.150000,129.540000,1700033210,1700033537
orders-row-0000370,ord-0000370,ord-0000370,user-00120,home,bank_transfer,paid,4,77.000000,0.100000,277.200000,1700033300,1700033640
orders-row-0000371,ord-0000371,ord-0000371,user-00121,sports,wallet,pending,1,8.800000,0.050000,8.360000,1700033390,1700033743
orders-row-0000372,ord-0000372,ord-0000372,user-00122,electronics,card,shipped,3,11.300000,0.000000,33.900000,1700033480,1700033846
orders-row-0000373,ord-0000373,ord-0000373,user-00123,books,paypal,refunded,5,12.300000,0.150000,52.270000,1700033570,1700033949
orders-row-0000374,ord-0000374,ord-0000374,user-00124,grocery,bank_transfer,completed,2,14.200000,0.100000,25.560000,1700033660,1700034052
orders-row-0000375,ord-0000375,ord-0000375,user-00125,apparel,wallet,paid,4,16.200000,0.050000,61.560000,1700033750,1700034155
orders-row-0000376,ord-0000376,ord-0000376,user-00126,home,card,pending,1,17.500000,0.000000,17.500000,1700033840,1700034258
orders-row-0000377,ord-0000377,ord-0000377,user-00127,sports,paypal,shipped,3,18.900000,0.150000,48.190000,1700033930,1700034361
orders-row-0000378,ord-0000378,ord-0000378,user-00128,electronics,bank_transfer,refunded,5,20.600000,0.100000,92.700000,1700034020,1700034464
orders-row-0000379,ord-0000379,ord-0000379,user-00129,books,wallet,completed,2,23.100000,0.050000,43.890000,1700034110,1700034567
orders-row-0000380,ord-0000380,ord-0000380,user-00130,grocery,card,paid,4,24.500000,0.000000,98.000000,1700034200,1700034670
orders-row-0000381,ord-0000381,ord-0000381,user-00131,apparel,paypal,pending,1,25.900000,0.150000,22.010000,1700034290,1700034773
orders-row-0000382,ord-0000382,ord-0000382,user-00132,home,bank_transfer,shipped,3,28.200000,0.100000,76.140000,1700034380,1700034876
orders-row-0000383,ord-0000383,ord-0000383,user-00133,sports,wallet,refunded,5,29.100000,0.050000,138.220000,1700034470,1700034979
orders-row-0000384,ord-0000384,ord-0000384,user-00134,electronics,card,completed,2,31.200000,0.000000,62.400000,1700034560,1700035082
orders-row-0000385,ord-0000385,ord-0000385,user-00135,books,paypal,paid,4,33.100000,0.150000,112.540000,1700034650,1700035185
orders-row-0000386,ord-0000386,ord-0000386,user-00136,grocery,bank_transfer,pending,1,34.200000,0.100000,30.780000,1700034740,1700035288
orders-row-0000387,ord-0000387,ord-0000387,user-00137,apparel,wallet,shipped,3,36.200000,0.050000,103.170000,1700034830,1700035391
orders-row-0000388,ord-0000388,ord-0000388,user-00138,home,card,refunded,5,38.500000,0.000000,192.500000,1700034920,1700035494
orders-row-0000389,ord-0000389,ord-0000389,user-00139,sports,paypal,completed,2,40.100000,0.150000,68.170000,1700035010,1700035597
orders-row-0000390,ord-0000390,ord-0000390,user-00140,electronics,bank_transfer,paid,4,41.300000,0.100000,148.680000,1700035100,1700035700
orders-row-0000391,ord-0000391,ord-0000391,user-00141,books,wallet,pending,1,42.800000,0.050000,40.660000,1700035190,1700035803
orders-row-0000392,ord-0000392,ord-0000392,user-00142,grocery,card,shipped,3,45.100000,0.000000,135.300000,1700035280,1700035906
orders-row-0000393,ord-0000393,ord-0000393,user-00143,apparel,paypal,refunded,5,46.100000,0.150000,195.920000,1700035370,1700036009
orders-row-0000394,ord-0000394,ord-0000394,user-00144,home,bank_transfer,completed,2,48.200000,0.100000,86.760000,1700035460,1700036112
orders-row-0000395,ord-0000395,ord-0000395,user-00145,sports,wallet,paid,4,50.400000,0.050000,191.520000,1700035550,1700036215
orders-row-0000396,ord-0000396,ord-0000396,user-00146,electronics,card,pending,1,51.500000,0.000000,51.500000,1700035640,1700036318
orders-row-0000397,ord-0000397,ord-0000397,user-00147,books,paypal,shipped,3,53.600000,0.150000,136.680000,1700035730,1700036421
orders-row-0000398,ord-0000398,ord-0000398,user-00148,grocery,bank_transfer,refunded,5,55.500000,0.100000,249.750000,1700035820,1700036524
orders-row-0000399,ord-0000399,ord-0000399,user-00149,apparel,wallet,completed,2,56.300000,0.050000,106.970000,1700035910,1700036627
orders-row-0000400,ord-0000400,ord-0000400,user-00150,home,card,paid,4,58.300000,0.000000,233.200000,1700036000,1700036730
orders-row-0000401,ord-0000401,ord-0000401,user-00151,sports,paypal,pending,1,60.000000,0.150000,51.000000,1700036090,1700036833
orders-row-0000402,ord-0000402,ord-0000402,user-00152,electronics,bank_transfer,shipped,3,62.000000,0.100000,167.400000,1700036180,1700036936
orders-row-0000403,ord-0000403,ord-0000403,user-00153,books,wallet,refunded,5,63.400000,0.050000,301.150000,1700036270,1700037039
orders-row-0000404,ord-0000404,ord-0000404,user-00154,grocery,card,completed,2,65.700000,0.000000,131.400000,1700036360,1700037142
orders-row-0000405,ord-0000405,ord-0000405,user-00155,apparel,paypal,paid,4,66.800000,0.150000,227.120000,1700036450,1700036330
orders-row-0000406,ord-0000406,ord-0000406,user-00156,home,bank_transfer,pending,1,68.800000,0.100000,61.920000,1700036540,1700037348
orders-row-0000407,ord-0000407,ord-0000407,user-00157,sports,wallet,shipped,3,70.800000,0.050000,201.780000,1700036630,1700037451
orders-row-0000408,ord-0000408,ord-0000408,user-00158,electronics,card,refunded,5,72.400000,0.000000,362.000000,1700036720,1700037554
orders-row-0000409,ord-0000409,ord-0000409,user-00159,books,paypal,completed,2,74.000000,0.150000,125.800000,1700036810,1700037657
orders-row-0000410,ord-0000410,ord-0000410,user-00160,grocery,bank_transfer,paid,4,75.400000,0.100000,271.440000,1700036900,1700037760
orders-row-0000411,ord-0000411,ord-0000411,user-00161,apparel,wallet,pending,1,76.700000,0.050000,72.860000,1700036990,1700037863
orders-row-0000412,ord-0000412,ord-0000412,user-00162,home,card,shipped,3,8.800000,0.000000,26.400000,1700037080,1700037966
orders-row-0000413,ord-0000413,ord-0000413,user-00163,sports,paypal,refunded,5,10.500000,0.150000,44.620000,1700037170,1700038069
orders-row-0000414,ord-0000414,ord-0000414,user-00164,electronics,bank_transfer,completed,2,12.300000,0.100000,22.140000,1700037260,1700038172
orders-row-0000415,ord-0000415,ord-0000415,user-00165,books,wallet,paid,4,14.100000,0.050000,53.580000,1700037350,1700038275
orders-row-0000416,ord-0000416,ord-0000416,user-00166,grocery,card,pending,1,15.700000,0.000000,15.700000,1700037440,1700037478
orders-row-0000417,ord-0000417,ord-0000417,user-00167,apparel,paypal,shipped,3,17.300000,0.150000,44.120000,1700037530,1700037581
orders-row-0000418,ord-0000418,ord-0000418,user-00168,home,bank_transfer,refunded,5,19.000000,0.100000,85.500000,1700037620,1700037684
orders-row-0000419,ord-0000419,ord-0000419,user-00169,sports,wallet,completed,2,20.500000,0.050000,38.950000,1700037710,1700037787
orders-row-0000420,ord-0000420,ord-0000420,user-00170,electronics,card,paid,4,22.900000,0.000000,91.600000,1700037800,1700037890
orders-row-0000421,ord-0000421,ord-0000421,user-00171,books,paypal,pending,1,24.500000,0.150000,20.820000,1700037890,1700037993
orders-row-0000422,ord-0000422,ord-0000422,user-00172,grocery,bank_transfer,shipped,3,26.000000,0.100000,70.200000,1700037980,1700038096
orders-row-0000423,ord-0000423,ord-0000423,user-00173,apparel,wallet,refunded,5,27.600000,0.050000,131.100000,1700038070,1700038199
orders-row-0000424,ord-0000424,ord-0000424,user-00174,home,card,completed,2,29.600000,0.000000,59.200000,1700038160,1700038302
orders-row-0000425,ord-0000425,ord-0000425,user-00175,sports,paypal,paid,4,31.300000,0.150000,106.420000,1700038250,1700038405
orders-row-0000426,ord-0000426,ord-0000426,user-00176,electronics,bank_transfer,pending,1,32.400000,0.100000,29.160000,1700038340,1700038508
orders-row-0000427,ord-0000427,ord-0000427,user-00177,books,wallet,shipped,3,34.100000,0.050000,97.190000,1700038430,1700038611
orders-row-0000428,ord-0000428,ord-0000428,user-00178,grocery,card,refunded,5,35.600000,0.000000,178.000000,1700038520,1700038714
orders-row-0000429,ord-0000429,ord-0000429,user-00179,apparel,paypal,completed,2,37.300000,0.150000,63.410000,1700038610,1700038817
orders-row-0000430,ord-0000430,ord-0000430,user-00180,home,bank_transfer,paid,4,39.100000,0.100000,140.760000,1700038700,1700038920
orders-row-0000431,ord-0000431,ord-0000431,user-00181,sports,wallet,pending,1,41.100000,0.050000,39.050000,1700038790,1700039023
orders-row-0000432,ord-0000432,ord-0000432,user-00182,electronics,card,shipped,3,43.200000,0.000000,129.600000,1700038880,1700039126
orders-row-0000433,ord-0000433,ord-0000433,user-00183,books,paypal,refunded,5,44.400000,0.150000,188.700000,1700038970,1700039229
orders-row-0000434,ord-0000434,ord-0000434,user-00184,grocery,bank_transfer,completed,2,46.200000,0.100000,83.160000,1700039060,1700039332
orders-row-0000435,ord-0000435,ord-0000435,user-00185,apparel,wallet,paid,4,47.600000,0.050000,180.880000,1700039150,1700039435
orders-row-0000436,ord-0000436,ord-0000436,user-00186,home,card,pending,1,50.100000,0.000000,50.100000,1700039240,1700039538
orders-row-0000437,ord-0000437,ord-0000437,user-00187,sports,paypal,shipped,3,51.800000,0.150000,132.090000,1700039330,1700039641
orders-row-0000438,ord-0000438,ord-0000438,user-00188,electronics,bank_transfer,refunded,5,53.400000,0.100000,240.300000,1700039420,1700039744
orders-row-0000439,ord-0000439,ord-0000439,user-00189,books,wallet,completed,2,54.400000,0.050000,103.360000,1700039510,1700039847
orders-row-0000440,ord-0000440,ord-0000440,user-00190,grocery,card,paid,4,56.000000,0.000000,224.000000,1700039600,1700039950
orders-row-0000441,ord-0000441,ord-0000441,user-00191,apparel,paypal,pending,1,57.900000,0.150000,49.210000,1700039690,1700040053
orders-row-0000442,ord-0000442,ord-0000442,user-00192,home,bank_transfer,shipped,3,60.200000,0.100000,162.540000,1700039780,1700040156
orders-row-0000443,ord-0000443,ord-0000443,user-00193,sports,wallet,refunded,5,62.000000,0.050000,294.500000,1700039870,1700040259
orders-row-0000444,ord-0000444,ord-0000444,user-00194,electronics,card,completed,2,62.900000,0.000000,125.800000,1700039960,1700040362
orders-row-0000445,ord-0000445,ord-0000445,user-00195,books,paypal,paid,4,64.700000,0.150000,219.980000,1700040050,1700040465
orders-row-0000446,ord-0000446,ord-0000446,user-00196,grocery,bank_transfer,pending,1,67.100000,0.100000,60.390000,1700040140,1700040568
orders-row-0000447,ord-0000447,ord-0000447,user-00197,apparel,wallet,shipped,3,68.000000,0.050000,193.800000,1700040230,1700040671
orders-row-0000448,ord-0000448,ord-0000448,user-00198,home,card,refunded,5,70.500000,0.000000,352.500000,1700040320,1700040774
orders-row-0000449,ord-0000449,ord-0000449,user-00199,sports,paypal,completed,2,72.000000,0.150000,122.400000,1700040410,1700040877
orders-row-0000450,ord-0000450,ord-0000450,user-00200,electronics,bank_transfer,paid,4,73.600000,0.100000,264.960000,1700040500,1700040980
orders-row-0000451,ord-0000451,ord-0000451,user-00201,books,wallet,pending,1,75.300000,0.050000,71.530000,1700040590,1700041083
orders-row-0000452,ord-0000452,ord-0000452,user-00202,grocery,card,shipped,3,77.000000,0.000000,231.000000,1700040680,1700041186
orders-row-0000453,ord-0000453,ord-0000453,user-00203,apparel,paypal,refunded,5,8.600000,0.150000,36.550000,1700040770,1700041289
orders-row-0000454,ord-0000454,ord-0000454,user-00204,home,bank_transfer,completed,2,10.700000,0.100000,19.260000,1700040860,1700041392
orders-row-0000455,ord-0000455,ord-0000455,user-00205,sports,wallet,paid,4,11.900000,0.050000,45.220000,1700040950,1700041495
orders-row-0000456,ord-0000456,ord-0000456,user-00206,electronics,card,pending,1,13.200000,0.000000,13.200000,1700041040,1700041598
orders-row-0000457,ord-0000457,ord-0000457,user-00207,books,paypal,shipped,3,14.900000,0.150000,38.000000,1700041130,1700041701
orders-row-0000458,ord-0000458,ord-0000458,user-00208,grocery,bank_transfer,refunded,5,16.700000,0.100000,75.150000,1700041220,1700041804
orders-row-0000459,ord-0000459,ord-0000459,user-00209,apparel,wallet,completed,2,18.600000,0.050000,35.340000,1700041310,1700041907
orders-row-0000460,ord-0000460,ord-0000460,user-00210,home,card,paid,4,20.400000,0.000000,81.600000,1700041400,1700042010
orders-row-0000461,ord-0000461,ord-0000461,user-00211,sports,paypal,pending,1,22.400000,0.150000,19.040000,1700041490,1700042113
orders-row-0000462,ord-0000462,ord-0000462,user-00212,electronics,bank_transfer,shipped,3,23.700000,0.100000,63.990000,1700041580,1700042216
orders-row-0000463,ord-0000463,ord-0000463,user-00213,books,wallet,refunded,5,25.200000,0.050000,119.700000,1700041670,1700042319
orders-row-0000464,ord-0000464,ord-0000464,user-00214,grocery,card,completed,2,27.100000,0.000000,54.200000,1700041760,1700042422
orders-row-0000465,ord-0000465,ord-0000465,user-00215,apparel,paypal,paid,4,29.000000,0.150000,98.600000,1700041850,1700042525
orders-row-0000466,ord-0000466,ord-0000466,user-00216,home,bank_transfer,pending,1,30.500000,0.100000,27.450000,1700041940,1700042628
orders-row-0000467,ord-0000467,ord-0000467,user-00217,sports,wallet,shipped,3,32.000000,0.050000,91.200000,1700042030,1700042731
orders-row-0000468,ord-0000468,ord-0000468,user-00218,electronics,card,refunded,5,34.000000,0.000000,170.000000,1700042120,1700042834
orders-row-0000469,ord-0000469,ord-0000469,user-00219,books,paypal,completed,2,35.300000,0.150000,60.010000,1700042210,1700042937
orders-row-0000470,ord-0000470,ord-0000470,user-00220,grocery,bank_transfer,paid,4,37.600000,0.100000,135.360000,1700042300,1700043040
orders-row-0000471,ord-0000471,ord-0000471,user-00221,apparel,wallet,pending,1,39.200000,0.050000,37.240000,1700042390,1700043143
orders-row-0000472,ord-0000472,ord-0000472,user-00222,home,card,shipped,3,40.700000,0.000000,122.100000,1700042480,1700043246
orders-row-0000473,ord-0000473,ord-0000473,user-00223,sports,paypal,refunded,5,42.600000,0.150000,181.050000,1700042570,1700043349
orders-row-0000474,ord-0000474,ord-0000474,user-00224,electronics,bank_transfer,completed,2,43.900000,0.100000,79.020000,1700042660,1700043452
orders-row-0000475,ord-0000475,ord-0000475,user-00225,books,wallet,paid,4,45.800000,0.050000,174.040000,1700042750,1700043555
orders-row-0000476,ord-0000476,ord-0000476,user-00226,grocery,card,pending,1,47.700000,0.000000,47.700000,1700042840,1700043658
orders-row-0000477,ord-0000477,ord-0000477,user-00227,apparel,paypal,shipped,3,49.300000,0.150000,125.710000,1700042930,1700043761
orders-row-0000478,ord-0000478,ord-0000478,user-00228,home,bank_transfer,refunded,5,50.800000,0.100000,228.600000,1700043020,1700043864
orders-row-0000479,ord-0000479,ord-0000479,user-00229,sports,wallet,completed,2,53.000000,0.050000,100.700000,1700043110,1700043967
orders-row-0000480,ord-0000480,ord-0000480,user-00230,electronics,card,paid,4,54.300000,0.000000,217.200000,1700043200,1700044070
orders-row-0000481,ord-0000481,ord-0000481,user-00231,books,paypal,pending,1,55.800000,0.150000,47.430000,1700043290,1700044173
orders-row-0000482,ord-0000482,ord-0000482,user-00232,grocery,bank_transfer,shipped,3,57.400000,0.100000,154.980000,1700043380,1700044276
orders-row-0000483,ord-0000483,ord-0000483,user-00233,apparel,wallet,refunded,5,59.200000,0.050000,281.200000,1700043470,1700044379
orders-row-0000484,ord-0000484,ord-0000484,user-00234,home,card,completed,2,61.400000,0.000000,122.800000,1700043560,1700044482
orders-row-0000485,ord-0000485,ord-0000485,user-00235,sports,paypal,paid,4,62.800000,0.150000,213.520000,1700043650,1700043685
orders-row-0000486,ord-0000486,ord-0000486,user-00236,electronics,bank_transfer,pending,1,64.800000,0.100000,58.320000,1700043740,1700043788
orders-row-0000487,ord-0000487,ord-0000487,user-00237,books,wallet,shipped,3,66.100000,0.050000,188.380000,1700043830,1700043891
orders-row-0000488,ord-0000488,ord-0000488,user-00238,grocery,card,refunded,5,67.800000,0.000000,339.000000,1700043920,1700043994
orders-row-0000489,ord-0000489,ord-0000489,user-00239,apparel,paypal,completed,2,70.100000,0.150000,119.170000,1700044010,1700044097
orders-row-0000490,ord-0000490,ord-0000490,user-00240,home,bank_transfer,paid,4,71.700000,0.100000,258.120000,1700044100,1700044200
orders-row-0000491,ord-0000491,ord-0000491,user-00241,sports,wallet,pending,1,73.400000,0.050000,69.730000,1700044190,1700044303
orders-row-0000492,ord-0000492,ord-0000492,user-00242,electronics,card,shipped,3,75.100000,0.000000,225.300000,1700044280,1700044406
orders-row-0000493,ord-0000493,ord-0000493,user-00243,books,paypal,refunded,5,76.700000,0.150000,325.970000,1700044370,1700044509
orders-row-0000494,ord-0000494,ord-0000494,user-00244,grocery,bank_transfer,completed,2,8.100000,0.100000,14.580000,1700044460,1700044612
orders-row-0000495,ord-0000495,ord-0000495,user-00245,apparel,wallet,paid,4,10.100000,0.050000,38.380000,1700044550,1700044715
orders-row-0000496,ord-0000496,ord-0000496,user-00246,home,card,pending,1,11.400000,0.000000,11.400000,1700044640,1700044818
orders-row-0000497,ord-0000497,ord-0000497,user-00247,sports,paypal,shipped,3,13.800000,0.150000,35.190000,1700044730,1700044921
orders-row-0000498,ord-0000498,ord-0000498,user-00248,electronics,bank_transfer,refunded,5,14.900000,0.100000,67.050000,1700044820,1700045024
orders-row-0000499,ord-0000499,ord-0000499,user-00249,books,wallet,completed,2,16.900000,0.050000,32.110000,1700044910,1700045127
orders-row-0000500,ord-0000500,ord-0000500,user-00000,grocery,card,paid,4,18.200000,0.000000,72.800000,1700045000,1700045230
orders-row-0000501,ord-0000501,ord-0000501,user-00001,apparel,paypal,pending,1,19.700000,0.150000,16.740000,1700045090,1700045333
orders-row-0000502,ord-0000502,ord-0000502,user-00002,home,bank_transfer,shipped,3,22.000000,0.100000,59.400000,1700045180,1700045436
orders-row-0000503,ord-0000503,ord-0000503,user-00003,sports,wallet,refunded,5,23.100000,0.050000,109.720000,1700045270,1700045539
orders-row-0000504,ord-0000504,ord-0000504,user-00004,electronics,card,completed,2,24.900000,0.000000,49.800000,1700045360,1700045642
orders-row-0000505,ord-0000505,ord-0000505,user-00005,books,paypal,paid,4,27.200000,0.150000,92.480000,1700045450,1700045745
orders-row-0000506,ord-0000506,ord-0000506,user-00006,grocery,bank_transfer,pending,1,28.200000,0.100000,25.380000,1700045540,1700045848
orders-row-0000507,ord-0000507,ord-0000507,user-00007,apparel,wallet,shipped,3,30.800000,0.050000,87.780000,1700045630,1700045951
orders-row-0000508,ord-0000508,ord-0000508,user-00008,home,card,refunded,5,32.400000,0.000000,162.000000,1700045720,1700046054
orders-row-0000509,ord-0000509,ord-0000509,user-00009,sports,paypal,completed,2,33.400000,0.150000,56.780000,1700045810,1700046157
orders-row-0000510,ord-0000510,ord-0000510,user-00010,electronics,bank_transfer,paid,4,35.500000,0.100000,127.800000,1700045900,1700046260
orders-row-0000511,ord-0000511,ord-0000511,user-00011,books,wallet,pending,1,37.000000,0.050000,35.150000,1700045990,1700046363
orders-row-0000512,ord-0000512,ord-0000512,user-00012,grocery,card,shipped,3,38.400000,0.000000,115.200000,1700046080,1700046466
orders-row-0000513,ord-0000513,ord-0000513,user-00013,apparel,paypal,refunded,5,40.500000,0.150000,172.120000,1700046170,1700046569
orders-row-0000514,ord-0000514,ord-0000514,user-00014,home,bank_transfer,completed,2,41.800000,0.100000,75.240000,1700046260,1700046672
orders-row-0000515,ord-0000515,ord-0000515,user-00015,sports,wallet,paid,4,44.300000,0.050000,168.340000,1700046350,1700046775
orders-row-0000516,ord-0000516,ord-0000516,user-00016,electronics,card,pending,1,45.500000,0.000000,45.500000,1700046440,1700046878
orders-row-0000517,ord-0000517,ord-0000517,user-00017,books,paypal,shipped,3,46.900000,0.150000,119.590000,1700046530,1700046981
orders-row-0000518,ord-0000518,ord-0000518,user-00018,grocery,bank_transfer,refunded,5,48.600000,0.100000,218.700000,1700046620,1700047084
orders-row-0000519,ord-0000519,ord-0000519,user-00019,apparel,wallet,completed,2,50.300000,0.050000,95.570000,1700046710,1700047187
orders-row-0000520,ord-0000520,ord-0000520,user-00020,home,card,paid,4,52.100000,0.000000,208.400000,1700046800,1700047290
orders-row-0000521,ord-0000521,ord-0000521,user-00021,sports,paypal,pending,1,54.300000,0.150000,46.150000,1700046890,1700047393
orders-row-0000522,ord-0000522,ord-0000522,user-00022,electronics,bank_transfer,shipped,3,55.800000,0.100000,150.660000,1700046980,1700047496
orders-row-0000523,ord-0000523,ord-0000523,user-00023,books,wallet,refunded,5,57.400000,0.050000,272.650000,1700047070,1700047599
orders-row-0000524,ord-0000524,ord-0000524,user-00024,grocery,card,completed,2,59.600000,0.000000,119.200000,1700047160,1700047702
orders-row-0000525,ord-0000525,ord-0000525,user-00025,apparel,paypal,paid,4,60.600000,0.150000,206.040000,1700047250,1700047805
orders-row-0000526,ord-0000526,ord-0000526,user-00026,home,bank_transfer,pending,1,62.600000,0.100000,56.340000,1700047340,1700047908
orders-row-0000527,ord-0000527,ord-0000527,user-00027,sports,wallet,shipped,3,63.900000,0.050000,182.110000,1700047430,1700048011
orders-row-0000528,ord-0000528,ord-0000528,user-00028,electronics,card,refunded,5,66.500000,0.000000,332.500000,1700047520,1700048114
orders-row-0000529,ord-0000529,ord-0000529,user-00029,books,paypal,completed,2,67.300000,0.150000,114.410000,1700047610,1700048217
orders-row-0000530,ord-0000530,ord-0000530,user-00030,grocery,bank_transfer,paid,4,69.400000,0.100000,249.840000,1700047700,1700048320
orders-row-0000531,ord-0000531,ord-0000531,user-00031,apparel,wallet,pending,1,70.800000,0.050000,67.260000,1700047790,1700048423
orders-row-0000532,ord-0000532,ord-0000532,user-00032,home,card,shipped,3,73.200000,0.000000,219.600000,1700047880,1700048526
orders-row-0000533,ord-0000533,ord-0000533,user-00033,sports,,refunded,5,75.000000,0.150000,318.750000,1700047970,1700048629
orders-row-0000534,ord-0000534,ord-0000534,user-00034,electronics,bank_transfer,completed,2,75.900000,0.100000,136.620000,1700048060,1700048732
orders-row-0000535,ord-0000535,ord-0000535,user-00035,books,wallet,paid,4,77.600000,0.050000,294.880000,1700048150,1700048835
orders-row-0000536,ord-0000536,ord-0000536,user-00036,grocery,card,pending,1,9.400000,0.000000,9.400000,1700048240,1700048938
orders-row-0000537,ord-0000537,ord-0000537,user-00037,apparel,paypal,shipped,3,11.700000,0.150000,29.830000,1700048330,1700049041
orders-row-0000538,ord-0000538,ord-0000538,user-00038,home,bank_transfer,refunded,5,13.300000,0.100000,59.850000,1700048420,1700049144
orders-row-0000539,ord-0000539,ord-0000539,user-00039,sports,wallet,completed,2,14.500000,0.050000,27.550000,1700048510,1700049247
orders-row-0000540,ord-0000540,ord-0000540,user-00040,electronics,card,paid,4,16.400000,0.000000,65.600000,1700048600,1700049350
orders-row-0000541,ord-0000541,ord-0000541,user-00041,books,paypal,pending,1,18.200000,0.150000,15.470000,1700048690,1700049453
orders-row-0000542,ord-0000542,ord-0000542,user-00042,grocery,bank_transfer,shipped,3,20.100000,0.100000,54.270000,1700048780,1700049556
orders-row-0000543,ord-0000543,ord-0000543,user-00043,apparel,wallet,refunded,5,21.500000,0.050000,102.120000,1700048870,1700049659
orders-row-0000544,ord-0000544,ord-0000544,user-00044,home,card,completed,2,22.800000,0.000000,45.600000,1700048960,1700049762
orders-row-0000545,ord-0000545,ord-0000545,user-00045,sports,paypal,paid,4,25.200000,0.150000,85.680000,1700049050,1700049865
orders-row-0000546,ord-0000546,ord-0000546,user-00046,electronics,bank_transfer,pending,1,27.100000,0.100000,24.390000,1700049140,1700049968
orders-row-0000547,ord-0000547,ord-0000547,user-00047,books,wallet,shipped,3,28.100000,0.050000,80.090000,1700049230,1700050071
orders-row-0000548,ord-0000548,ord-0000548,user-00048,grocery,card,refunded,5,30.300000,0.000000,151.500000,1700049320,1700050174
orders-row-0000549,ord-0000549,ord-0000549,user-00049,apparel,paypal,completed,2,31.300000,0.150000,53.210000,1700049410,1700050277
orders-row-0000550,ord-0000550,ord-0000550,user-00050,home,bank_transfer,paid,4,33.000000,0.100000,118.800000,1700049500,1700050380
orders-row-0000551,ord-0000551,ord-0000551,user-00051,sports,wallet,pending,1,35.300000,0.050000,33.530000,1700049590,1700050483
orders-row-0000552,ord-0000552,ord-0000552,user-00052,electronics,card,shipped,3,37.200000,0.000000,111.600000,1700049680,1700050586
orders-row-0000553,ord-0000553,ord-0000553,user-00053,books,paypal,refunded,5,38.900000,0.150000,165.320000,1700049770,1700050689
orders-row-0000554,ord-0000554,ord-0000554,user-00054,grocery,bank_transfer,completed,2,40.600000,0.100000,73.080000,1700049860,1700049892
orders-row-0000555,ord-0000555,ord-0000555,user-00055,apparel,wallet,paid,4,42.000000,0.050000,159.600000,1700049950,1700049995
orders-row-0000556,ord-0000556,ord-0000556,user-00056,home,card,pending,1,43.400000,0.000000,43.400000,1700050040,1700050098
orders-row-0000557,ord-0000557,ord-0000557,user-00057,sports,paypal,shipped,3,45.600000,0.150000,116.280000,1700050130,1700050201
orders-row-0000558,ord-0000558,ord-0000558,user-00058,electronics,bank_transfer,refunded,5,46.600000,0.100000,209.700000,1700050220,1700050304
orders-row-0000559,ord-0000559,ord-0000559,user-00059,books,wallet,completed,2,48.500000,0.050000,92.150000,1700050310,1700050407
orders-row-0000560,ord-0000560,ord-0000560,user-00060,grocery,card,paid,4,50.500000,0.000000,202.000000,1700050400,1700050510
orders-row-0000561,ord-0000561,ord-0000561,user-00061,apparel,paypal,pending,1,52.200000,0.150000,44.370000,1700050490,1700050613
orders-row-0000562,ord-0000562,ord-0000562,user-00062,home,bank_transfer,shipped,3,54.100000,0.100000,146.070000,1700050580,1700050716
orders-row-0000563,ord-0000563,ord-0000563,user-00063,sports,wallet,refunded,5,55.500000,0.050000,263.620000,1700050670,1700050819
orders-row-0000564,ord-0000564,ord-0000564,user-00064,electronics,card,completed,2,57.500000,0.000000,115.000000,1700050760,1700050922
orders-row-0000565,ord-0000565,ord-0000565,user-00065,books,paypal,paid,4,59.000000,0.150000,200.600000,1700050850,1700051025
orders-row-0000566,ord-0000566,ord-0000566,user-00066,grocery,bank_transfer,pending,1,60.400000,0.100000,999999.000000,1700050940,1700051128
orders-row-0000567,ord-0000567,ord-0000567,user-00067,apparel,wallet,shipped,3,62.200000,0.050000,177.270000,1700051030,1700051231
orders-row-0000568,ord-0000568,ord-0000568,user-00068,home,card,refunded,5,63.900000,0.000000,319.500000,1700051120,1700051334
orders-row-0000569,ord-0000569,ord-0000569,user-00069,sports,paypal,completed,2,65.500000,0.150000,111.350000,1700051210,1700051437
orders-row-0000570,ord-0000570,ord-0000570,user-00070,electronics,bank_transfer,paid,4,67.900000,0.100000,244.440000,1700051300,1700051540
orders-row-0000571,ord-0000571,ord-0000571,user-00071,books,wallet,pending,1,68.700000,0.050000,65.270000,1700051390,1700051643
orders-row-0000572,ord-0000572,ord-0000572,user-00072,grocery,card,shipped,3,71.000000,0.000000,213.000000,1700051480,1700051746
orders-row-0000573,ord-0000573,ord-0000573,user-00073,apparel,paypal,refunded,5,73.000000,0.150000,310.250000,1700051570,1700051849
orders-row-0000574,ord-0000574,ord-0000574,user-00074,home,bank_transfer,completed,2,74.600000,0.100000,134.280000,1700051660,1700051952
orders-row-0000575,ord-0000575,ord-0000575,user-00075,sports,wallet,paid,4,76.400000,0.050000,290.320000,1700051750,1700052055
orders-row-0000576,ord-0000576,ord-0000576,user-00076,electronics,card,pending,1,77.200000,0.000000,77.200000,1700051840,1700052158
orders-row-0000577,ord-0000577,ord-0000577,user-00077,books,paypal,shipped,3,9.700000,0.150000,24.730000,1700051930,1700052261
orders-row-0000578,ord-0000578,ord-0000578,user-00078,grocery,bank_transfer,refunded,5,11.100000,0.100000,49.950000,1700052020,1700052364
orders-row-0000579,ord-0000579,ord-0000579,user-00079,apparel,wallet,completed,2,13.200000,0.050000,25.080000,1700052110,1700052467
orders-row-0000580,ord-0000580,ord-0000580,user-00080,home,card,paid,4,14.100000,0.000000,56.400000,1700052200,1700052570
orders-row-0000581,ord-0000581,ord-0000581,user-00081,sports,paypal,pending,1,15.700000,0.150000,13.340000,1700052290,1700052673
orders-row-0000582,ord-0000582,ord-0000582,user-00082,electronics,bank_transfer,shipped,3,17.400000,0.100000,46.980000,1700052380,1700052776
orders-row-0000583,ord-0000583,ord-0000583,user-00083,books,wallet,refunded,5,19.200000,0.050000,91.200000,1700052470,1700052879
orders-row-0000584,ord-0000584,ord-0000584,user-00084,grocery,card,completed,2,21.000000,0.000000,42.000000,1700052560,1700052982
orders-row-0000585,ord-0000585,ord-0000585,user-00085,apparel,paypal,paid,4,22.700000,0.150000,77.180000,1700052650,1700053085
orders-row-0000586,ord-0000586,ord-0000586,user-00086,home,bank_transfer,pending,1,24.500000,0.100000,22.050000,1700052740,1700053188
orders-row-0000587,ord-0000587,ord-0000587,user-00087,sports,wallet,shipped,3,26.200000,0.050000,74.670000,1700052830,1700053291
orders-row-0000588,ord-0000588,ord-0000588,user-00088,electronics,card,refunded,5,27.900000,0.000000,139.500000,1700052920,1700053394
orders-row-0000589,ord-0000589,ord-0000589,user-00089,books,paypal,completed,2,29.400000,0.150000,49.980000,1700053010,1700053497
orders-row-0000590,ord-0000590,ord-0000590,user-00090,grocery,bank_transfer,paid,4,31.000000,0.100000,111.600000,1700053100,1700053600
orders-row-0000591,ord-0000591,ord-0000591,user-00091,apparel,wallet,pending,1,33.400000,0.050000,31.730000,1700053190,1700053703
orders-row-0000592,ord-0000592,ord-0000592,user-00092,home,card,shipped,3,35.300000,0.000000,105.900000,1700053280,1700053806
orders-row-0000593,ord-0000593,ord-0000593,user-00093,sports,paypal,refunded,5,36.800000,0.150000,156.400000,1700053370,1700053909
orders-row-0000594,ord-0000594,ord-0000594,user-00094,electronics,bank_transfer,completed,2,38.500000,0.100000,69.300000,1700053460,1700054012
orders-row-0000595,ord-0000595,ord-0000595,user-00095,books,wallet,paid,4,40.400000,0.050000,153.520000,1700053550,1700054115
orders-row-0000596,ord-0000596,ord-0000596,user-00096,grocery,card,pending,1,41.400000,0.000000,41.400000,1700053640,1700054218
orders-row-0000597,ord-0000597,ord-0000597,user-00097,apparel,paypal,shipped,3,43.700000,0.150000,111.440000,1700053730,1700054321
orders-row-0000598,ord-0000598,ord-0000598,user-00098,home,bank_transfer,refunded,5,45.500000,0.100000,204.750000,1700053820,1700054424
orders-row-0000599,ord-0000599,ord-0000599,user-00099,sports,wallet,completed,2,46.300000,0.050000,87.970000,1700053910,1700054527
orders-row-0000600,ord-0000600,ord-0000600,user-00100,electronics,card,paid,4,48.800000,0.000000,195.200000,1700054000,1700054630
orders-row-0000601,ord-0000601,ord-0000601,user-00101,books,paypal,pending,1,50.400000,0.150000,42.840000,1700054090,1700054733
orders-row-0000602,ord-0000602,ord-0000602,user-00102,grocery,bank_transfer,shipped,3,52.000000,0.100000,140.400000,1700054180,1700054836
orders-row-0000603,ord-0000603,ord-0000603,user-00103,apparel,wallet,refunded,5,53.900000,0.050000,256.020000,1700054270,1700054939
orders-row-0000604,ord-0000604,ord-0000604,user-00104,home,card,completed,2,55.300000,0.000000,110.600000,1700054360,1700055042
orders-row-0000605,ord-0000605,ord-0000605,user-00105,sports,paypal,paid,4,57.200000,0.150000,194.480000,1700054450,1700055145
orders-row-0000606,ord-0000606,ord-0000606,user-00106,electronics,bank_transfer,pending,1,59.100000,0.100000,53.190000,1700054540,1700055248
orders-row-0000607,ord-0000607,ord-0000607,user-00107,books,wallet,shipped,3,60.000000,0.050000,171.000000,1700054630,1700055351
orders-row-0000608,ord-0000608,ord-0000608,user-00108,grocery,card,refunded,5,62.500000,0.000000,312.500000,1700054720,1700055454
orders-row-0000609,ord-0000609,ord-0000609,user-00109,apparel,paypal,completed,2,63.800000,0.150000,108.460000,1700054810,1700055557
orders-row-0000610,ord-0000610,ord-0000610,user-00110,home,bank_transfer,paid,4,65.600000,0.100000,236.160000,1700054900,1700055660
orders-row-0000611,ord-0000611,ord-0000611,user-00111,sports,wallet,pending,1,67.200000,0.050000,63.840000,1700054990,1700055763
orders-row-0000612,ord-0000612,ord-0000612,user-00112,electronics,card,shipped,3,69.200000,0.000000,207.600000,1700055080,1700055866
orders-row-0000613,ord-0000613,ord-0000613,user-00113,books,paypal,refunded,5,70.400000,0.150000,299.200000,1700055170,1700055969
orders-row-0000614,ord-0000614,ord-0000614,user-00114,grocery,bank_transfer,completed,2,72.100000,0.100000,129.780000,1700055260,1700056072
orders-row-0000615,ord-0000615,ord-0000615,user-00115,apparel,wallet,paid,4,74.100000,0.050000,281.580000,1700055350,1700056175
orders-row-0000616,ord-0000616,ord-0000616,user-00116,home,card,pending,1,75.300000,0.000000,75.300000,1700055440,1700056278
orders-row-0000617,ord-0000617,ord-0000617,user-00117,sports,paypal,shipped,3,77.500000,0.150000,197.620000,1700055530,1700056381
orders-row-0000618,ord-0000618,ord-0000618,user-00118,electronics,bank_transfer,refunded,5,9.200000,0.100000,41.400000,1700055620,1700056484
orders-row-0000619,ord-0000619,ord-0000619,user-00119,books,wallet,completed,2,10.600000,0.050000,20.140000,1700055710,1700056587
orders-row-0000620,ord-0000620,ord-0000620,user-00120,grocery,card,paid,4,12.800000,0.000000,51.200000,1700055800,1700056690
orders-row-0000621,ord-0000621,ord-0000621,user-00121,apparel,paypal,pending,1,13.900000,0.150000,11.810000,1700055890,1700056793
orders-row-0000622,ord-0000622,ord-0000622,user-00122,home,bank_transfer,shipped,3,15.800000,0.100000,42.660000,1700055980,1700056896
orders-row-0000623,ord-0000623,ord-0000623,user-00123,sports,wallet,refunded,5,17.400000,0.050000,82.650000,1700056070,1700056999
orders-row-0000624,ord-0000624,ord-0000624,user-00124,electronics,card,completed,2,19.200000,0.000000,38.400000,1700056160,1700056202
orders-row-0000625,ord-0000625,ord-0000625,user-00125,books,paypal,paid,4,20.900000,0.150000,71.060000,1700056250,1700056305
orders-row-0000626,ord-0000626,ord-0000626,user-00126,grocery,bank_transfer,pending,1,22.400000,0.100000,20.160000,1700056340,1700056408
orders-row-0000627,ord-0000627,ord-0000627,user-00127,apparel,wallet,shipped,3,24.800000,0.050000,70.680000,1700056430,1700056511
orders-row-0000628,ord-0000628,ord-0000628,user-00128,home,card,refunded,5,26.400000,0.000000,132.000000,1700056520,1700056614
orders-row-0000629,ord-0000629,ord-0000629,user-00129,sports,paypal,completed,2,27.400000,0.150000,46.580000,1700056610,1700056717
orders-row-0000630,ord-0000630,ord-0000630,user-00130,electronics,bank_transfer,paid,4,29.200000,0.100000,105.120000,1700056700,1700056820
orders-row-0000631,ord-0000631,ord-0000631,user-00131,books,wallet,pending,1,31.000000,0.050000,29.450000,1700056790,1700056923
orders-row-0000632,ord-0000632,ord-0000632,user-00132,grocery,card,shipped,3,33.100000,0.000000,99.300000,1700056880,1700057026
orders-row-0000633,ord-0000633,ord-0000633,user-00133,apparel,paypal,refunded,5,34.800000,0.150000,147.900000,1700056970,1700057129
orders-row-0000634,ord-0000634,ord-0000634,user-00134,home,bank_transfer,completed,2,36.300000,0.100000,65.340000,1700057060,1700057232
orders-row-0000635,ord-0000635,ord-0000635,user-00135,sports,wallet,paid,4,38.100000,0.050000,144.780000,1700057150,1700057335
orders-row-0000636,ord-0000636,ord-0000636,user-00136,electronics,card,pending,1,39.800000,0.000000,39.800000,1700057240,1700057438
orders-row-0000637,ord-0000637,ord-0000637,user-00137,books,paypal,shipped,3,40.900000,0.150000,104.290000,1700057330,1700057541
orders-row-0000638,ord-0000638,ord-0000638,user-00138,grocery,bank_transfer,refunded,5,42.700000,0.100000,192.150000,1700057420,1700057644
orders-row-0000639,ord-0000639,ord-0000639,user-00139,apparel,wallet,completed,2,45.200000,0.050000,85.880000,1700057510,1700057747
orders-row-0000640,ord-0000640,ord-0000640,user-00140,home,card,paid,4,46.800000,0.000000,187.200000,1700057600,1700057850
orders-row-0000641,ord-0000641,ord-0000641,user-00141,sports,paypal,pending,1,47.800000,0.150000,40.630000,1700057690,1700057953
orders-row-0000642,ord-0000642,ord-0000642,user-00142,electronics,bank_transfer,shipped,3,49.800000,0.100000,134.460000,1700057780,1700058056
orders-row-0000643,ord-0000643,ord-0000643,user-00143,books,wallet,refunded,5,52.000000,0.050000,247.000000,1700057870,1700058159
orders-row-0000644,ord-0000644,ord-0000644,user-00144,grocery,card,completed,2,53.400000,0.000000,106.800000,1700057960,1700058262
orders-row-0000645,ord-0000645,ord-0000645,user-00145,apparel,paypal,paid,4,55.300000,0.150000,188.020000,1700058050,1700058365
orders-row-0000646,ord-0000646,ord-0000646,user-00146,home,bank_transfer,pending,1,56.500000,0.100000,50.850000,1700058140,1700058468
orders-row-0000647,ord-0000647,ord-0000647,user-00147,sports,wallet,shipped,3,58.000000,0.050000,165.300000,1700058230,1700058571
orders-row-0000648,ord-0000648,ord-0000648,user-00148,electronics,card,refunded,5,60.200000,0.000000,301.000000,1700058320,1700058674
orders-row-0000649,ord-0000649,ord-0000649,user-00149,books,paypal,completed,2,62.100000,0.150000,105.570000,1700058410,1700058777
orders-row-0000650,ord-0000650,ord-0000650,user-00150,grocery,bank_transfer,paid,4,63.600000,0.100000,228.960000,1700058500,1700058880
orders-row-0000651,ord-0000651,ord-0000651,user-00151,apparel,wallet,pending,1,64.900000,0.050000,61.660000,1700058590,1700058983
orders-row-0000652,ord-0000652,ord-0000652,user-00152,home,card,shipped,3,66.900000,0.000000,200.700000,1700058680,1700059086
orders-row-0000653,ord-0000653,ord-0000653,user-00153,sports,paypal,refunded,5,68.900000,0.150000,292.820000,1700058770,1700059189
orders-row-0000654,ord-0000654,ord-0000654,user-00154,electronics,bank_transfer,completed,2,70.300000,0.100000,126.540000,1700058860,1700059292
orders-row-0000655,ord-0000655,ord-0000655,user-00155,books,wallet,paid,4,71.600000,0.050000,272.080000,1700058950,1700059395
orders-row-0000656,ord-0000656,ord-0000656,user-00156,grocery,card,pending,1,73.600000,0.000000,73.600000,1700059040,1700059498
orders-row-0000657,ord-0000657,ord-0000657,user-00157,apparel,paypal,shipped,3,75.300000,0.150000,192.010000,1700059130,1700059601
orders-row-0000658,ord-0000658,ord-0000658,user-00158,home,bank_transfer,refunded,5,76.700000,0.100000,345.150000,1700059220,1700059704
orders-row-0000659,ord-0000659,ord-0000659,user-00159,sports,wallet,completed,2,8.800000,0.050000,16.720000,1700059310,1700059807
orders-row-0000660,ord-0000660,ord-0000660,user-00160,electronics,card,paid,4,10.700000,0.000000,42.800000,1700059400,1700059910
orders-row-0000661,ord-0000661,ord-0000661,user-00161,books,paypal,pending,1,12.400000,0.150000,10.540000,1700059490,1700060013
orders-row-0000662,ord-0000662,ord-0000662,user-00162,grocery,bank_transfer,shipped,3,13.500000,0.100000,36.450000,1700059580,1700060116
orders-row-0000663,ord-0000663,ord-0000663,user-00163,apparel,wallet,refunded,5,15.300000,0.050000,72.670000,1700059670,1700060219
orders-row-0000664,ord-0000664,ord-0000664,user-00164,home,card,completed,2,17.500000,0.000000,35.000000,1700059760,1700060322
orders-row-0000665,ord-0000665,ord-0000665,user-00165,sports,paypal,paid,4,19.400000,0.150000,65.960000,1700059850,1700060425
orders-row-0000666,ord-0000666,ord-0000666,user-00166,electronics,bank_transfer,pending,1,21.000000,0.100000,18.900000,1700059940,1700060528
orders-row-0000667,ord-0000667,ord-0000667,user-00167,books,wallet,shipped,3,22.400000,0.050000,63.840000,1700060030,1700060631
orders-row-0000668,ord-0000668,ord-0000668,user-00168,grocery,card,refunded,5,24.300000,0.000000,121.500000,1700060120,1700060734
orders-row-0000669,ord-0000669,ord-0000669,user-00169,apparel,paypal,completed,2,25.900000,0.150000,44.030000,1700060210,1700060837
orders-row-0000670,ord-0000670,ord-0000670,user-00170,home,bank_transfer,paid,4,27.900000,0.100000,100.440000,1700060300,1700060940
orders-row-0000671,ord-0000671,ord-0000671,user-00171,sports,wallet,pending,1,29.100000,0.050000,27.640000,1700060390,1700061043
orders-row-0000672,ord-0000672,ord-0000672,user-00172,electronics,card,shipped,3,31.000000,0.000000,93.000000,1700060480,1700061146
orders-row-0000673,ord-0000673,ord-0000673,user-00173,books,paypal,refunded,5,32.300000,0.150000,137.280000,1700060570,1700061249
orders-row-0000674,ord-0000674,ord-0000674,user-00174,grocery,bank_transfer,completed,2,33.800000,0.100000,60.840000,1700060660,1700061352
orders-row-0000675,ord-0000675,ord-0000675,user-00175,apparel,wallet,paid,4,36.000000,0.050000,136.800000,1700060750,1700061455
orders-row-0000676,ord-0000676,ord-0000676,user-00176,home,card,pending,1,37.400000,0.000000,37.400000,1700060840,1700061558
orders-row-0000677,ord-0000677,ord-0000677,user-00177,sports,paypal,shipped,3,39.200000,0.150000,99.960000,1700060930,1700061661
orders-row-0000678,ord-0000678,ord-0000678,user-00178,electronics,bank_transfer,refunded,5,41.300000,0.100000,185.850000,1700061020,1700061764
orders-row-0000679,ord-0000679,ord-0000679,user-00179,books,wallet,completed,2,42.800000,0.050000,81.320000,1700061110,1700061867
orders-row-0000680,ord-0000680,ord-0000680,user-00180,grocery,card,paid,4,44.800000,0.000000,179.200000,1700061200,1700061970
orders-row-0000681,ord-0000681,ord-0000681,user-00181,apparel,paypal,pending,1,46.500000,0.150000,39.520000,1700061290,1700062073
orders-row-0000682,ord-0000682,ord-0000682,user-00182,home,bank_transfer,shipped,3,47.800000,0.100000,129.060000,1700061380,1700062176
orders-row-0000683,ord-0000683,ord-0000683,user-00183,sports,wallet,refunded,5,49.600000,0.050000,235.600000,1700061470,1700062279
orders-row-0000684,ord-0000684,ord-0000684,user-00184,electronics,card,completed,2,51.500000,0.000000,103.000000,1700061560,1700062382
orders-row-0000685,ord-0000685,ord-0000685,user-00185,books,paypal,paid,4,52.500000,0.150000,178.500000,1700061650,1700062485
orders-row-0000686,ord-0000686,ord-0000686,user-00186,grocery,bank_transfer,pending,1,54.700000,0.100000,49.230000,1700061740,1700062588
orders-row-0000687,ord-0000687,ord-0000687,user-00187,apparel,wallet,shipped,3,56.000000,0.050000,159.600000,1700061830,1700062691
orders-row-0000688,ord-0000688,ord-0000688,user-00188,home,card,refunded,5,57.600000,0.000000,288.000000,1700061920,1700062794
orders-row-0000689,ord-0000689,ord-0000689,user-00189,sports,paypal,completed,2,60.100000,0.150000,102.170000,1700062010,1700062897
orders-row-0000690,ord-0000690,ord-0000690,user-00190,electronics,bank_transfer,paid,4,61.200000,0.100000,220.320000,1700062100,1700063000
orders-row-0000691,ord-0000691,ord-0000691,user-00191,books,wallet,pending,1,63.100000,0.050000,59.950000,1700062190,1700063103
orders-row-0000692,ord-0000692,ord-0000692,user-00192,grocery,card,shipped,3,64.500000,0.000000,193.500000,1700062280,1700063206
orders-row-0000693,ord-0000693,ord-0000693,user-00193,apparel,paypal,refunded,5,66.200000,0.150000,281.350000,1700062370,1700062409
orders-row-0000694,ord-0000694,ord-0000694,user-00194,home,bank_transfer,completed,2,68.700000,0.100000,123.660000,1700062460,1700062512
orders-row-0000695,ord-0000695,ord-0000695,user-00195,sports,wallet,paid,4,70.200000,0.050000,266.760000,1700062550,1700062615
orders-row-0000696,ord-0000696,ord-0000696,user-00196,electronics,card,pending,1,71.200000,0.000000,71.200000,1700062640,1700062718
orders-row-0000697,ord-0000697,ord-0000697,user-00197,books,paypal,shipped,3,73.600000,0.150000,187.680000,1700062730,1700062821
orders-row-0000698,ord-0000698,ord-0000698,user-00198,grocery,bank_transfer,refunded,5,75.100000,0.100000,337.950000,1700062820,1700062924
orders-row-0000699,ord-0000699,ord-0000699,user-00199,apparel,wallet,completed,2,76.700000,0.050000,145.730000,1700062910,1700063027
orders-row-0000700,ord-0000700,ord-0000700,user-00200,home,card,paid,4,8.900000,0.000000,35.600000,1700063000,1700063130
orders-row-0000701,ord-0000701,ord-0000701,user-00201,sports,paypal,pending,1,9.700000,0.150000,8.240000,1700063090,1700063233
orders-row-0000702,ord-0000702,ord-0000702,user-00202,electronics,bank_transfer,shipped,3,12.100000,0.100000,32.670000,1700063180,1700063336
orders-row-0000703,ord-0000703,ord-0000703,user-00203,books,wallet,refunded,5,13.400000,0.050000,63.650000,1700063270,1700063439
orders-row-0000704,ord-0000704,ord-0000704,user-00204,grocery,card,completed,2,15.500000,0.000000,31.000000,1700063360,1700063542
orders-row-0000705,ord-0000705,ord-0000705,user-00205,apparel,paypal,paid,4,17.000000,0.150000,57.800000,1700063450,1700063645
orders-row-0000706,ord-0000706,ord-0000706,user-00206,home,bank_transfer,pending,1,18.700000,0.100000,16.830000,1700063540,1700063748
orders-row-0000707,ord-0000707,ord-0000707,user-00207,sports,wallet,shipped,3,19.900000,0.050000,56.710000,1700063630,1700063851
orders-row-0000708,ord-0000708,ord-0000708,user-00208,electronics,card,refunded,5,22.500000,0.000000,112.500000,1700063720,1700063954
orders-row-0000709,ord-0000709,ord-0000709,user-00209,books,paypal,completed,2,24.200000,0.150000,41.140000,1700063810,1700064057
orders-row-0000710,ord-0000710,ord-0000710,user-00210,grocery,bank_transfer,paid,4,25.800000,0.100000,92.880000,1700063900,1700064160
orders-row-0000711,ord-0000711,ord-0000711,user-00211,apparel,wallet,pending,1,27.600000,0.050000,26.220000,1700063990,1700064263
orders-row-0000712,ord-0000712,ord-0000712,user-00212,home,card,shipped,3,29.000000,0.000000,87.000000,1700064080,1700064366
orders-row-0000713,ord-0000713,ord-0000713,user-00213,sports,paypal,refunded,5,30.600000,0.150000,130.050000,1700064170,1700064469
orders-row-0000714,ord-0000714,ord-0000714,user-00214,electronics,bank_transfer,completed,2,32.700000,0.100000,58.860000,1700064260,1700064572
orders-row-0000715,ord-0000715,ord-0000715,user-00215,books,wallet,paid,4,33.900000,0.050000,128.820000,1700064350,1700064675
orders-row-0000716,ord-0000716,ord-0000716,user-00216,grocery,card,pending,1,35.200000,0.000000,35.200000,1700064440,1700064778
orders-row-0000717,ord-0000717,ord-0000717,user-00217,apparel,paypal,shipped,3,36.900000,0.150000,94.090000,1700064530,1700064881
orders-row-0000718,ord-0000718,ord-0000718,user-00218,home,bank_transfer,refunded,5,38.900000,0.100000,175.050000,1700064620,1700064984
orders-row-0000719,ord-0000719,ord-0000719,user-00219,sports,wallet,completed,2,40.300000,0.050000,76.570000,1700064710,1700065087
orders-row-0000720,ord-0000720,ord-0000720,user-00220,electronics,card,paid,4,42.900000,0.000000,171.600000,1700064800,1700065190
orders-row-0000721,ord-0000721,ord-0000721,user-00221,books,paypal,pending,1,43.900000,0.150000,37.310000,1700064890,1700065293
orders-row-0000722,ord-0000722,ord-0000722,user-00222,grocery,bank_transfer,shipped,3,45.700000,0.100000,123.390000,1700064980,1700065396
orders-row-0000723,ord-0000723,ord-0000723,user-00223,apparel,wallet,refunded,5,47.100000,0.050000,223.720000,1700065070,1700065499
orders-row-0000724,ord-0000724,ord-0000724,user-00224,home,card,completed,2,48.800000,0.000000,97.600000,1700065160,1700065602
orders-row-0000725,ord-0000725,ord-0000725,user-00225,sports,paypal,paid,4,51.300000,0.150000,174.420000,1700065250,1700065705
orders-row-0000726,ord-0000726,ord-0000726,user-00226,electronics,bank_transfer,pending,1,52.500000,0.100000,47.250000,1700065340,1700065808
orders-row-0000727,ord-0000727,ord-0000727,user-00227,books,wallet,shipped,3,53.900000,0.050000,153.610000,1700065430,1700065911
orders-row-0000728,ord-0000728,ord-0000728,user-00228,grocery,card,refunded,5,56.300000,0.000000,281.500000,1700065520,1700066014
orders-row-0000729,ord-0000729,ord-0000729,user-00229,apparel,paypal,completed,2,57.800000,0.150000,98.260000,1700065610,1700066117
orders-row-0000730,ord-0000730,ord-0000730,user-00230,home,bank_transfer,paid,4,59.500000,0.100000,214.200000,1700065700,1700066220
orders-row-0000731,ord-0000731,ord-0000731,user-00231,sports,wallet,pending,1,60.700000,0.050000,57.660000,1700065790,1700066323
orders-row-0000732,ord-0000732,ord-0000732,user-00232,electronics,card,shipped,3,62.600000,0.000000,187.800000,1700065880,1700066426
orders-row-0000733,ord-0000733,ord-0000733,user-00233,books,paypal,refunded,5,64.200000,0.150000,272.850000,1700065970,1700066529
orders-row-0000734,ord-0000734,ord-0000734,user-00234,grocery,bank_transfer,completed,2,66.500000,0.100000,119.700000,1700066060,1700066632
orders-row-0000735,ord-0000735,ord-0000735,user-00235,apparel,wallet,paid,4,68.200000,0.050000,259.160000,1700066150,1700066735
orders-row-0000736,ord-0000736,ord-0000736,user-00236,home,card,pending,1,69.900000,0.000000,69.900000,1700066240,1700066838
orders-row-0000737,ord-0000737,ord-0000737,user-00237,sports,paypal,shipped,3,71.100000,0.150000,181.300000,1700066330,1700066941
orders-row-0000738,ord-0000738,ord-0000738,user-00238,electronics,bank_transfer,refunded,5,72.700000,0.100000,327.150000,1700066420,1700067044
orders-row-0000739,ord-0000739,ord-0000739,user-00239,books,wallet,completed,2,75.000000,0.050000,142.500000,1700066510,1700067147
orders-row-0000740,ord-0000740,ord-0000740,user-00240,grocery,card,paid,4,76.700000,0.000000,306.800000,1700066600,1700067250
orders-row-0000741,ord-0000741,ord-0000741,user-00241,apparel,paypal,pending,1,8.200000,0.150000,6.970000,1700066690,1700067353
orders-row-0000742,ord-0000742,ord-0000742,user-00242,home,bank_transfer,shipped,3,10.000000,0.100000,27.000000,1700066780,1700067456
orders-row-0000743,ord-0000743,ord-0000743,user-00243,sports,wallet,refunded,5,11.700000,0.050000,55.570000,1700066870,1700067559
orders-row-0000744,ord-0000744,ord-0000744,user-00244,electronics,card,completed,2,13.600000,0.000000,27.200000,1700066960,1700067662
orders-row-0000745,ord-0000745,ord-0000745,user-00245,books,paypal,paid,4,14.800000,0.150000,50.320000,1700067050,1700067765
orders-row-0000746,ord-0000746,ord-0000746,user-00246,grocery,bank_transfer,pending,1,17.100000,0.100000,15.390000,1700067140,1700067868
orders-row-0000747,ord-0000747,ord-0000747,user-00247,apparel,wallet,shipped,3,18.800000,0.050000,53.580000,1700067230,1700067971
orders-row-0000748,ord-0000748,ord-0000748,user-00248,home,card,refunded,5,19.700000,0.000000,98.500000,1700067320,1700068074
orders-row-0000749,ord-0000749,ord-0000749,user-00249,sports,paypal,completed,2,21.600000,0.150000,36.720000,1700067410,1700068177
orders-row-0000750,ord-0000750,ord-0000750,user-00000,electronics,bank_transfer,paid,4,23.200000,0.100000,83.520000,1700067500,1700068280
orders-row-0000751,ord-0000751,ord-0000751,user-00001,books,wallet,pending,1,25.100000,0.050000,23.840000,1700067590,1700068383
orders-row-0000752,ord-0000752,ord-0000752,user-00002,grocery,card,shipped,3,26.900000,0.000000,80.700000,1700067680,1700068486
orders-row-0000753,ord-0000753,ord-0000753,user-00003,apparel,paypal,refunded,5,28.900000,0.150000,122.830000,1700067770,1700068589
orders-row-0000754,ord-0000754,ord-0000754,user-00004,home,bank_transfer,completed,2,29.900000,0.100000,53.820000,1700067860,1700068692
orders-row-0000755,ord-0000755,ord-0000755,user-00005,sports,wallet,paid,4,32.400000,0.050000,123.120000,1700067950,1700068795
orders-row-0000756,ord-0000756,ord-0000756,user-00006,electronics,card,pending,1,34.100000,0.000000,34.100000,1700068040,1700068898
orders-row-0000757,ord-0000757,ord-0000757,user-00007,books,paypal,shipped,3,35.600000,0.150000,90.780000,1700068130,1700069001
orders-row-0000758,ord-0000758,ord-0000758,user-00008,grocery,bank_transfer,refunded,5,37.400000,0.100000,168.300000,1700068220,1700069104
orders-row-0000759,ord-0000759,ord-0000759,user-00009,apparel,wallet,completed,2,39.100000,0.050000,74.290000,1700068310,1700069207
orders-row-0000760,ord-0000760,ord-0000760,user-00010,home,card,paid,4,40.400000,0.000000,161.600000,1700068400,1700069310
orders-row-0000761,ord-0000761,ord-0000761,user-00011,sports,paypal,pending,1,41.800000,0.150000,35.530000,1700068490,1700069413
orders-row-0000762,ord-0000762,ord-0000762,user-00012,electronics,bank_transfer,shipped,3,43.900000,0.100000,118.530000,1700068580,1700068616
orders-row-0000763,ord-0000763,ord-0000763,user-00013,books,wallet,refunded,5,45.100000,0.050000,214.220000,1700068670,1700068719
orders-row-0000764,ord-0000764,ord-0000764,user-00014,grocery,card,completed,2,46.900000,0.000000,93.800000,1700068760,1700068822
orders-row-0000765,ord-0000765,ord-0000765,user-00015,apparel,paypal,paid,4,48.800000,0.150000,165.920000,1700068850,1700068925
orders-row-0000766,ord-0000766,ord-0000766,user-00016,home,bank_transfer,pending,1,51.000000,0.100000,45.900000,1700068940,1700069028
orders-row-0000767,ord-0000767,ord-0000767,user-00017,sports,wallet,shipped,3,52.000000,0.050000,148.200000,1700069030,1700069131
orders-row-0000768,ord-0000768,ord-0000768,user-00018,electronics,card,refunded,5,53.600000,0.000000,268.000000,1700069120,1700069234
orders-row-0000769,ord-0000769,ord-0000769,user-00019,books,paypal,completed,2,56.100000,0.150000,95.370000,1700069210,1700069337
orders-row-0000770,ord-0000770,ord-0000770,user-00020,grocery,bank_transfer,paid,4,57.700000,0.100000,207.720000,1700069300,1700069440
orders-row-0000771,ord-0000771,ord-0000771,user-00021,apparel,wallet,pending,1,59.200000,0.050000,56.240000,1700069390,1700069543
orders-row-0000772,ord-0000772,ord-0000772,user-00022,home,card,shipped,3,60.900000,0.000000,182.700000,1700069480,1700069646
orders-row-0000773,ord-0000773,ord-0000773,user-00023,sports,paypal,refunded,5,62.900000,0.150000,267.320000,1700069570,1700069749
orders-row-0000774,ord-0000774,ord-0000774,user-00024,electronics,bank_transfer,completed,2,64.600000,0.100000,116.280000,1700069660,1700069852
orders-row-0000775,ord-0000775,ord-0000775,user-00025,books,wallet,paid,4,65.800000,0.050000,250.040000,1700069750,1700069955
orders-row-0000776,ord-0000776,ord-0000776,user-00026,grocery,card,pending,1,67.400000,0.000000,67.400000,1700069840,1700070058
orders-row-0000777,ord-0000777,ord-0000777,user-00027,apparel,paypal,shipped,3,69.000000,0.150000,175.950000,1700069930,1700070161
orders-row-0000778,ord-0000778,ord-0000778,user-00028,home,bank_transfer,refunded,5,71.000000,0.100000,319.500000,1700070020,1700070264
orders-row-0000779,ord-0000779,ord-0000779,user-00029,sports,wallet,completed,2,72.300000,0.050000,137.370000,1700070110,1700070367
orders-row-0000780,ord-0000780,ord-0000780,user-00030,electronics,card,paid,4,74.800000,0.000000,299.200000,1700070200,1700070470
orders-row-0000781,ord-0000781,ord-0000781,user-00031,books,paypal,pending,1,76.300000,0.150000,64.850000,1700070290,1700070573
orders-row-0000782,ord-0000782,ord-0000782,user-00032,grocery,bank_transfer,shipped,3,77.600000,0.100000,209.520000,1700070380,1700070676
orders-row-0000783,ord-0000783,ord-0000783,user-00033,apparel,wallet,refunded,5,9.500000,0.050000,45.120000,1700070470,1700070779
orders-row-0000784,ord-0000784,ord-0000784,user-00034,home,card,completed,2,11.400000,0.000000,22.800000,1700070560,1700070882
orders-row-0000785,ord-0000785,ord-0000785,user-00035,sports,paypal,paid,4,13.200000,0.150000,44.880000,1700070650,1700070985
orders-row-0000786,ord-0000786,ord-0000786,user-00036,electronics,bank_transfer,pending,1,14.700000,0.100000,13.230000,1700070740,1700071088
orders-row-0000787,ord-0000787,ord-0000787,user-00037,books,wallet,shipped,3,16.700000,0.050000,47.590000,1700070830,1700071191
orders-row-0000788,ord-0000788,ord-0000788,user-00038,grocery,card,refunded,5,18.200000,0.000000,91.000000,1700070920,1700071294
orders-row-0000789,ord-0000789,ord-0000789,user-00039,apparel,paypal,completed,2,19.900000,0.150000,33.830000,1700071010,1700071397
orders-row-0000790,ord-0000790,ord-0000790,user-00040,home,bank_transfer,paid,4,21.700000,0.100000,78.120000,1700071100,1700071500
orders-row-0000791,ord-0000791,ord-0000791,user-00041,sports,wallet,pending,1,23.300000,0.050000,22.130000,1700071190,1700071603
orders-row-0000792,ord-0000792,ord-0000792,user-00042,electronics,card,shipped,3,24.800000,0.000000,74.400000,1700071280,1700071706
orders-row-0000793,ord-0000793,ord-0000793,user-00043,books,paypal,refunded,5,26.600000,0.150000,113.050000,1700071370,1700071809
orders-row-0000794,ord-0000794,ord-0000794,user-00044,grocery,bank_transfer,completed,2,27.900000,0.100000,50.220000,1700071460,1700071912
orders-row-0000795,ord-0000795,ord-0000795,user-00045,apparel,wallet,paid,4,30.400000,0.050000,115.520000,1700071550,1700072015
orders-row-0000796,ord-0000796,ord-0000796,user-00046,home,card,pending,1,32.100000,0.000000,32.100000,1700071640,1700072118
orders-row-0000797,ord-0000797,ord-0000797,user-00047,sports,paypal,shipped,3,33.000000,0.150000,84.150000,1700071730,1700072221
orders-row-0000798,ord-0000798,ord-0000798,user-00048,electronics,bank_transfer,refunded,5,35.300000,0.100000,158.850000,1700071820,1700072324
orders-row-0000799,ord-0000799,ord-0000799,user-00049,books,wallet,completed,2,36.600000,0.050000,999999.000000,1700071910,1700072427
orders-row-0000800,ord-0000800,ord-0000800,user-00050,grocery,card,paid,4,38.300000,0.000000,153.200000,1700072000,1700072530
orders-row-0000801,ord-0000801,ord-0000801,user-00051,apparel,__CD_RARE_ORDERS_TRANSACTIONS_PAYMENT_METHOD_015__,pending,1,40.200000,0.150000,34.170000,1700072090,1700072633
orders-row-0000802,ord-0000802,ord-0000802,user-00052,home,bank_transfer,shipped,3,41.600000,0.100000,112.320000,1700072180,1700072736
orders-row-0000803,ord-0000803,ord-0000803,user-00053,sports,wallet,refunded,5,44.000000,0.050000,209.000000,1700072270,1700072839
orders-row-0000804,ord-0000804,ord-0000804,user-00054,electronics,card,completed,2,45.600000,0.000000,91.200000,1700072360,1700072942
orders-row-0000805,ord-0000805,ord-0000805,user-00055,books,paypal,paid,4,46.700000,0.150000,158.780000,1700072450,1700073045
orders-row-0000806,ord-0000806,ord-0000806,user-00056,grocery,bank_transfer,pending,1,48.900000,0.100000,44.010000,1700072540,1700073148
orders-row-0000807,ord-0000807,ord-0000807,user-00057,apparel,wallet,shipped,3,50.200000,0.050000,143.070000,1700072630,1700073251
orders-row-0000808,ord-0000808,ord-0000808,user-00058,home,card,refunded,5,52.500000,0.000000,262.500000,1700072720,1700073354
orders-row-0000809,ord-0000809,ord-0000809,user-00059,sports,paypal,completed,2,54.200000,0.150000,92.140000,1700072810,1700073457
orders-row-0000810,ord-0000810,ord-0000810,user-00060,electronics,bank_transfer,paid,4,55.800000,0.100000,200.880000,1700072900,1700073560
orders-row-0000811,ord-0000811,ord-0000811,user-00061,books,wallet,pending,1,57.500000,0.050000,54.620000,1700072990,1700073663
orders-row-0000812,ord-0000812,ord-0000812,user-00062,grocery,card,shipped,3,58.600000,0.000000,175.800000,1700073080,1700073766
orders-row-0000813,ord-0000813,ord-0000813,user-00063,apparel,paypal,refunded,5,60.700000,0.150000,257.970000,1700073170,1700073869
orders-row-0000814,ord-0000814,ord-0000814,user-00064,home,bank_transfer,completed,2,62.400000,0.100000,112.320000,1700073260,1700073972
orders-row-0000815,ord-0000815,ord-0000815,user-00065,sports,wallet,paid,4,63.800000,0.050000,242.440000,1700073350,1700074075
orders-row-0000816,ord-0000816,ord-0000816,user-00066,electronics,card,pending,1,66.000000,0.000000,66.000000,1700073440,1700074178
orders-row-0000817,ord-0000817,ord-0000817,user-00067,books,paypal,shipped,3,67.700000,0.150000,172.640000,1700073530,1700074281
orders-row-0000818,ord-0000818,ord-0000818,user-00068,grocery,bank_transfer,refunded,5,69.000000,0.100000,310.500000,1700073620,1700074384
orders-row-0000819,ord-0000819,ord-0000819,user-00069,apparel,wallet,completed,2,70.600000,0.050000,134.140000,1700073710,1700074487
orders-row-0000820,ord-0000820,ord-0000820,user-00070,home,card,paid,4,72.200000,0.000000,288.800000,1700073800,1700074590
orders-row-0000821,ord-0000821,ord-0000821,user-00071,sports,paypal,pending,1,73.900000,0.150000,62.820000,1700073890,1700074693
orders-row-0000822,ord-0000822,ord-0000822,user-00072,electronics,bank_transfer,shipped,3,75.700000,0.100000,204.390000,1700073980,1700074796
orders-row-0000823,ord-0000823,ord-0000823,user-00073,books,wallet,refunded,5,77.800000,0.050000,369.550000,1700074070,1700074899
orders-row-0000824,ord-0000824,ord-0000824,user-00074,grocery,card,completed,2,9.300000,0.000000,18.600000,1700074160,1700075002
orders-row-0000825,ord-0000825,ord-0000825,user-00075,apparel,paypal,paid,4,10.700000,0.150000,36.380000,1700074250,1700075105
orders-row-0000826,ord-0000826,ord-0000826,user-00076,home,bank_transfer,pending,1,12.600000,0.100000,11.340000,1700074340,1700075208
orders-row-0000827,ord-0000827,ord-0000827,user-00077,sports,wallet,shipped,3,14.500000,0.050000,41.320000,1700074430,1700075311
orders-row-0000828,ord-0000828,ord-0000828,user-00078,electronics,card,refunded,5,15.700000,0.000000,78.500000,1700074520,1700075414
orders-row-0000829,ord-0000829,ord-0000829,user-00079,books,paypal,completed,2,18.100000,0.150000,30.770000,1700074610,1700075517
orders-row-0000830,ord-0000830,ord-0000830,user-00080,grocery,bank_transfer,paid,4,19.500000,0.100000,70.200000,1700074700,1700075620
orders-row-0000831,ord-0000831,ord-0000831,user-00081,apparel,wallet,pending,1,21.500000,0.050000,20.430000,1700074790,1700074823
orders-row-0000832,ord-0000832,ord-0000832,user-00082,home,card,shipped,3,22.400000,0.000000,67.200000,1700074880,1700074926
orders-row-0000833,ord-0000833,ord-0000833,user-00083,sports,paypal,refunded,5,24.900000,0.150000,105.830000,1700074970,1700075029
orders-row-0000834,ord-0000834,ord-0000834,user-00084,electronics,bank_transfer,completed,2,26.500000,0.100000,47.700000,1700075060,1700075132
orders-row-0000835,ord-0000835,ord-0000835,user-00085,books,wallet,paid,4,28.400000,0.050000,107.920000,1700075150,1700075235
orders-row-0000836,ord-0000836,ord-0000836,user-00086,grocery,card,pending,1,29.600000,0.000000,29.600000,1700075240,1700075338
orders-row-0000837,ord-0000837,ord-0000837,user-00087,apparel,paypal,shipped,3,31.700000,0.150000,80.830000,1700075330,1700075441
orders-row-0000838,ord-0000838,ord-0000838,user-00088,home,bank_transfer,refunded,5,33.300000,0.100000,149.850000,1700075420,1700075544
orders-row-0000839,ord-0000839,ord-0000839,user-00089,sports,wallet,completed,2,34.600000,0.050000,65.740000,1700075510,1700075647
orders-row-0000840,ord-0000840,ord-0000840,user-00090,electronics,card,paid,4,36.900000,0.000000,147.600000,1700075600,1700075750
orders-row-0000841,ord-0000841,ord-0000841,user-00091,books,paypal,pending,1,38.200000,0.150000,32.470000,1700075690,1700075853
orders-row-0000842,ord-0000842,ord-0000842,user-00092,,bank_transfer,shipped,3,39.600000,0.100000,106.920000,1700075780,1700075956
orders-row-0000843,ord-0000843,ord-0000843,user-00093,apparel,wallet,refunded,5,41.600000,0.050000,197.600000,1700075870,1700076059
orders-row-0000844,ord-0000844,ord-0000844,user-00094,home,card,completed,2,43.300000,0.000000,86.600000,1700075960,1700076162
orders-row-0000845,ord-0000845,ord-0000845,user-00095,sports,paypal,paid,4,45.400000,0.150000,154.360000,1700076050,1700076265
orders-row-0000846,ord-0000846,ord-0000846,user-00096,electronics,bank_transfer,pending,1,46.400000,0.100000,41.760000,1700076140,1700076368
orders-row-0000847,ord-0000847,ord-0000847,user-00097,books,wallet,shipped,3,48.200000,0.050000,137.370000,1700076230,1700076471
orders-row-0000848,ord-0000848,ord-0000848,user-00098,grocery,card,refunded,5,50.400000,0.000000,252.000000,1700076320,1700076574
orders-row-0000849,ord-0000849,ord-0000849,user-00099,apparel,paypal,completed,2,51.600000,0.150000,87.720000,1700076410,1700076677
orders-row-0000850,ord-0000850,ord-0000850,user-00100,home,bank_transfer,paid,4,53.600000,0.100000,192.960000,1700076500,1700076780
orders-row-0000851,ord-0000851,ord-0000851,user-00101,sports,wallet,pending,1,55.000000,0.050000,52.250000,1700076590,1700076470
orders-row-0000852,ord-0000852,ord-0000852,user-00102,electronics,card,shipped,3,56.800000,0.000000,170.400000,1700076680,1700076986
orders-row-0000853,ord-0000853,ord-0000853,user-00103,books,paypal,refunded,5,58.700000,0.150000,249.470000,1700076770,1700077089
orders-row-0000854,ord-0000854,ord-0000854,user-00104,grocery,bank_transfer,completed,2,59.800000,0.100000,107.640000,1700076860,1700077192
orders-row-0000855,ord-0000855,ord-0000855,user-00105,apparel,wallet,paid,4,61.600000,0.050000,234.080000,1700076950,1700077295
orders-row-0000856,ord-0000856,ord-0000856,user-00106,home,card,pending,1,63.800000,0.000000,63.800000,1700077040,1700077398
orders-row-0000857,ord-0000857,ord-0000857,user-00107,sports,paypal,shipped,3,65.600000,0.150000,167.280000,1700077130,1700077501
orders-row-0000858,ord-0000858,ord-0000858,user-00108,electronics,bank_transfer,refunded,5,67.100000,0.100000,301.950000,1700077220,1700077604
orders-row-0000859,ord-0000859,ord-0000859,user-00109,books,wallet,completed,2,68.300000,0.050000,129.770000,1700077310,1700077707
orders-row-0000860,ord-0000860,ord-0000860,user-00110,grocery,card,paid,4,70.800000,0.000000,283.200000,1700077400,1700077810
orders-row-0000861,ord-0000861,ord-0000861,user-00111,apparel,paypal,pending,1,71.800000,0.150000,61.030000,1700077490,1700077913
orders-row-0000862,ord-0000862,ord-0000862,user-00112,home,bank_transfer,shipped,3,73.900000,0.100000,199.530000,1700077580,1700078016
orders-row-0000863,ord-0000863,ord-0000863,user-00113,sports,wallet,refunded,5,75.300000,0.050000,357.680000,1700077670,1700078119
orders-row-0000864,ord-0000864,ord-0000864,user-00114,electronics,card,completed,2,77.300000,0.000000,154.600000,1700077760,1700078222
orders-row-0000865,ord-0000865,ord-0000865,user-00115,books,paypal,paid,4,9.100000,0.150000,30.940000,1700077850,1700078325
orders-row-0000866,ord-0000866,ord-0000866,user-00116,grocery,bank_transfer,pending,1,10.400000,0.100000,9.360000,1700077940,1700078428
orders-row-0000867,ord-0000867,ord-0000867,user-00117,apparel,wallet,shipped,3,12.200000,0.050000,34.770000,1700078030,1700078531
orders-row-0000868,ord-0000868,ord-0000868,user-00118,home,card,refunded,5,13.600000,0.000000,68.000000,1700078120,1700078634
orders-row-0000869,ord-0000869,ord-0000869,user-00119,sports,paypal,completed,2,15.400000,0.150000,26.180000,1700078210,1700078737
orders-row-0000870,ord-0000870,ord-0000870,user-00120,electronics,bank_transfer,paid,4,17.500000,0.100000,63.000000,1700078300,1700078840
orders-row-0000871,ord-0000871,ord-0000871,user-00121,books,wallet,pending,1,19.100000,0.050000,18.140000,1700078390,1700078943
orders-row-0000872,ord-0000872,ord-0000872,user-00122,grocery,card,shipped,3,20.600000,0.000000,61.800000,1700078480,1700079046
orders-row-0000873,ord-0000873,ord-0000873,user-00123,apparel,paypal,refunded,5,22.100000,0.150000,93.920000,1700078570,1700079149
orders-row-0000874,ord-0000874,ord-0000874,user-00124,home,bank_transfer,completed,2,24.200000,0.100000,43.560000,1700078660,1700079252
orders-row-0000875,ord-0000875,ord-0000875,user-00125,sports,wallet,paid,4,26.400000,0.050000,100.320000,1700078750,1700079355
orders-row-0000876,ord-0000876,ord-0000876,user-00126,electronics,card,pending,1,27.200000,0.000000,27.200000,1700078840,1700079458
orders-row-0000877,ord-0000877,ord-0000877,user-00127,books,paypal,shipped,3,29.100000,0.150000,74.210000,1700078930,1700079561
orders-row-0000878,ord-0000878,ord-0000878,user-00128,grocery,bank_transfer,refunded,5,31.500000,0.100000,141.750000,1700079020,1700079664
orders-row-0000879,ord-0000879,ord-0000879,user-00129,apparel,wallet,completed,2,32.300000,0.050000,61.370000,1700079110,1700079767
orders-row-0000880,ord-0000880,ord-0000880,user-00130,home,card,paid,4,34.200000,0.000000,136.800000,1700079200,1700079870
orders-row-0000881,ord-0000881,ord-0000881,user-00131,sports,paypal,pending,1,35.700000,0.150000,30.350000,1700079290,1700079973
orders-row-0000882,ord-0000882,ord-0000882,user-00132,electronics,bank_transfer,shipped,3,37.900000,0.100000,102.330000,1700079380,1700080076
orders-row-0000883,ord-0000883,ord-0000883,user-00133,books,wallet,refunded,5,39.200000,0.050000,186.200000,1700079470,1700080179
orders-row-0000884,ord-0000884,ord-0000884,user-00134,grocery,card,completed,2,41.000000,0.000000,82.000000,1700079560,1700080282
orders-row-0000885,ord-0000885,ord-0000885,user-00135,apparel,paypal,paid,4,43.000000,0.150000,146.200000,1700079650,1700080385
orders-row-0000886,ord-0000886,ord-0000886,user-00136,home,bank_transfer,pending,1,44.700000,0.100000,40.230000,1700079740,1700080488
orders-row-0000887,ord-0000887,ord-0000887,user-00137,sports,wallet,shipped,3,46.500000,0.050000,132.530000,1700079830,1700080591
orders-row-0000888,ord-0000888,ord-0000888,user-00138,electronics,card,refunded,5,48.000000,0.000000,240.000000,1700079920,1700080694
orders-row-0000889,ord-0000889,ord-0000889,user-00139,books,paypal,completed,2,49.300000,0.150000,83.810000,1700080010,1700080797
orders-row-0000890,ord-0000890,ord-0000890,user-00140,grocery,bank_transfer,paid,4,51.600000,0.100000,185.760000,1700080100,1700080900
orders-row-0000891,ord-0000891,ord-0000891,user-00141,apparel,wallet,pending,1,53.400000,0.050000,50.730000,1700080190,1700081003
orders-row-0000892,ord-0000892,ord-0000892,user-00142,home,card,shipped,3,54.400000,0.000000,163.200000,1700080280,1700081106
orders-row-0000893,ord-0000893,ord-0000893,user-00143,sports,paypal,refunded,5,56.600000,0.150000,240.550000,1700080370,1700081209
orders-row-0000894,ord-0000894,ord-0000894,user-00144,electronics,bank_transfer,completed,2,58.100000,0.100000,104.580000,1700080460,1700081312
orders-row-0000895,ord-0000895,ord-0000895,user-00145,books,wallet,paid,4,60.100000,0.050000,228.380000,1700080550,1700081415
orders-row-0000896,ord-0000896,ord-0000896,user-00146,grocery,card,pending,1,61.500000,0.000000,61.500000,1700080640,1700081518
orders-row-0000897,ord-0000897,ord-0000897,user-00147,apparel,paypal,shipped,3,63.400000,0.150000,161.670000,1700080730,1700081621
orders-row-0000898,ord-0000898,ord-0000898,user-00148,home,bank_transfer,refunded,5,64.900000,0.100000,292.050000,1700080820,1700081724
orders-row-0000899,ord-0000899,ord-0000899,user-00149,sports,wallet,completed,2,66.300000,0.050000,125.970000,1700080910,1700081827
orders-row-0000900,ord-0000900,ord-0000900,user-00150,electronics,card,paid,4,68.200000,0.000000,272.800000,1700081000,1700081030
orders-row-0000901,ord-0000901,ord-0000901,user-00151,books,paypal,pending,1,70.500000,0.150000,59.920000,1700081090,1700081133
orders-row-0000902,ord-0000902,ord-0000902,user-00152,grocery,bank_transfer,shipped,3,71.700000,0.100000,193.590000,1700081180,1700081236
orders-row-0000903,ord-0000903,ord-0000903,user-00153,apparel,wallet,refunded,5,73.100000,0.050000,347.220000,1700081270,1700081339
orders-row-0000904,ord-0000904,ord-0000904,user-00154,home,card,completed,999,74.900000,0.000000,149.800000,1700081360,1700081442
orders-row-0000905,ord-0000905,ord-0000905,user-00155,sports,paypal,paid,4,77.000000,0.150000,261.800000,1700081450,1700081545
orders-row-0000906,ord-0000906,ord-0000906,user-00156,electronics,bank_transfer,pending,1,8.900000,0.100000,8.010000,1700081540,1700081648
orders-row-0000907,ord-0000907,ord-0000907,user-00157,books,wallet,shipped,3,10.300000,0.050000,29.360000,1700081630,1700081751
orders-row-0000908,ord-0000908,ord-0000908,user-00158,grocery,card,refunded,5,12.300000,0.000000,61.500000,1700081720,1700081854
orders-row-0000909,ord-0000909,ord-0000909,user-00159,apparel,paypal,completed,2,13.900000,0.150000,23.630000,1700081810,1700081957
orders-row-0000910,ord-0000910,ord-0000910,user-00160,home,bank_transfer,paid,4,15.900000,0.100000,57.240000,1700081900,1700082060
orders-row-0000911,ord-0000911,ord-0000911,user-00161,sports,wallet,pending,1,17.500000,0.050000,16.620000,1700081990,1700082163
orders-row-0000912,ord-0000912,ord-0000912,user-00162,electronics,card,shipped,3,18.700000,0.000000,56.100000,1700082080,1700082266
orders-row-0000913,ord-0000913,ord-0000913,user-00163,books,paypal,refunded,5,21.000000,0.150000,89.250000,1700082170,1700082369
orders-row-0000914,ord-0000914,ord-0000914,user-00164,grocery,bank_transfer,completed,2,22.100000,0.100000,39.780000,1700082260,1700082472
orders-row-0000915,ord-0000915,ord-0000915,user-00165,apparel,wallet,paid,4,24.000000,0.050000,91.200000,1700082350,1700082575
orders-row-0000916,ord-0000916,ord-0000916,user-00166,home,card,pending,1,25.200000,0.000000,25.200000,1700082440,1700082678
orders-row-0000917,ord-0000917,ord-0000917,user-00167,sports,paypal,shipped,3,27.500000,0.150000,70.120000,1700082530,1700082781
orders-row-0000918,ord-0000918,ord-0000918,user-00168,electronics,bank_transfer,refunded,5,29.300000,0.100000,131.850000,1700082620,1700082884
orders-row-0000919,ord-0000919,ord-0000919,user-00169,books,wallet,completed,2,30.400000,0.050000,57.760000,1700082710,1700082987
orders-row-0000920,ord-0000920,ord-0000920,user-00170,grocery,card,paid,4,32.200000,0.000000,128.800000,1700082800,1700083090
orders-row-0000921,ord-0000921,ord-0000921,user-00171,apparel,paypal,pending,1,33.700000,0.150000,28.650000,1700082890,1700083193
orders-row-0000922,ord-0000922,ord-0000922,user-00172,home,bank_transfer,shipped,3,36.000000,0.100000,97.200000,1700082980,1700083296
orders-row-0000923,ord-0000923,ord-0000923,user-00173,sports,wallet,refunded,5,38.000000,0.050000,180.500000,1700083070,1700083399
orders-row-0000924,ord-0000924,ord-0000924,user-00174,electronics,card,completed,2,39.200000,0.000000,78.400000,1700083160,1700083502
orders-row-0000925,ord-0000925,ord-0000925,user-00175,books,paypal,paid,4,41.200000,0.150000,140.080000,1700083250,1700083605
orders-row-0000926,ord-0000926,ord-0000926,user-00176,grocery,bank_transfer,pending,1,43.100000,0.100000,38.790000,1700083340,1700083708
orders-row-0000927,ord-0000927,ord-0000927,user-00177,apparel,wallet,shipped,3,44.100000,0.050000,125.690000,1700083430,1700083811
orders-row-0000928,ord-0000928,ord-0000928,user-00178,home,card,refunded,5,46.100000,0.000000,230.500000,1700083520,1700083914
orders-row-0000929,ord-0000929,ord-0000929,user-00179,sports,paypal,completed,2,48.200000,0.150000,81.940000,1700083610,1700084017
orders-row-0000930,ord-0000930,ord-0000930,user-00180,electronics,bank_transfer,paid,4,49.700000,0.100000,178.920000,1700083700,1700084120
orders-row-0000931,ord-0000931,ord-0000931,user-00181,books,wallet,pending,1,51.200000,0.050000,48.640000,1700083790,1700084223
orders-row-0000932,ord-0000932,ord-0000932,user-00182,grocery,card,shipped,3,53.100000,0.000000,159.300000,1700083880,1700084326
orders-row-0000933,ord-0000933,ord-0000933,user-00183,apparel,paypal,refunded,5,54.100000,0.150000,229.920000,1700083970,1700084429
orders-row-0000934,ord-0000934,ord-0000934,user-00184,home,bank_transfer,completed,2,56.000000,0.100000,100.800000,1700084060,1700084532
orders-row-0000935,ord-0000935,ord-0000935,user-00185,sports,wallet,paid,4,57.700000,0.050000,219.260000,1700084150,1700084635
orders-row-0000936,ord-0000936,ord-0000936,user-00186,electronics,card,pending,1,59.800000,0.000000,59.800000,1700084240,1700084738
orders-row-0000937,ord-0000937,ord-0000937,user-00187,books,paypal,shipped,3,61.500000,0.150000,156.820000,1700084330,1700084841
orders-row-0000938,ord-0000938,ord-0000938,user-00188,grocery,bank_transfer,refunded,5,62.800000,0.100000,282.600000,1700084420,1700084944
orders-row-0000939,ord-0000939,ord-0000939,user-00189,apparel,wallet,completed,2,64.700000,0.050000,122.930000,1700084510,1700085047
orders-row-0000940,ord-0000940,ord-0000940,user-00190,home,card,paid,4,66.600000,0.000000,266.400000,1700084600,1700085150
orders-row-0000941,ord-0000941,ord-0000941,user-00191,sports,paypal,pending,1,68.100000,0.150000,57.880000,1700084690,1700085253
orders-row-0000942,ord-0000942,ord-0000942,user-00192,electronics,bank_transfer,shipped,3,70.100000,0.100000,189.270000,1700084780,1700085356
orders-row-0000943,ord-0000943,ord-0000943,user-00193,books,wallet,refunded,5,71.500000,0.050000,339.620000,1700084870,1700085459
orders-row-0000944,ord-0000944,ord-0000944,user-00194,grocery,card,completed,2,72.800000,0.000000,145.600000,1700084960,1700085562
orders-row-0000945,ord-0000945,ord-0000945,user-00195,apparel,paypal,paid,4,74.700000,0.150000,253.980000,1700085050,1700085665
orders-row-0000946,ord-0000946,ord-0000946,user-00196,home,bank_transfer,pending,1,76.400000,0.100000,68.760000,1700085140,1700085768
orders-row-0000947,ord-0000947,ord-0000947,user-00197,sports,wallet,shipped,3,8.400000,0.050000,23.940000,1700085230,1700085871
orders-row-0000948,ord-0000948,ord-0000948,user-00198,electronics,card,refunded,5,10.500000,0.000000,52.500000,1700085320,1700085974
orders-row-0000949,ord-0000949,ord-0000949,user-00199,books,paypal,completed,2,11.300000,0.150000,19.210000,1700085410,1700086077
orders-row-0000950,ord-0000950,ord-0000950,user-00200,grocery,bank_transfer,paid,4,13.700000,0.100000,49.320000,1700085500,1700086180
orders-row-0000951,ord-0000951,ord-0000951,user-00201,apparel,wallet,pending,1,15.100000,0.050000,14.340000,1700085590,1700086283
orders-row-0000952,ord-0000952,ord-0000952,user-00202,home,card,shipped,3,17.200000,0.000000,51.600000,1700085680,1700086386
orders-row-0000953,ord-0000953,ord-0000953,user-00203,sports,paypal,refunded,5,18.600000,0.150000,79.050000,1700085770,1700086489
orders-row-0000954,ord-0000954,ord-0000954,user-00204,electronics,bank_transfer,completed,2,20.500000,0.100000,36.900000,1700085860,1700086592
orders-row-0000955,ord-0000955,ord-0000955,user-00205,books,wallet,paid,4,22.300000,0.050000,84.740000,1700085950,1700086695
orders-row-0000956,ord-0000956,ord-0000956,user-00206,grocery,card,pending,1,24.000000,0.000000,24.000000,1700086040,1700086798
orders-row-0000957,ord-0000957,ord-0000957,user-00207,apparel,paypal,shipped,3,25.100000,0.150000,64.010000,1700086130,1700086901
orders-row-0000958,ord-0000958,ord-0000958,user-00208,home,bank_transfer,refunded,5,26.700000,0.100000,120.150000,1700086220,1700087004
orders-row-0000959,ord-0000959,ord-0000959,user-00209,sports,wallet,completed,2,29.200000,0.050000,55.480000,1700086310,1700087107
orders-row-0000960,ord-0000960,ord-0000960,user-00210,electronics,card,paid,4,30.400000,0.000000,121.600000,1700086400,1700087210
orders-row-0000961,ord-0000961,ord-0000961,user-00211,books,paypal,pending,1,32.100000,0.150000,27.290000,1700086490,1700087313
orders-row-0000962,ord-0000962,ord-0000962,user-00212,grocery,bank_transfer,shipped,3,33.800000,0.100000,91.260000,1700086580,1700087416
orders-row-0000963,ord-0000963,ord-0000963,user-00213,apparel,wallet,refunded,5,35.300000,0.050000,167.670000,1700086670,1700087519
orders-row-0000964,ord-0000964,ord-0000964,user-00214,home,card,completed,2,37.500000,0.000000,75.000000,1700086760,1700087622
orders-row-0000965,ord-0000965,ord-0000965,user-00215,sports,paypal,paid,4,39.200000,0.150000,133.280000,1700086850,1700087725
orders-row-0000966,ord-0000966,ord-0000966,user-00216,electronics,bank_transfer,pending,1,40.200000,0.100000,36.180000,1700086940,1700087828
orders-row-0000967,ord-0000967,ord-0000967,user-00217,books,wallet,shipped,3,41.900000,0.050000,119.410000,1700087030,1700087931
orders-row-0000968,ord-0000968,ord-0000968,user-00218,grocery,card,refunded,5,43.800000,0.000000,219.000000,1700087120,1700088034
orders-row-0000969,ord-0000969,ord-0000969,user-00219,apparel,paypal,completed,2,45.600000,0.150000,77.520000,1700087210,1700088137
orders-row-0000970,ord-0000970,ord-0000970,user-00220,home,bank_transfer,paid,4,47.000000,0.100000,169.200000,1700087300,1700087340
orders-row-0000971,ord-0000971,ord-0000971,user-00221,sports,wallet,pending,1,48.900000,0.050000,46.450000,1700087390,1700087443
orders-row-0000972,ord-0000972,ord-0000972,user-00222,electronics,card,shipped,3,50.700000,0.000000,152.100000,1700087480,1700087546
orders-row-0000973,ord-0000973,ord-0000973,user-00223,books,paypal,refunded,5,53.000000,0.150000,225.250000,1700087570,1700087649
orders-row-0000974,ord-0000974,ord-0000974,user-00224,grocery,bank_transfer,completed,2,54.100000,0.100000,97.380000,1700087660,1700087752
orders-row-0000975,ord-0000975,ord-0000975,user-00225,apparel,wallet,paid,4,55.700000,0.050000,211.660000,1700087750,1700087855
orders-row-0000976,ord-0000976,ord-0000976,user-00226,home,card,pending,1,57.900000,0.000000,57.900000,1700087840,1700087958
orders-row-0000977,ord-0000977,ord-0000977,user-00227,sports,paypal,shipped,3,59.600000,0.150000,151.980000,1700087930,1700088061
orders-row-0000978,ord-0000978,ord-0000978,user-00228,electronics,bank_transfer,refunded,5,61.300000,0.100000,275.850000,1700088020,1700088164
orders-row-0000979,ord-0000979,ord-0000979,user-00229,books,wallet,completed,2,63.200000,0.050000,120.080000,1700088110,1700088267
orders-row-0000980,ord-0000980,ord-0000980,user-00230,grocery,card,paid,4,64.600000,0.000000,258.400000,1700088200,1700088370
orders-row-0000981,ord-0000981,ord-0000981,user-00231,apparel,paypal,pending,1,66.100000,0.150000,56.180000,1700088290,1700088473
orders-row-0000982,ord-0000982,ord-0000982,user-00232,home,bank_transfer,shipped,3,67.900000,0.100000,183.330000,1700088380,1700088576
orders-row-0000983,ord-0000983,ord-0000983,user-00233,sports,wallet,refunded,5,69.100000,0.050000,328.220000,1700088470,1700088679
orders-row-0000984,ord-0000984,ord-0000984,user-00234,electronics,card,completed,2,71.600000,0.000000,143.200000,1700088560,1700088782
orders-row-0000985,ord-0000985,ord-0000985,user-00235,books,paypal,paid,4,72.900000,0.150000,247.860000,1700088650,1700088885
orders-row-0000986,ord-0000986,ord-0000986,user-00236,grocery,bank_transfer,pending,1,74.500000,0.100000,67.050000,1700088740,1700088988
orders-row-0000987,ord-0000987,ord-0000987,user-00237,apparel,wallet,shipped,3,76.800000,0.050000,218.880000,1700088830,1700089091
orders-row-0000988,ord-0000988,ord-0000988,user-00238,home,card,refunded,5,8.200000,0.000000,41.000000,1700088920,1700089194
orders-row-0000989,ord-0000989,ord-0000989,user-00239,sports,paypal,completed,2,9.500000,0.150000,16.150000,1700089010,1700089297
orders-row-0000990,ord-0000990,ord-0000990,user-00240,electronics,bank_transfer,paid,4,11.400000,0.100000,41.040000,1700089100,1700089400
orders-row-0000991,ord-0000991,ord-0000991,user-00241,books,wallet,pending,1,13.300000,0.050000,12.630000,1700089190,1700089503
orders-row-0000992,ord-0000992,ord-0000992,user-00242,grocery,card,shipped,3,14.600000,0.000000,999999.000000,1700089280,1700089606
orders-row-0000993,ord-0000993,ord-0000993,user-00243,apparel,paypal,refunded,5,16.400000,0.150000,69.700000,1700089370,1700089709
orders-row-0000994,ord-0000994,ord-0000994,user-00244,home,bank_transfer,completed,2,18.400000,0.100000,33.120000,1700089460,1700089812
orders-row-0000995,ord-0000995,ord-0000995,user-00245,sports,wallet,paid,4,20.000000,0.050000,76.000000,1700089550,1700089915
orders-row-0000996,ord-0000996,ord-0000996,user-00246,electronics,card,pending,1,21.600000,0.000000,21.600000,1700089640,1700090018
orders-row-0000997,ord-0000997,ord-0000997,user-00247,books,paypal,shipped,3,23.500000,0.150000,59.920000,1700089730,1700090121
orders-row-0000998,ord-0000998,ord-0000998,user-00248,grocery,bank_transfer,refunded,5,24.900000,0.100000,112.050000,1700089820,1700090224
orders-row-0000999,ord-0000999,ord-0000999,user-00249,apparel,wallet,completed,2,26.600000,0.050000,50.540000,1700089910,1700090327
orders-row-0001000,ord-0001000,ord-0001000,user-00000,home,card,paid,4,28.100000,0.000000,112.400000,1700090000,1700090430
orders-row-0001001,ord-0001001,ord-0001001,user-00001,sports,paypal,pending,1,30.000000,0.150000,25.500000,1700090090,1700090533
orders-row-0001002,ord-0001002,ord-0001002,user-00002,electronics,bank_transfer,shipped,3,32.100000,0.100000,86.670000,1700090180,1700090636
orders-row-0001003,ord-0001003,ord-0001003,user-00003,books,wallet,refunded,5,33.900000,0.050000,161.030000,1700090270,1700090739
orders-row-0001004,ord-0001004,ord-0001004,user-00004,grocery,card,completed,2,35.600000,0.000000,71.200000,1700090360,1700090842
orders-row-0001005,ord-0001005,ord-0001005,user-00005,apparel,paypal,paid,4,37.400000,0.150000,127.160000,1700090450,1700090945
orders-row-0001006,ord-0001006,ord-0001006,user-00006,home,bank_transfer,pending,1,39.000000,0.100000,35.100000,1700090540,1700091048
orders-row-0001007,ord-0001007,ord-0001007,user-00007,sports,wallet,shipped,3,40.700000,0.050000,116.000000,1700090630,1700091151
orders-row-0001008,ord-0001008,ord-0001008,user-00008,electronics,card,refunded,5,41.700000,0.000000,208.500000,1700090720,1700091254
orders-row-0001009,ord-0001009,ord-0001009,user-00009,books,paypal,completed,2,43.400000,0.150000,73.780000,1700090810,1700091357
orders-row-0001010,ord-0001010,ord-0001010,user-00010,grocery,bank_transfer,paid,4,45.900000,0.100000,165.240000,1700090900,1700091460
orders-row-0001011,ord-0001011,ord-0001011,user-00011,apparel,wallet,pending,1,46.900000,0.050000,44.550000,1700090990,1700091563
orders-row-0001012,ord-0001012,ord-0001012,user-00012,home,card,shipped,3,48.700000,0.000000,146.100000,1700091080,1700091666
orders-row-0001013,ord-0001013,ord-0001013,user-00013,sports,paypal,refunded,5,50.600000,0.150000,215.050000,1700091170,1700091769
orders-row-0001014,ord-0001014,ord-0001014,user-00014,electronics,bank_transfer,completed,2,52.300000,0.100000,94.140000,1700091260,1700091872
orders-row-0001015,ord-0001015,ord-0001015,user-00015,books,wallet,paid,4,53.800000,0.050000,204.440000,1700091350,1700091975
orders-row-0001016,ord-0001016,ord-0001016,user-00016,grocery,card,pending,1,55.300000,0.000000,55.300000,1700091440,1700092078
orders-row-0001017,ord-0001017,ord-0001017,user-00017,apparel,paypal,shipped,3,57.200000,0.150000,145.860000,1700091530,1700092181
orders-row-0001018,ord-0001018,ord-0001018,user-00018,home,bank_transfer,refunded,5,58.800000,0.100000,264.600000,1700091620,1700092284
orders-row-0001019,ord-0001019,ord-0001019,user-00019,sports,wallet,completed,2,60.300000,0.050000,114.570000,1700091710,1700092387
orders-row-0001020,ord-0001020,ord-0001020,user-00020,electronics,card,paid,4,62.400000,0.000000,249.600000,1700091800,1700092490
orders-row-0001021,ord-0001021,ord-0001021,user-00021,books,paypal,pending,1,64.600000,0.150000,54.910000,1700091890,1700092593
orders-row-0001022,ord-0001022,ord-0001022,user-00022,grocery,bank_transfer,shipped,3,66.100000,0.100000,178.470000,1700091980,1700092696
orders-row-0001023,ord-0001023,ord-0001023,user-00023,apparel,wallet,refunded,5,67.800000,0.050000,322.050000,1700092070,1700092799
orders-row-0001024,ord-0001024,ord-0001024,user-00024,home,card,completed,2,69.700000,0.000000,139.400000,1700092160,1700092902
orders-row-0001025,ord-0001025,ord-0001025,user-00025,sports,paypal,paid,4,71.000000,0.150000,241.400000,1700092250,1700093005
orders-row-0001026,ord-0001026,ord-0001026,user-00026,electronics,bank_transfer,pending,1,72.900000,0.100000,65.610000,1700092340,1700093108
orders-row-0001027,ord-0001027,ord-0001027,user-00027,books,wallet,shipped,3,73.900000,0.050000,210.620000,1700092430,1700093211
orders-row-0001028,ord-0001028,ord-0001028,user-00028,grocery,card,refunded,5,75.600000,0.000000,378.000000,1700092520,1700093314
orders-row-0001029,ord-0001029,ord-0001029,user-00029,apparel,paypal,completed,2,8.000000,0.150000,13.600000,1700092610,1700093417
orders-row-0001030,ord-0001030,ord-0001030,user-00030,home,bank_transfer,paid,4,9.400000,0.100000,33.840000,1700092700,1700093520
orders-row-0001031,ord-0001031,ord-0001031,user-00031,sports,wallet,pending,999,11.400000,0.050000,10.830000,1700092790,1700093623
orders-row-0001032,ord-0001032,ord-0001032,user-00032,electronics,card,shipped,3,12.900000,0.000000,38.700000,1700092880,1700093726
orders-row-0001033,ord-0001033,ord-0001033,user-00033,books,paypal,refunded,5,14.100000,0.150000,59.920000,1700092970,1700093829
orders-row-0001034,ord-0001034,ord-0001034,user-00034,grocery,bank_transfer,completed,2,16.600000,0.100000,29.880000,1700093060,1700093932
orders-row-0001035,ord-0001035,ord-0001035,user-00035,apparel,wallet,paid,4,17.900000,0.050000,68.020000,1700093150,1700094035
orders-row-0001036,ord-0001036,ord-0001036,user-00036,home,,pending,1,19.400000,0.000000,19.400000,1700093240,1700094138
orders-row-0001037,ord-0001037,ord-0001037,user-00037,sports,paypal,shipped,3,21.600000,0.150000,55.080000,1700093330,1700094241
orders-row-0001038,ord-0001038,ord-0001038,user-00038,electronics,bank_transfer,refunded,5,22.600000,0.100000,101.700000,1700093420,1700094344
orders-row-0001039,ord-0001039,ord-0001039,user-00039,books,wallet,completed,2,25.000000,0.050000,47.500000,1700093510,1700093547
orders-row-0001040,ord-0001040,ord-0001040,user-00040,grocery,card,paid,4,26.900000,0.000000,107.600000,1700093600,1700093650
orders-row-0001041,ord-0001041,ord-0001041,user-00041,apparel,paypal,pending,1,27.700000,0.150000,23.540000,1700093690,1700093753
orders-row-0001042,ord-0001042,ord-0001042,user-00042,home,bank_transfer,shipped,3,29.700000,0.100000,80.190000,1700093780,1700093856
orders-row-0001043,ord-0001043,ord-0001043,user-00043,sports,wallet,refunded,5,31.300000,0.050000,148.670000,1700093870,1700093959
orders-row-0001044,ord-0001044,ord-0001044,user-00044,electronics,card,completed,2,33.400000,0.000000,66.800000,1700093960,1700094062
orders-row-0001045,ord-0001045,ord-0001045,user-00045,books,paypal,paid,4,35.000000,0.150000,119.000000,1700094050,1700094165
orders-row-0001046,ord-0001046,ord-0001046,user-00046,grocery,bank_transfer,pending,1,36.800000,0.100000,33.120000,1700094140,1700094268
orders-row-0001047,ord-0001047,ord-0001047,user-00047,apparel,wallet,shipped,3,38.400000,0.050000,109.440000,1700094230,1700094371
orders-row-0001048,ord-0001048,ord-0001048,user-00048,home,card,refunded,5,39.600000,0.000000,198.000000,1700094320,1700094474
orders-row-0001049,ord-0001049,ord-0001049,user-00049,sports,paypal,completed,2,41.900000,0.150000,71.230000,1700094410,1700094577
orders-row-0001050,ord-0001050,ord-0001050,user-00050,electronics,bank_transfer,paid,4,43.300000,0.100000,155.880000,1700094500,1700094680
orders-row-0001051,ord-0001051,ord-0001051,user-00051,books,wallet,pending,1,45.100000,0.050000,42.840000,1700094590,1700094783
orders-row-0001052,ord-0001052,ord-0001052,user-00052,grocery,card,shipped,3,47.000000,0.000000,141.000000,1700094680,1700094886
orders-row-0001053,ord-0001053,ord-0001053,user-00053,apparel,paypal,refunded,5,49.000000,0.150000,208.250000,1700094770,1700094989
orders-row-0001054,ord-0001054,ord-0001054,user-00054,home,bank_transfer,completed,2,49.900000,0.100000,89.820000,1700094860,1700095092
orders-row-0001055,ord-0001055,ord-0001055,user-00055,sports,wallet,paid,4,51.700000,0.050000,196.460000,1700094950,1700095195
orders-row-0001056,ord-0001056,ord-0001056,user-00056,electronics,card,pending,1,53.900000,0.000000,53.900000,1700095040,1700095298
orders-row-0001057,ord-0001057,ord-0001057,user-00057,books,paypal,shipped,3,55.200000,0.150000,140.760000,1700095130,1700095401
orders-row-0001058,ord-0001058,ord-0001058,user-00058,grocery,bank_transfer,refunded,5,56.800000,0.100000,255.600000,1700095220,1700095504
orders-row-0001059,ord-0001059,ord-0001059,user-00059,apparel,wallet,completed,2,58.300000,0.050000,110.770000,1700095310,1700095607
orders-row-0001060,ord-0001060,ord-0001060,user-00060,home,card,paid,4,60.700000,0.000000,242.800000,1700095400,1700095710
orders-row-0001061,ord-0001061,ord-0001061,user-00061,sports,paypal,pending,1,61.700000,0.150000,52.450000,1700095490,1700095813
orders-row-0001062,ord-0001062,ord-0001062,user-00062,electronics,bank_transfer,shipped,3,63.600000,0.100000,171.720000,1700095580,1700095916
orders-row-0001063,ord-0001063,ord-0001063,user-00063,books,wallet,refunded,5,65.300000,0.050000,310.180000,1700095670,1700096019
orders-row-0001064,ord-0001064,ord-0001064,user-00064,grocery,card,completed,2,67.100000,0.000000,134.200000,1700095760,1700096122
orders-row-0001065,ord-0001065,ord-0001065,user-00065,apparel,paypal,paid,4,68.900000,0.150000,234.260000,1700095850,1700096225
orders-row-0001066,ord-0001066,ord-0001066,user-00066,home,bank_transfer,pending,1,70.400000,0.100000,63.360000,1700095940,1700096328
orders-row-0001067,ord-0001067,ord-0001067,user-00067,sports,wallet,shipped,3,72.800000,0.050000,207.480000,1700096030,1700096431
orders-row-0001068,ord-0001068,ord-0001068,user-00068,electronics,card,refunded,5,73.800000,0.000000,369.000000,1700096120,1700096534
orders-row-0001069,ord-0001069,ord-0001069,user-00069,books,paypal,completed,2,75.600000,0.150000,128.520000,1700096210,1700096637
orders-row-0001070,ord-0001070,ord-0001070,user-00070,grocery,bank_transfer,paid,4,77.300000,0.100000,278.280000,1700096300,1700096740
orders-row-0001071,ord-0001071,ord-0001071,user-00071,apparel,wallet,pending,1,9.300000,0.050000,8.840000,1700096390,1700096843
orders-row-0001072,ord-0001072,ord-0001072,user-00072,home,card,shipped,3,10.900000,0.000000,32.700000,1700096480,1700096946
orders-row-0001073,ord-0001073,ord-0001073,user-00073,sports,paypal,refunded,5,12.200000,0.150000,51.850000,1700096570,1700097049
orders-row-0001074,ord-0001074,ord-0001074,user-00074,electronics,bank_transfer,completed,2,14.100000,0.100000,25.380000,1700096660,1700097152
orders-row-0001075,ord-0001075,ord-0001075,user-00075,books,wallet,paid,4,16.200000,0.050000,61.560000,1700096750,1700097255
orders-row-0001076,ord-0001076,ord-0001076,user-00076,grocery,card,pending,1,17.400000,0.000000,17.400000,1700096840,1700097358
orders-row-0001077,ord-0001077,ord-0001077,user-00077,apparel,paypal,shipped,3,19.100000,0.150000,48.710000,1700096930,1700097461
orders-row-0001078,ord-0001078,ord-0001078,user-00078,home,bank_transfer,refunded,5,21.200000,0.100000,95.400000,1700097020,1700097564
orders-row-0001079,ord-0001079,ord-0001079,user-00079,sports,wallet,completed,2,22.600000,0.050000,42.940000,1700097110,1700097667
orders-row-0001080,ord-0001080,ord-0001080,user-00080,electronics,card,paid,4,24.800000,0.000000,99.200000,1700097200,1700097770
orders-row-0001081,ord-0001081,ord-0001081,user-00081,books,paypal,pending,1,26.300000,0.150000,22.360000,1700097290,1700097873
orders-row-0001082,ord-0001082,ord-0001082,user-00082,grocery,bank_transfer,shipped,3,27.400000,0.100000,73.980000,1700097380,1700097976
orders-row-0001083,ord-0001083,ord-0001083,user-00083,apparel,wallet,refunded,5,29.700000,0.050000,141.070000,1700097470,1700098079
orders-row-0001084,ord-0001084,ord-0001084,user-00084,home,card,completed,2,31.400000,0.000000,62.800000,1700097560,1700098182
orders-row-0001085,ord-0001085,ord-0001085,user-00085,sports,paypal,paid,4,33.100000,0.150000,112.540000,1700097650,1700098285
orders-row-0001086,ord-0001086,ord-0001086,user-00086,electronics,bank_transfer,pending,1,34.700000,0.100000,31.230000,1700097740,1700098388
orders-row-0001087,ord-0001087,ord-0001087,user-00087,books,wallet,shipped,3,36.700000,0.050000,104.590000,1700097830,1700098491
orders-row-0001088,ord-0001088,ord-0001088,user-00088,grocery,card,refunded,5,38.500000,0.000000,192.500000,1700097920,1700098594
orders-row-0001089,ord-0001089,ord-0001089,user-00089,apparel,paypal,completed,2,39.700000,0.150000,67.490000,1700098010,1700098697
orders-row-0001090,ord-0001090,ord-0001090,user-00090,home,bank_transfer,__CD_RARE_ORDERS_TRANSACTIONS_ORDER_STATUS_006__,4,41.200000,0.100000,148.320000,1700098100,1700098800
orders-row-0001091,ord-0001091,ord-0001091,user-00091,sports,wallet,pending,1,43.600000,0.050000,41.420000,1700098190,1700098903
orders-row-0001092,ord-0001092,ord-0001092,user-00092,electronics,card,shipped,3,45.300000,0.000000,135.900000,1700098280,1700099006
orders-row-0001093,ord-0001093,ord-0001093,user-00093,books,paypal,refunded,5,46.600000,0.150000,198.050000,1700098370,1700099109
orders-row-0001094,ord-0001094,ord-0001094,user-00094,grocery,bank_transfer,completed,2,48.400000,0.100000,87.120000,1700098460,1700099212
orders-row-0001095,ord-0001095,ord-0001095,user-00095,apparel,wallet,paid,4,50.100000,0.050000,190.380000,1700098550,1700099315
orders-row-0001096,ord-0001096,ord-0001096,user-00096,home,card,pending,1,51.500000,0.000000,51.500000,1700098640,1700099418
orders-row-0001097,ord-0001097,ord-0001097,user-00097,sports,paypal,shipped,3,53.200000,0.150000,135.660000,1700098730,1700099521
orders-row-0001098,ord-0001098,ord-0001098,user-00098,electronics,bank_transfer,refunded,5,55.000000,0.100000,247.500000,1700098820,1700099624
orders-row-0001099,ord-0001099,ord-0001099,user-00099,books,wallet,completed,2,57.200000,0.050000,108.680000,1700098910,1700099727
orders-row-0001100,ord-0001100,ord-0001100,user-00100,grocery,card,paid,4,58.200000,0.000000,232.800000,1700099000,1700099830
orders-row-0001101,ord-0001101,ord-0001101,user-00101,apparel,paypal,pending,1,60.600000,0.150000,51.510000,1700099090,1700099933
orders-row-0001102,ord-0001102,ord-0001102,user-00102,home,bank_transfer,shipped,3,62.300000,0.100000,168.210000,1700099180,1700100036
orders-row-0001103,ord-0001103,ord-0001103,user-00103,sports,wallet,refunded,5,63.600000,0.050000,302.100000,1700099270,1700100139
orders-row-0001104,ord-0001104,ord-0001104,user-00104,electronics,card,completed,2,65.600000,0.000000,131.200000,1700099360,1700100242
orders-row-0001105,ord-0001105,ord-0001105,user-00105,books,paypal,paid,4,66.700000,0.150000,226.780000,1700099450,1700100345
orders-row-0001106,ord-0001106,ord-0001106,user-00106,grocery,bank_transfer,pending,1,69.000000,0.100000,62.100000,1700099540,1700100448
orders-row-0001107,ord-0001107,ord-0001107,user-00107,apparel,wallet,shipped,3,70.500000,0.050000,200.920000,1700099630,1700100551
orders-row-0001108,ord-0001108,ord-0001108,user-00108,__CD_RARE_ORDERS_TRANSACTIONS_PRODUCT_CATEGORY_016__,card,refunded,5,72.100000,0.000000,360.500000,1700099720,1700099754
orders-row-0001109,ord-0001109,ord-0001109,user-00109,sports,paypal,completed,2,73.700000,0.150000,125.290000,1700099810,1700099857
orders-row-0001110,ord-0001110,ord-0001110,user-00110,electronics,bank_transfer,paid,4,75.000000,0.100000,270.000000,1700099900,1700099960
orders-row-0001111,ord-0001111,ord-0001111,user-00111,books,wallet,pending,1,77.600000,0.050000,73.720000,1700099990,1700100063
orders-row-0001112,ord-0001112,ord-0001112,user-00112,grocery,card,shipped,3,9.300000,0.000000,27.900000,1700100080,1700100166
orders-row-0001113,ord-0001113,ord-0001113,user-00113,apparel,paypal,refunded,5,10.500000,0.150000,44.620000,1700100170,1700100269
orders-row-0001114,ord-0001114,ord-0001114,user-00114,home,bank_transfer,completed,2,12.300000,0.100000,22.140000,1700100260,1700100372
orders-row-0001115,ord-0001115,ord-0001115,user-00115,sports,wallet,paid,4,13.800000,0.050000,52.440000,1700100350,1700100475
orders-row-0001116,ord-0001116,ord-0001116,user-00116,electronics,card,pending,1,15.900000,0.000000,15.900000,1700100440,1700100578
orders-row-0001117,ord-0001117,ord-0001117,user-00117,books,paypal,shipped,3,16.900000,0.150000,43.090000,1700100530,1700100681
orders-row-0001118,ord-0001118,ord-0001118,user-00118,grocery,bank_transfer,refunded,5,19.200000,0.100000,86.400000,1700100620,1700100784
orders-row-0001119,ord-0001119,ord-0001119,user-00119,apparel,wallet,completed,2,20.700000,0.050000,39.330000,1700100710,1700100887
orders-row-0001120,ord-0001120,ord-0001120,user-00120,home,card,paid,4,22.200000,0.000000,88.800000,1700100800,1700100990
orders-row-0001121,ord-0001121,ord-0001121,user-00121,sports,paypal,pending,1,24.000000,0.150000,20.400000,1700100890,1700101093
orders-row-0001122,ord-0001122,ord-0001122,user-00122,electronics,bank_transfer,shipped,3,25.400000,0.100000,68.580000,1700100980,1700101196
orders-row-0001123,ord-0001123,ord-0001123,user-00123,books,wallet,refunded,5,27.600000,0.050000,131.100000,1700101070,1700101299
orders-row-0001124,ord-0001124,ord-0001124,user-00124,grocery,card,completed,2,29.500000,0.000000,59.000000,1700101160,1700101402
orders-row-0001125,ord-0001125,ord-0001125,user-00125,apparel,paypal,paid,4,30.800000,0.150000,104.720000,1700101250,1700101505
orders-row-0001126,ord-0001126,ord-0001126,user-00126,home,bank_transfer,pending,1,9999.000000,0.100000,29.160000,1700101340,1700101608
orders-row-0001127,ord-0001127,ord-0001127,user-00127,sports,wallet,shipped,3,34.600000,0.050000,98.610000,1700101430,1700101711
orders-row-0001128,ord-0001128,ord-0001128,user-00128,electronics,card,refunded,5,36.400000,0.000000,182.000000,1700101520,1700101814
orders-row-0001129,ord-0001129,ord-0001129,user-00129,books,paypal,completed,2,37.900000,0.150000,64.430000,1700101610,1700101917
orders-row-0001130,ord-0001130,ord-0001130,user-00130,grocery,bank_transfer,paid,4,39.800000,0.100000,143.280000,1700101700,1700102020
orders-row-0001131,ord-0001131,ord-0001131,user-00131,apparel,wallet,pending,1,40.800000,0.050000,38.760000,1700101790,1700102123
orders-row-0001132,ord-0001132,ord-0001132,user-00132,home,card,shipped,3,42.800000,0.000000,128.400000,1700101880,1700102226
orders-row-0001133,ord-0001133,ord-0001133,user-00133,sports,paypal,refunded,5,44.300000,0.150000,188.280000,1700101970,1700102329
orders-row-0001134,ord-0001134,ord-0001134,user-00134,electronics,bank_transfer,completed,2,45.900000,0.100000,82.620000,1700102060,1700102432
orders-row-0001135,ord-0001135,ord-0001135,user-00135,books,wallet,paid,4,48.000000,0.050000,182.400000,1700102150,1700102535
orders-row-0001136,ord-0001136,ord-0001136,user-00136,grocery,card,pending,1,50.100000,0.000000,50.100000,1700102240,1700102638
orders-row-0001137,ord-0001137,ord-0001137,user-00137,apparel,paypal,shipped,3,51.600000,0.150000,131.580000,1700102330,1700102741
orders-row-0001138,ord-0001138,ord-0001138,user-00138,home,bank_transfer,refunded,5,53.000000,0.100000,238.500000,1700102420,1700102844
orders-row-0001139,ord-0001139,ord-0001139,user-00139,sports,wallet,completed,2,54.700000,0.050000,103.930000,1700102510,1700102947
orders-row-0001140,ord-0001140,ord-0001140,user-00140,electronics,card,paid,4,56.200000,0.000000,224.800000,1700102600,1700103050
orders-row-0001141,ord-0001141,ord-0001141,user-00141,books,paypal,pending,1,57.700000,0.150000,49.050000,1700102690,1700103153
orders-row-0001142,ord-0001142,ord-0001142,user-00142,grocery,bank_transfer,shipped,3,60.000000,0.100000,162.000000,1700102780,1700103256
orders-row-0001143,ord-0001143,ord-0001143,user-00143,apparel,wallet,refunded,5,61.600000,0.050000,292.600000,1700102870,1700103359
orders-row-0001144,ord-0001144,ord-0001144,user-00144,home,card,completed,2,63.500000,0.000000,127.000000,1700102960,1700103462
orders-row-0001145,ord-0001145,ord-0001145,user-00145,sports,paypal,paid,4,65.200000,0.150000,221.680000,1700103050,1700103565
orders-row-0001146,ord-0001146,ord-0001146,user-00146,electronics,bank_transfer,pending,1,66.600000,0.100000,59.940000,1700103140,1700103668
orders-row-0001147,ord-0001147,ord-0001147,user-00147,books,wallet,shipped,3,68.100000,0.050000,194.080000,1700103230,1700103771
orders-row-0001148,ord-0001148,ord-0001148,user-00148,grocery,card,refunded,5,69.900000,0.000000,349.500000,1700103320,1700103874
orders-row-0001149,ord-0001149,ord-0001149,user-00149,apparel,paypal,completed,2,71.700000,0.150000,121.890000,1700103410,1700103977
orders-row-0001150,ord-0001150,ord-0001150,user-00150,home,bank_transfer,paid,4,73.600000,0.100000,264.960000,1700103500,1700104080
orders-row-0001151,ord-0001151,ord-0001151,user-00151,sports,wallet,pending,1,75.400000,0.050000,71.630000,1700103590,1700104183
orders-row-0001152,ord-0001152,ord-0001152,user-00152,electronics,card,shipped,3,76.600000,0.000000,229.800000,1700103680,1700104286
orders-row-0001153,ord-0001153,ord-0001153,user-00153,books,paypal,refunded,5,8.500000,0.150000,36.120000,1700103770,1700104389
orders-row-0001154,ord-0001154,ord-0001154,user-00154,grocery,bank_transfer,completed,2,10.600000,0.100000,19.080000,1700103860,1700104492
orders-row-0001155,ord-0001155,ord-0001155,user-00155,apparel,wallet,paid,4,11.500000,0.050000,43.700000,1700103950,1700104595
orders-row-0001156,ord-0001156,ord-0001156,user-00156,home,card,pending,1,13.200000,0.000000,13.200000,1700104040,1700104698
orders-row-0001157,ord-0001157,ord-0001157,user-00157,sports,paypal,shipped,3,15.200000,0.150000,38.760000,1700104130,1700104801
orders-row-0001158,ord-0001158,ord-0001158,user-00158,electronics,bank_transfer,refunded,5,17.400000,0.100000,78.300000,1700104220,1700104904
orders-row-0001159,ord-0001159,ord-0001159,user-00159,books,wallet,completed,2,18.600000,0.050000,35.340000,1700104310,1700105007
orders-row-0001160,ord-0001160,ord-0001160,user-00160,grocery,card,paid,4,20.000000,0.000000,80.000000,1700104400,1700105110
orders-row-0001161,ord-0001161,ord-0001161,user-00161,apparel,paypal,pending,1,22.200000,0.150000,18.870000,1700104490,1700105213
orders-row-0001162,ord-0001162,ord-0001162,user-00162,home,bank_transfer,shipped,3,23.800000,0.100000,64.260000,1700104580,1700105316
orders-row-0001163,ord-0001163,ord-0001163,user-00163,sports,wallet,refunded,5,25.600000,0.050000,121.600000,1700104670,1700105419
orders-row-0001164,ord-0001164,ord-0001164,user-00164,electronics,card,completed,2,27.700000,0.000000,55.400000,1700104760,1700105522
orders-row-0001165,ord-0001165,ord-0001165,user-00165,books,paypal,paid,4,28.500000,0.150000,96.900000,1700104850,1700105625
orders-row-0001166,ord-0001166,ord-0001166,user-00166,grocery,bank_transfer,pending,1,30.600000,0.100000,27.540000,1700104940,1700105728
orders-row-0001167,ord-0001167,ord-0001167,user-00167,apparel,wallet,shipped,3,32.800000,0.050000,93.480000,1700105030,1700105831
orders-row-0001168,ord-0001168,ord-0001168,user-00168,home,card,refunded,5,33.600000,0.000000,168.000000,1700105120,1700105934
orders-row-0001169,ord-0001169,ord-0001169,user-00169,sports,paypal,completed,2,35.500000,0.150000,60.350000,1700105210,1700106037
orders-row-0001170,ord-0001170,ord-0001170,user-00170,electronics,bank_transfer,paid,4,37.600000,0.100000,135.360000,1700105300,1700106140
orders-row-0001171,ord-0001171,ord-0001171,user-00171,books,wallet,pending,1,39.600000,0.050000,37.620000,1700105390,1700106243
orders-row-0001172,ord-0001172,ord-0001172,user-00172,grocery,card,shipped,3,40.700000,0.000000,122.100000,1700105480,1700106346
orders-row-0001173,ord-0001173,ord-0001173,user-00173,apparel,paypal,refunded,5,42.900000,0.150000,182.320000,1700105570,1700106449
orders-row-0001174,ord-0001174,ord-0001174,user-00174,home,bank_transfer,completed,2,43.900000,0.100000,79.020000,1700105660,1700106552
orders-row-0001175,ord-0001175,ord-0001175,user-00175,sports,wallet,paid,4,45.800000,0.050000,174.040000,1700105750,1700106655
orders-row-0001176,ord-0001176,ord-0001176,user-00176,electronics,card,pending,1,48.000000,0.000000,48.000000,1700105840,1700106758
orders-row-0001177,ord-0001177,ord-0001177,user-00177,books,__CD_RARE_ORDERS_TRANSACTIONS_PAYMENT_METHOD_002__,shipped,3,49.700000,0.150000,126.740000,1700105930,1700105961
orders-row-0001178,ord-0001178,ord-0001178,user-00178,grocery,bank_transfer,refunded,5,51.400000,0.100000,231.300000,1700106020,1700106064
orders-row-0001179,ord-0001179,ord-0001179,user-00179,apparel,wallet,completed,2,53.100000,0.050000,100.890000,1700106110,1700106167
orders-row-0001180,ord-0001180,ord-0001180,user-00180,home,card,paid,4,54.600000,0.000000,218.400000,1700106200,1700106270
orders-row-0001181,ord-0001181,ord-0001181,user-00181,sports,paypal,pending,1,56.100000,0.150000,47.690000,1700106290,1700106373
orders-row-0001182,ord-0001182,ord-0001182,user-00182,electronics,bank_transfer,shipped,3,58.000000,0.100000,156.600000,1700106380,1700106476
orders-row-0001183,ord-0001183,ord-0001183,user-00183,books,wallet,refunded,5,59.900000,0.050000,284.520000,1700106470,1700106579
orders-row-0001184,ord-0001184,ord-0001184,user-00184,grocery,card,completed,2,61.300000,0.000000,122.600000,1700106560,1700106682
orders-row-0001185,ord-0001185,ord-0001185,user-00185,apparel,paypal,paid,4,62.500000,0.150000,212.500000,1700106650,1700106785
orders-row-0001186,ord-0001186,ord-0001186,user-00186,home,bank_transfer,pending,1,64.900000,0.100000,58.410000,1700106740,1700106888
orders-row-0001187,ord-0001187,ord-0001187,user-00187,sports,wallet,shipped,3,66.600000,0.050000,189.810000,1700106830,1700106991
orders-row-0001188,ord-0001188,ord-0001188,user-00188,electronics,card,refunded,5,68.300000,0.000000,341.500000,1700106920,1700107094
orders-row-0001189,ord-0001189,ord-0001189,user-00189,books,paypal,completed,2,69.400000,0.150000,117.980000,1700107010,1700107197
orders-row-0001190,ord-0001190,ord-0001190,user-00190,grocery,bank_transfer,paid,4,71.000000,0.100000,255.600000,1700107100,1700107300
orders-row-0001191,ord-0001191,ord-0001191,user-00191,apparel,wallet,pending,1,73.400000,0.050000,69.730000,1700107190,1700107403
orders-row-0001192,ord-0001192,ord-0001192,user-00192,home,card,shipped,3,74.500000,0.000000,223.500000,1700107280,1700107506
orders-row-0001193,ord-0001193,ord-0001193,user-00193,sports,paypal,refunded,5,76.800000,0.150000,326.400000,1700107370,1700107609
orders-row-0001194,ord-0001194,ord-0001194,user-00194,electronics,bank_transfer,completed,2,8.500000,0.100000,15.300000,1700107460,1700107712
orders-row-0001195,ord-0001195,ord-0001195,user-00195,books,wallet,paid,4,9.800000,0.050000,37.240000,1700107550,1700107815
orders-row-0001196,ord-0001196,ord-0001196,user-00196,grocery,card,pending,1,11.500000,0.000000,11.500000,1700107640,1700107918
orders-row-0001197,ord-0001197,ord-0001197,user-00197,apparel,paypal,shipped,3,13.000000,0.150000,33.150000,1700107730,1700108021
orders-row-0001198,ord-0001198,ord-0001198,user-00198,home,bank_transfer,refunded,5,15.100000,0.100000,67.950000,1700107820,1700108124
orders-row-0001199,ord-0001199,ord-0001199,user-00199,sports,wallet,completed,2,16.800000,0.050000,31.920000,1700107910,1700108227
orders-row-0001200,ord-0001200,ord-0001200,user-00200,electronics,card,paid,4,18.800000,0.000000,75.200000,1700108000,1700108330
orders-row-0001201,ord-0001201,ord-0001201,user-00201,books,paypal,pending,1,19.900000,0.150000,16.910000,1700108090,1700108433
orders-row-0001202,ord-0001202,ord-0001202,user-00202,grocery,bank_transfer,shipped,3,22.100000,0.100000,59.670000,1700108180,1700108536
orders-row-0001203,ord-0001203,ord-0001203,user-00203,apparel,wallet,refunded,5,23.100000,0.050000,109.720000,1700108270,1700108639
orders-row-0001204,ord-0001204,ord-0001204,user-00204,home,card,completed,2,25.500000,0.000000,51.000000,1700108360,1700108742
orders-row-0001205,ord-0001205,ord-0001205,user-00205,,paypal,paid,4,27.400000,0.150000,93.160000,1700108450,1700108845
orders-row-0001206,ord-0001206,ord-0001206,user-00206,electronics,bank_transfer,pending,1,28.900000,0.100000,26.010000,1700108540,1700108948
orders-row-0001207,ord-0001207,ord-0001207,user-00207,books,wallet,shipped,3,30.700000,0.050000,87.490000,1700108630,1700109051
orders-row-0001208,ord-0001208,ord-0001208,user-00208,grocery,card,refunded,5,31.900000,0.000000,159.500000,1700108720,1700109154
orders-row-0001209,ord-0001209,ord-0001209,user-00209,apparel,paypal,completed,2,34.200000,0.150000,58.140000,1700108810,1700109257
orders-row-0001210,ord-0001210,ord-0001210,user-00210,home,bank_transfer,paid,4,35.600000,0.100000,128.160000,1700108900,1700109360
orders-row-0001211,ord-0001211,ord-0001211,user-00211,sports,wallet,pending,1,36.900000,0.050000,35.050000,1700108990,1700108870
orders-row-0001212,ord-0001212,ord-0001212,user-00212,electronics,card,shipped,3,38.400000,0.000000,115.200000,1700109080,1700109566
orders-row-0001213,ord-0001213,ord-0001213,user-00213,books,paypal,refunded,5,40.700000,0.150000,172.970000,1700109170,1700109669
orders-row-0001214,ord-0001214,ord-0001214,user-00214,grocery,bank_transfer,completed,2,42.000000,0.100000,75.600000,1700109260,1700109772
orders-row-0001215,ord-0001215,ord-0001215,user-00215,apparel,wallet,paid,4,43.700000,0.050000,166.060000,1700109350,1700109875
orders-row-0001216,ord-0001216,ord-0001216,user-00216,home,card,pending,1,45.300000,0.000000,45.300000,1700109440,1700109978
orders-row-0001217,ord-0001217,ord-0001217,user-00217,sports,paypal,shipped,3,47.700000,0.150000,121.640000,1700109530,1700110081
orders-row-0001218,ord-0001218,ord-0001218,user-00218,electronics,bank_transfer,refunded,5,48.700000,0.100000,219.150000,1700109620,1700110184
orders-row-0001219,ord-0001219,ord-0001219,user-00219,books,wallet,completed,2,50.300000,0.050000,95.570000,1700109710,1700110287
orders-row-0001220,ord-0001220,ord-0001220,user-00220,grocery,card,paid,4,52.900000,0.000000,211.600000,1700109800,1700110390
orders-row-0001221,ord-0001221,ord-0001221,user-00221,apparel,paypal,pending,1,54.600000,0.150000,999999.000000,1700109890,1700110493
orders-row-0001222,ord-0001222,ord-0001222,user-00222,home,bank_transfer,shipped,3,55.900000,0.100000,150.930000,1700109980,1700110596
orders-row-0001223,ord-0001223,ord-0001223,user-00223,sports,wallet,refunded,5,57.900000,0.050000,275.020000,1700110070,1700110699
orders-row-0001224,ord-0001224,ord-0001224,user-00224,electronics,card,completed,2,59.500000,0.000000,119.000000,1700110160,1700110802
orders-row-0001225,ord-0001225,ord-0001225,user-00225,books,__CD_RARE_ORDERS_TRANSACTIONS_PAYMENT_METHOD_005__,paid,4,60.800000,0.150000,206.720000,1700110250,1700110905
orders-row-0001226,ord-0001226,ord-0001226,user-00226,grocery,bank_transfer,pending,1,62.200000,0.100000,55.980000,1700110340,1700111008
orders-row-0001227,ord-0001227,ord-0001227,user-00227,apparel,wallet,shipped,3,64.800000,0.050000,184.680000,1700110430,1700111111
orders-row-0001228,ord-0001228,ord-0001228,user-00228,home,card,refunded,5,66.200000,0.000000,331.000000,1700110520,1700111214
orders-row-0001229,ord-0001229,ord-0001229,user-00229,sports,paypal,completed,2,68.200000,0.150000,115.940000,1700110610,1700111317
orders-row-0001230,ord-0001230,ord-0001230,user-00230,electronics,bank_transfer,paid,4,69.200000,0.100000,249.120000,1700110700,1700111420
orders-row-0001231,ord-0001231,ord-0001231,user-00231,books,wallet,pending,1,71.300000,0.050000,67.730000,1700110790,1700111523
orders-row-0001232,ord-0001232,ord-0001232,user-00232,grocery,card,shipped,3,72.900000,0.000000,218.700000,1700110880,1700111626
orders-row-0001233,ord-0001233,ord-0001233,user-00233,apparel,paypal,refunded,5,74.100000,0.150000,314.930000,1700110970,1700111729
orders-row-0001234,ord-0001234,ord-0001234,user-00234,home,bank_transfer,completed,2,75.900000,0.100000,136.620000,1700111060,1700111832
orders-row-0001235,ord-0001235,ord-0001235,user-00235,sports,wallet,paid,4,77.800000,0.050000,295.640000,1700111150,1700111935
orders-row-0001236,ord-0001236,ord-0001236,user-00236,electronics,card,pending,1,9.900000,0.000000,9.900000,1700111240,1700112038
orders-row-0001237,ord-0001237,ord-0001237,user-00237,books,paypal,shipped,3,10.900000,0.150000,27.800000,1700111330,1700112141
orders-row-0001238,ord-0001238,ord-0001238,user-00238,grocery,bank_transfer,refunded,5,13.400000,0.100000,60.300000,1700111420,1700112244
orders-row-0001239,ord-0001239,ord-0001239,user-00239,apparel,wallet,completed,2,14.600000,0.050000,27.740000,1700111510,1700112347
orders-row-0001240,ord-0001240,ord-0001240,user-00240,home,card,paid,4,16.400000,0.000000,65.600000,1700111600,1700112450
orders-row-0001241,ord-0001241,ord-0001241,user-00241,sports,paypal,pending,1,18.600000,0.150000,15.810000,1700111690,1700112553
orders-row-0001242,ord-0001242,ord-0001242,user-00242,electronics,bank_transfer,shipped,3,19.900000,0.100000,53.730000,1700111780,1700112656
orders-row-0001243,ord-0001243,ord-0001243,user-00243,books,wallet,refunded,5,21.100000,0.050000,100.220000,1700111870,1700112759
orders-row-0001244,ord-0001244,ord-0001244,user-00244,grocery,card,completed,2,23.000000,0.000000,46.000000,1700111960,1700112862
orders-row-0001245,ord-0001245,ord-0001245,user-00245,apparel,paypal,paid,4,25.400000,0.150000,86.360000,1700112050,1700112965
orders-row-0001246,ord-0001246,ord-0001246,user-00246,home,bank_transfer,pending,1,27.100000,0.100000,24.390000,1700112140,1700113068
orders-row-0001247,ord-0001247,ord-0001247,user-00247,sports,wallet,shipped,3,28.500000,0.050000,81.220000,1700112230,1700112271
orders-row-0001248,ord-0001248,ord-0001248,user-00248,electronics,card,refunded,5,30.100000,0.000000,150.500000,1700112320,1700112374
orders-row-0001249,ord-0001249,ord-0001249,user-00249,books,paypal,completed,2,9999.000000,0.150000,53.210000,1700112410,1700112477
orders-row-0001250,ord-0001250,ord-0001250,user-00000,grocery,bank_transfer,paid,4,33.200000,0.100000,119.520000,1700112500,1700112580
orders-row-0001251,ord-0001251,ord-0001251,user-00001,apparel,wallet,pending,1,35.500000,0.050000,33.730000,1700112590,1700112683
orders-row-0001252,ord-0001252,ord-0001252,user-00002,home,card,shipped,3,36.600000,0.000000,109.800000,1700112680,1700112786
orders-row-0001253,ord-0001253,ord-0001253,user-00003,sports,paypal,refunded,5,38.800000,0.150000,164.900000,1700112770,1700112889
orders-row-0001254,ord-0001254,ord-0001254,user-00004,electronics,bank_transfer,completed,2,40.100000,0.100000,72.180000,1700112860,1700112992
orders-row-0001255,ord-0001255,ord-0001255,user-00005,books,wallet,paid,4,41.800000,0.050000,158.840000,1700112950,1700113095
orders-row-0001256,ord-0001256,ord-0001256,user-00006,grocery,card,pending,1,43.800000,0.000000,43.800000,1700113040,1700113198
orders-row-0001257,ord-0001257,ord-0001257,user-00007,apparel,paypal,shipped,3,45.000000,0.150000,114.750000,1700113130,1700113301
orders-row-0001258,ord-0001258,ord-0001258,user-00008,home,bank_transfer,refunded,5,47.200000,0.100000,212.400000,1700113220,1700113404
orders-row-0001259,ord-0001259,ord-0001259,user-00009,sports,wallet,completed,2,48.300000,0.050000,91.770000,1700113310,1700113507
orders-row-0001260,ord-0001260,ord-0001260,user-00010,electronics,card,paid,4,50.800000,0.000000,203.200000,1700113400,1700113610
orders-row-0001261,ord-0001261,ord-0001261,user-00011,books,paypal,pending,1,,0.150000,44.540000,1700113490,1700113713
orders-row-0001262,ord-0001262,ord-0001262,user-00012,grocery,bank_transfer,shipped,3,54.000000,0.100000,145.800000,1700113580,1700113816
orders-row-0001263,ord-0001263,ord-0001263,user-00013,apparel,wallet,refunded,5,55.600000,0.050000,264.100000,1700113670,1700113919
orders-row-0001264,ord-0001264,ord-0001264,user-00014,home,card,completed,2,56.900000,0.000000,113.800000,1700113760,1700114022
orders-row-0001265,ord-0001265,ord-0001265,user-00015,sports,paypal,paid,4,58.600000,0.150000,199.240000,1700113850,1700114125
orders-row-0001266,ord-0001266,ord-0001266,user-00016,electronics,bank_transfer,pending,1,60.600000,0.100000,54.540000,1700113940,1700114228
orders-row-0001267,ord-0001267,ord-0001267,user-00017,books,wallet,shipped,3,62.700000,0.050000,178.700000,1700114030,1700114331
orders-row-0001268,ord-0001268,ord-0001268,user-00018,grocery,card,refunded,5,63.600000,0.000000,318.000000,1700114120,1700114434
orders-row-0001269,ord-0001269,ord-0001269,user-00019,apparel,paypal,completed,2,65.800000,0.150000,111.860000,1700114210,1700114537
orders-row-0001270,ord-0001270,ord-0001270,user-00020,home,bank_transfer,paid,4,67.800000,0.100000,244.080000,1700114300,1700114640
orders-row-0001271,ord-0001271,ord-0001271,user-00021,sports,wallet,pending,1,69.200000,0.050000,65.740000,1700114390,1700114743
orders-row-0001272,ord-0001272,ord-0001272,user-00022,electronics,card,shipped,3,70.700000,0.000000,212.100000,1700114480,1700114846
orders-row-0001273,ord-0001273,ord-0001273,user-00023,books,paypal,refunded,5,72.500000,0.150000,308.120000,1700114570,1700114949
orders-row-0001274,ord-0001274,ord-0001274,user-00024,grocery,bank_transfer,completed,2,74.300000,0.100000,133.740000,1700114660,1700115052
orders-row-0001275,ord-0001275,ord-0001275,user-00025,apparel,wallet,paid,4,75.900000,0.050000,288.420000,1700114750,1700115155
orders-row-0001276,ord-0001276,ord-0001276,user-00026,home,card,pending,1,77.200000,0.000000,77.200000,1700114840,1700115258
orders-row-0001277,ord-0001277,ord-0001277,user-00027,sports,paypal,shipped,3,8.900000,0.150000,22.700000,1700114930,1700115361
orders-row-0001278,ord-0001278,ord-0001278,user-00028,electronics,bank_transfer,refunded,5,11.100000,0.100000,49.950000,1700115020,1700115464
orders-row-0001279,ord-0001279,ord-0001279,user-00029,books,wallet,completed,2,12.700000,0.050000,24.130000,1700115110,1700115567
orders-row-0001280,ord-0001280,ord-0001280,user-00030,grocery,card,paid,4,14.600000,0.000000,58.400000,1700115200,1700115670
orders-row-0001281,ord-0001281,ord-0001281,user-00031,apparel,paypal,pending,1,16.400000,0.150000,13.940000,1700115290,1700115773
orders-row-0001282,ord-0001282,ord-0001282,user-00032,home,bank_transfer,shipped,3,18.200000,0.100000,49.140000,1700115380,1700115876
orders-row-0001283,ord-0001283,ord-0001283,user-00033,sports,wallet,refunded,5,19.200000,0.050000,91.200000,1700115470,1700115979
orders-row-0001284,ord-0001284,ord-0001284,user-00034,electronics,card,completed,2,21.100000,0.000000,42.200000,1700115560,1700116082
orders-row-0001285,ord-0001285,ord-0001285,user-00035,books,paypal,paid,4,22.700000,0.150000,77.180000,1700115650,1700116185
orders-row-0001286,ord-0001286,ord-0001286,user-00036,grocery,bank_transfer,pending,1,24.500000,0.100000,22.050000,1700115740,1700116288
orders-row-0001287,ord-0001287,ord-0001287,user-00037,apparel,wallet,shipped,3,26.400000,0.050000,75.240000,1700115830,1700116391
orders-row-0001288,ord-0001288,ord-0001288,user-00038,home,card,refunded,5,27.600000,0.000000,138.000000,1700115920,1700116494
orders-row-0001289,ord-0001289,ord-0001289,user-00039,sports,paypal,completed,2,30.000000,0.150000,51.000000,1700116010,1700116597
orders-row-0001290,ord-0001290,ord-0001290,user-00040,electronics,bank_transfer,paid,4,31.500000,0.100000,113.400000,1700116100,1700116700
orders-row-0001291,ord-0001291,ord-0001291,user-00041,books,wallet,pending,1,33.200000,0.050000,31.540000,1700116190,1700116803
orders-row-0001292,ord-0001292,ord-0001292,user-00042,grocery,card,shipped,3,34.900000,0.000000,104.700000,1700116280,1700116906
orders-row-0001293,ord-0001293,ord-0001293,user-00043,apparel,paypal,refunded,5,36.400000,0.150000,154.700000,1700116370,1700117009
orders-row-0001294,ord-0001294,ord-0001294,user-00044,home,bank_transfer,completed,2,38.400000,0.100000,69.120000,1700116460,1700117112
orders-row-0001295,ord-0001295,ord-0001295,user-00045,sports,wallet,paid,4,40.300000,0.050000,153.140000,1700116550,1700117215
orders-row-0001296,ord-0001296,ord-0001296,user-00046,electronics,card,pending,1,41.400000,0.000000,41.400000,1700116640,1700117318
orders-row-0001297,ord-0001297,ord-0001297,user-00047,books,paypal,shipped,3,43.200000,0.150000,110.160000,1700116730,1700117421
orders-row-0001298,ord-0001298,ord-0001298,user-00048,grocery,bank_transfer,refunded,5,45.300000,0.100000,203.850000,1700116820,1700117524
orders-row-0001299,ord-0001299,ord-0001299,user-00049,apparel,wallet,completed,2,46.600000,0.050000,88.540000,1700116910,1700117627
orders-row-0001300,ord-0001300,ord-0001300,user-00050,home,card,paid,4,48.300000,0.000000,193.200000,1700117000,1700117730
orders-row-0001301,ord-0001301,ord-0001301,user-00051,sports,paypal,pending,1,50.300000,0.150000,42.750000,1700117090,1700117833
orders-row-0001302,ord-0001302,ord-0001302,user-00052,electronics,bank_transfer,shipped,3,51.400000,0.100000,138.780000,1700117180,1700117936
orders-row-0001303,ord-0001303,ord-0001303,user-00053,books,wallet,refunded,5,53.300000,0.050000,253.170000,1700117270,1700118039
orders-row-0001304,ord-0001304,ord-0001304,user-00054,grocery,card,completed,2,55.600000,0.000000,111.200000,1700117360,1700118142
orders-row-0001305,ord-0001305,ord-0001305,user-00055,apparel,paypal,paid,4,57.200000,0.150000,194.480000,1700117450,1700118245
orders-row-0001306,ord-0001306,ord-0001306,user-00056,home,bank_transfer,pending,1,58.200000,0.100000,52.380000,1700117540,1700118348
orders-row-0001307,ord-0001307,ord-0001307,user-00057,sports,wallet,shipped,3,60.300000,0.050000,171.850000,1700117630,1700118451
orders-row-0001308,ord-0001308,ord-0001308,user-00058,electronics,card,refunded,5,61.600000,0.000000,308.000000,1700117720,1700118554
orders-row-0001309,ord-0001309,ord-0001309,user-00059,books,paypal,completed,2,64.000000,0.150000,108.800000,1700117810,1700118657
orders-row-0001310,ord-0001310,ord-0001310,user-00060,,bank_transfer,paid,4,65.100000,0.100000,234.360000,1700117900,1700118760
orders-row-0001311,ord-0001311,ord-0001311,user-00061,apparel,wallet,pending,1,66.900000,0.050000,63.550000,1700117990,1700118863
orders-row-0001312,ord-0001312,ord-0001312,user-00062,home,card,shipped,3,69.300000,0.000000,207.900000,1700118080,1700118966
orders-row-0001313,ord-0001313,ord-0001313,user-00063,sports,paypal,refunded,5,70.500000,0.150000,299.620000,1700118170,1700119069
orders-row-0001314,ord-0001314,ord-0001314,user-00064,electronics,bank_transfer,completed,2,72.700000,0.100000,130.860000,1700118260,1700119172
orders-row-0001315,ord-0001315,ord-0001315,user-00065,books,wallet,paid,4,73.600000,0.050000,279.680000,1700118350,1700119275
orders-row-0001316,ord-0001316,ord-0001316,user-00066,grocery,card,pending,1,75.500000,0.000000,75.500000,1700118440,1700118478
orders-row-0001317,ord-0001317,ord-0001317,user-00067,apparel,paypal,shipped,3,77.400000,0.150000,197.370000,1700118530,1700118581
orders-row-0001318,ord-0001318,ord-0001318,user-00068,home,bank_transfer,refunded,5,9.200000,0.100000,41.400000,1700118620,1700118684
orders-row-0001319,ord-0001319,ord-0001319,user-00069,sports,wallet,completed,2,10.500000,0.050000,19.950000,1700118710,1700118787
orders-row-0001320,ord-0001320,ord-0001320,user-00070,electronics,card,paid,4,12.100000,0.000000,48.400000,1700118800,1700118890
orders-row-0001321,ord-0001321,ord-0001321,user-00071,books,paypal,pending,1,,0.150000,12.410000,1700118890,1700118770
orders-row-0001322,ord-0001322,ord-0001322,user-00072,grocery,bank_transfer,shipped,3,16.300000,0.100000,44.010000,1700118980,1700119096
orders-row-0001323,ord-0001323,ord-0001323,user-00073,apparel,wallet,refunded,5,17.100000,0.050000,81.220000,1700119070,1700119199
orders-row-0001324,ord-0001324,ord-0001324,user-00074,home,card,completed,2,19.600000,0.000000,39.200000,1700119160,1700119302
orders-row-0001325,ord-0001325,ord-0001325,user-00075,sports,paypal,paid,4,20.900000,0.150000,71.060000,1700119250,1700119405
orders-row-0001326,ord-0001326,ord-0001326,user-00076,electronics,bank_transfer,pending,1,22.500000,0.100000,20.250000,1700119340,1700119508
orders-row-0001327,ord-0001327,ord-0001327,user-00077,books,wallet,shipped,3,23.900000,0.050000,68.110000,1700119430,1700119611
orders-row-0001328,ord-0001328,ord-0001328,user-00078,grocery,card,refunded,5,25.900000,0.000000,129.500000,1700119520,1700119714
orders-row-0001329,ord-0001329,ord-0001329,user-00079,apparel,paypal,completed,2,28.000000,0.150000,47.600000,1700119610,1700119817
orders-row-0001330,ord-0001330,ord-0001330,user-00080,home,bank_transfer,paid,4,29.000000,0.100000,104.400000,1700119700,1700119920
orders-row-0001331,ord-0001331,ord-0001331,user-00081,sports,wallet,pending,1,30.700000,0.050000,29.160000,1700119790,1700120023
orders-row-0001332,ord-0001332,ord-0001332,user-00082,electronics,card,shipped,3,33.000000,0.000000,99.000000,1700119880,1700120126
orders-row-0001333,ord-0001333,ord-0001333,user-00083,books,paypal,refunded,5,34.900000,0.150000,148.320000,1700119970,1700120229
orders-row-0001334,ord-0001334,ord-0001334,user-00084,grocery,bank_transfer,completed,2,36.600000,0.100000,65.880000,1700120060,1700120332
orders-row-0001335,ord-0001335,ord-0001335,user-00085,apparel,wallet,paid,4,37.700000,0.050000,143.260000,1700120150,1700120435
orders-row-0001336,ord-0001336,ord-0001336,user-00086,home,card,pending,1,40.000000,0.000000,40.000000,1700120240,1700120538
orders-row-0001337,ord-0001337,ord-0001337,user-00087,sports,paypal,shipped,3,41.700000,0.150000,106.340000,1700120330,1700120641
orders-row-0001338,ord-0001338,ord-0001338,user-00088,electronics,bank_transfer,refunded,5,43.000000,0.100000,193.500000,1700120420,1700120744
orders-row-0001339,ord-0001339,ord-0001339,user-00089,books,wallet,completed,2,44.600000,0.050000,84.740000,1700120510,1700120847
orders-row-0001340,ord-0001340,ord-0001340,user-00090,grocery,card,paid,4,46.300000,0.000000,185.200000,1700120600,1700120950
orders-row-0001341,ord-0001341,ord-0001341,user-00091,apparel,paypal,pending,1,47.700000,0.150000,40.550000,1700120690,1700121053
orders-row-0001342,ord-0001342,ord-0001342,user-00092,home,bank_transfer,shipped,3,49.800000,0.100000,134.460000,1700120780,1700121156
orders-row-0001343,ord-0001343,ord-0001343,user-00093,sports,wallet,refunded,5,51.800000,0.050000,246.050000,1700120870,1700121259
orders-row-0001344,ord-0001344,ord-0001344,user-00094,electronics,card,completed,2,53.000000,0.000000,106.000000,1700120960,1700121362
orders-row-0001345,ord-0001345,ord-0001345,user-00095,books,paypal,paid,4,55.300000,0.150000,188.020000,1700121050,1700121465
orders-row-0001346,ord-0001346,ord-0001346,user-00096,grocery,bank_transfer,pending,1,56.400000,0.100000,50.760000,1700121140,1700121568
orders-row-0001347,ord-0001347,ord-0001347,user-00097,apparel,wallet,shipped,3,58.600000,0.050000,167.010000,1700121230,1700121671
orders-row-0001348,ord-0001348,ord-0001348,user-00098,home,card,refunded,5,59.800000,0.000000,299.000000,1700121320,1700121774
orders-row-0001349,ord-0001349,ord-0001349,user-00099,sports,paypal,completed,2,61.700000,0.150000,104.890000,1700121410,1700121877
orders-row-0001350,ord-0001350,ord-0001350,user-00100,electronics,bank_transfer,paid,4,63.900000,0.100000,230.040000,1700121500,1700121980
orders-row-0001351,ord-0001351,ord-0001351,user-00101,books,wallet,pending,1,65.000000,0.050000,61.750000,1700121590,1700122083
orders-row-0001352,ord-0001352,ord-0001352,user-00102,grocery,card,shipped,3,66.800000,0.000000,200.400000,1700121680,1700122186
orders-row-0001353,ord-0001353,ord-0001353,user-00103,apparel,paypal,refunded,5,68.600000,0.150000,291.550000,1700121770,1700122289
orders-row-0001354,ord-0001354,ord-0001354,user-00104,home,bank_transfer,completed,2,70.200000,0.100000,126.360000,1700121860,1700122392
orders-row-0001355,ord-0001355,ord-0001355,user-00105,sports,wallet,paid,4,71.500000,0.050000,271.700000,1700121950,1700122495
orders-row-0001356,ord-0001356,ord-0001356,user-00106,electronics,card,pending,1,73.400000,0.000000,73.400000,1700122040,1700122598
orders-row-0001357,ord-0001357,ord-0001357,user-00107,books,paypal,shipped,3,75.800000,0.150000,193.290000,1700122130,1700122701
orders-row-0001358,ord-0001358,ord-0001358,user-00108,grocery,bank_transfer,refunded,5,77.300000,0.100000,347.850000,1700122220,1700122804
orders-row-0001359,ord-0001359,ord-0001359,user-00109,apparel,wallet,completed,2,9.200000,0.050000,17.480000,1700122310,1700122907
orders-row-0001360,ord-0001360,ord-0001360,user-00110,home,card,paid,4,10.900000,0.000000,43.600000,1700122400,1700123010
orders-row-0001361,ord-0001361,ord-0001361,user-00111,sports,paypal,pending,1,12.300000,0.150000,10.460000,1700122490,1700123113
orders-row-0001362,ord-0001362,ord-0001362,user-00112,electronics,bank_transfer,shipped,3,14.200000,0.100000,38.340000,1700122580,1700123216
orders-row-0001363,ord-0001363,ord-0001363,user-00113,books,wallet,refunded,5,16.000000,0.050000,76.000000,1700122670,1700123319
orders-row-0001364,ord-0001364,ord-0001364,user-00114,grocery,card,completed,2,16.800000,0.000000,33.600000,1700122760,1700123422
orders-row-0001365,ord-0001365,ord-0001365,user-00115,apparel,paypal,paid,4,18.700000,0.150000,63.580000,1700122850,1700123525
orders-row-0001366,ord-0001366,ord-0001366,user-00116,home,bank_transfer,pending,1,21.000000,0.100000,18.900000,1700122940,1700123628
orders-row-0001367,ord-0001367,ord-0001367,user-00117,sports,wallet,shipped,3,22.000000,0.050000,62.700000,1700123030,1700123731
orders-row-0001368,ord-0001368,ord-0001368,user-00118,electronics,card,refunded,5,24.200000,0.000000,121.000000,1700123120,1700123834
orders-row-0001369,ord-0001369,ord-0001369,user-00119,books,paypal,completed,2,26.100000,0.150000,44.370000,1700123210,1700123937
orders-row-0001370,ord-0001370,ord-0001370,user-00120,grocery,bank_transfer,paid,4,27.400000,0.100000,98.640000,1700123300,1700124040
orders-row-0001371,ord-0001371,ord-0001371,user-00121,apparel,wallet,pending,1,29.600000,0.050000,28.120000,1700123390,1700124143
orders-row-0001372,ord-0001372,ord-0001372,user-00122,home,card,shipped,3,30.700000,0.000000,92.100000,1700123480,1700124246
orders-row-0001373,ord-0001373,ord-0001373,user-00123,sports,paypal,refunded,5,32.500000,0.150000,138.120000,1700123570,1700124349
orders-row-0001374,ord-0001374,ord-0001374,user-00124,electronics,bank_transfer,completed,2,34.100000,0.100000,61.380000,1700123660,1700124452
orders-row-0001375,ord-0001375,ord-0001375,user-00125,books,wallet,paid,4,36.300000,0.050000,137.940000,1700123750,1700124555
orders-row-0001376,ord-0001376,ord-0001376,user-00126,grocery,card,pending,1,37.500000,0.000000,37.500000,1700123840,1700124658
orders-row-0001377,ord-0001377,ord-0001377,user-00127,apparel,paypal,shipped,3,39.600000,0.150000,100.980000,1700123930,1700124761
orders-row-0001378,ord-0001378,ord-0001378,user-00128,home,bank_transfer,refunded,5,40.600000,0.100000,182.700000,1700124020,1700124864
orders-row-0001379,ord-0001379,ord-0001379,user-00129,sports,wallet,completed,2,42.900000,0.050000,81.510000,1700124110,1700124967
orders-row-0001380,ord-0001380,ord-0001380,user-00130,electronics,card,paid,4,44.800000,0.000000,179.200000,1700124200,1700125070
orders-row-0001381,ord-0001381,ord-0001381,user-00131,books,paypal,pending,1,46.200000,0.150000,39.270000,1700124290,1700125173
orders-row-0001382,ord-0001382,ord-0001382,user-00132,grocery,bank_transfer,shipped,3,47.800000,0.100000,129.060000,1700124380,1700125276
orders-row-0001383,ord-0001383,ord-0001383,user-00133,apparel,wallet,refunded,5,49.300000,0.050000,234.170000,1700124470,1700125379
orders-row-0001384,ord-0001384,ord-0001384,user-00134,home,card,completed,2,50.900000,0.000000,101.800000,1700124560,1700125482
orders-row-0001385,ord-0001385,ord-0001385,user-00135,sports,paypal,paid,4,52.800000,0.150000,179.520000,1700124650,1700124685
orders-row-0001386,ord-0001386,ord-0001386,user-00136,electronics,bank_transfer,pending,1,54.300000,0.100000,48.870000,1700124740,1700124788
orders-row-0001387,ord-0001387,ord-0001387,user-00137,books,wallet,shipped,3,56.000000,0.050000,159.600000,1700124830,1700124891
orders-row-0001388,ord-0001388,ord-0001388,user-00138,grocery,card,refunded,5,58.100000,0.000000,290.500000,1700124920,1700124994
orders-row-0001389,ord-0001389,ord-0001389,user-00139,apparel,paypal,completed,2,59.700000,0.150000,101.490000,1700125010,1700125097
orders-row-0001390,ord-0001390,ord-0001390,user-00140,home,,paid,4,61.100000,0.100000,219.960000,1700125100,1700125200
orders-row-0001391,ord-0001391,ord-0001391,user-00141,sports,wallet,pending,1,62.900000,0.050000,59.750000,1700125190,1700125303
orders-row-0001392,ord-0001392,ord-0001392,user-00142,electronics,card,shipped,3,64.400000,0.000000,193.200000,1700125280,1700125406
orders-row-0001393,ord-0001393,ord-0001393,user-00143,books,paypal,refunded,5,66.800000,0.150000,283.900000,1700125370,1700125509
orders-row-0001394,ord-0001394,ord-0001394,user-00144,grocery,bank_transfer,completed,2,68.000000,0.100000,122.400000,1700125460,1700125612
orders-row-0001395,ord-0001395,ord-0001395,user-00145,apparel,wallet,paid,4,70.000000,0.050000,266.000000,1700125550,1700125715
orders-row-0001396,ord-0001396,ord-0001396,user-00146,home,card,pending,1,72.000000,0.000000,72.000000,1700125640,1700125818
orders-row-0001397,ord-0001397,ord-0001397,user-00147,sports,paypal,shipped,3,73.300000,0.150000,186.910000,1700125730,1700125921
orders-row-0001398,ord-0001398,ord-0001398,user-00148,electronics,bank_transfer,refunded,5,74.900000,0.100000,337.050000,1700125820,1700126024
orders-row-0001399,ord-0001399,ord-0001399,user-00149,books,wallet,completed,2,76.400000,0.050000,145.160000,1700125910,1700126127
orders-row-0001400,ord-0001400,ord-0001400,user-00150,grocery,card,paid,4,8.100000,0.000000,32.400000,1700126000,1700126230
orders-row-0001401,ord-0001401,ord-0001401,user-00151,apparel,paypal,pending,1,10.600000,0.150000,9.010000,1700126090,1700126333
orders-row-0001402,ord-0001402,ord-0001402,user-00152,home,bank_transfer,shipped,3,12.100000,0.100000,32.670000,1700126180,1700126436
orders-row-0001403,ord-0001403,ord-0001403,user-00153,sports,wallet,refunded,5,13.700000,0.050000,65.080000,1700126270,1700126539
orders-row-0001404,ord-0001404,ord-0001404,user-00154,electronics,card,completed,2,15.300000,0.000000,30.600000,1700126360,1700126642
orders-row-0001405,ord-0001405,ord-0001405,user-00155,books,paypal,paid,4,16.500000,0.150000,56.100000,1700126450,1700126745
orders-row-0001406,ord-0001406,ord-0001406,user-00156,grocery,bank_transfer,pending,1,18.400000,0.100000,16.560000,1700126540,1700126848
orders-row-0001407,ord-0001407,ord-0001407,user-00157,apparel,wallet,shipped,3,20.500000,0.050000,58.420000,1700126630,1700126951
orders-row-0001408,ord-0001408,ord-0001408,user-00158,home,card,refunded,5,22.000000,0.000000,110.000000,1700126720,1700127054
orders-row-0001409,ord-0001409,ord-0001409,user-00159,sports,paypal,completed,2,24.100000,0.150000,40.970000,1700126810,1700127157
orders-row-0001410,ord-0001410,ord-0001410,user-00160,electronics,bank_transfer,paid,4,25.800000,0.100000,92.880000,1700126900,1700127260
orders-row-0001411,ord-0001411,ord-0001411,user-00161,books,wallet,pending,1,27.200000,0.050000,25.840000,1700126990,1700127363
orders-row-0001412,ord-0001412,ord-0001412,user-00162,grocery,card,shipped,3,28.400000,0.000000,85.200000,1700127080,1700127466
orders-row-0001413,ord-0001413,ord-0001413,user-00163,apparel,paypal,refunded,5,30.400000,0.150000,129.200000,1700127170,1700127569
orders-row-0001414,ord-0001414,ord-0001414,user-00164,home,bank_transfer,completed,2,32.000000,0.100000,57.600000,1700127260,1700127672
orders-row-0001415,ord-0001415,ord-0001415,user-00165,sports,wallet,paid,4,33.800000,0.050000,128.440000,1700127350,1700127775
orders-row-0001416,ord-0001416,ord-0001416,user-00166,electronics,card,pending,1,36.100000,0.000000,36.100000,1700127440,1700127878
orders-row-0001417,ord-0001417,ord-0001417,user-00167,books,paypal,shipped,3,37.700000,0.150000,96.140000,1700127530,1700127981
orders-row-0001418,ord-0001418,ord-0001418,user-00168,grocery,bank_transfer,refunded,5,39.400000,0.100000,177.300000,1700127620,1700128084
orders-row-0001419,ord-0001419,ord-0001419,user-00169,apparel,wallet,completed,2,41.100000,0.050000,78.090000,1700127710,1700128187
orders-row-0001420,ord-0001420,ord-0001420,user-00170,home,card,paid,4,42.200000,0.000000,168.800000,1700127800,1700128290
orders-row-0001421,ord-0001421,ord-0001421,user-00171,sports,paypal,pending,1,44.000000,0.150000,37.400000,1700127890,1700128393
orders-row-0001422,ord-0001422,ord-0001422,user-00172,electronics,bank_transfer,shipped,3,46.000000,0.100000,124.200000,1700127980,1700128496
orders-row-0001423,ord-0001423,ord-0001423,user-00173,books,wallet,refunded,5,47.100000,0.050000,223.720000,1700128070,1700128599
orders-row-0001424,ord-0001424,ord-0001424,user-00174,grocery,card,completed,2,49.000000,0.000000,98.000000,1700128160,1700128702
orders-row-0001425,ord-0001425,ord-0001425,user-00175,apparel,paypal,paid,4,51.400000,0.150000,174.760000,1700128250,1700128805
orders-row-0001426,ord-0001426,ord-0001426,user-00176,home,bank_transfer,pending,1,52.500000,0.100000,47.250000,1700128340,1700128908
orders-row-0001427,ord-0001427,ord-0001427,user-00177,sports,wallet,shipped,3,54.500000,0.050000,155.320000,1700128430,1700129011
orders-row-0001428,ord-0001428,ord-0001428,user-00178,electronics,card,refunded,5,55.900000,0.000000,279.500000,1700128520,1700129114
orders-row-0001429,ord-0001429,ord-0001429,user-00179,books,paypal,completed,2,58.100000,0.150000,98.770000,1700128610,1700129217
orders-row-0001430,ord-0001430,ord-0001430,user-00180,grocery,bank_transfer,paid,4,59.000000,0.100000,212.400000,1700128700,1700129320
orders-row-0001431,ord-0001431,ord-0001431,user-00181,apparel,wallet,pending,1,61.500000,0.050000,58.420000,1700128790,1700129423
orders-row-0001432,ord-0001432,ord-0001432,user-00182,home,card,shipped,3,63.200000,0.000000,189.600000,1700128880,1700129526
orders-row-0001433,ord-0001433,ord-0001433,user-00183,sports,paypal,refunded,5,64.800000,0.150000,275.400000,1700128970,1700129629
orders-row-0001434,ord-0001434,ord-0001434,user-00184,electronics,bank_transfer,completed,2,66.300000,0.100000,119.340000,1700129060,1700129732
orders-row-0001435,ord-0001435,ord-0001435,user-00185,books,wallet,paid,4,67.600000,0.050000,256.880000,1700129150,1700129835
orders-row-0001436,ord-0001436,ord-0001436,user-00186,grocery,card,pending,1,69.900000,0.000000,69.900000,1700129240,1700129938
orders-row-0001437,ord-0001437,ord-0001437,user-00187,apparel,paypal,shipped,3,71.800000,0.150000,183.090000,1700129330,1700130041
orders-row-0001438,ord-0001438,ord-0001438,user-00188,home,bank_transfer,refunded,5,73.200000,0.100000,329.400000,1700129420,1700130144
orders-row-0001439,ord-0001439,ord-0001439,user-00189,sports,wallet,completed,2,75.000000,0.050000,142.500000,1700129510,1700130247
orders-row-0001440,ord-0001440,ord-0001440,user-00190,electronics,card,paid,4,76.500000,0.000000,306.000000,1700129600,1700130350
orders-row-0001441,ord-0001441,ord-0001441,user-00191,books,paypal,pending,1,8.600000,0.150000,7.310000,1700129690,1700130453
orders-row-0001442,ord-0001442,ord-0001442,user-00192,grocery,bank_transfer,shipped,3,10.200000,0.100000,27.540000,1700129780,1700130556
orders-row-0001443,ord-0001443,ord-0001443,user-00193,apparel,wallet,refunded,5,11.300000,0.050000,53.670000,1700129870,1700130659
orders-row-0001444,ord-0001444,ord-0001444,user-00194,home,card,completed,2,12.900000,0.000000,25.800000,1700129960,1700130762
orders-row-0001445,ord-0001445,ord-0001445,user-00195,sports,paypal,paid,4,14.700000,0.150000,49.980000,1700130050,1700130865
orders-row-0001446,ord-0001446,ord-0001446,user-00196,electronics,bank_transfer,pending,1,16.700000,0.100000,15.030000,1700130140,1700130968
orders-row-0001447,ord-0001447,ord-0001447,user-00197,books,wallet,shipped,3,18.500000,0.050000,52.720000,1700130230,1700131071
orders-row-0001448,ord-0001448,ord-0001448,user-00198,grocery,card,refunded,5,19.600000,0.000000,98.000000,1700130320,1700131174
orders-row-0001449,ord-0001449,ord-0001449,user-00199,apparel,paypal,completed,2,21.800000,0.150000,37.060000,1700130410,1700131277
orders-row-0001450,ord-0001450,ord-0001450,user-00200,home,bank_transfer,paid,4,23.200000,0.100000,83.520000,1700130500,1700131380
orders-row-0001451,ord-0001451,ord-0001451,user-00201,sports,wallet,pending,1,25.500000,0.050000,24.220000,1700130590,1700131483
orders-row-0001452,ord-0001452,ord-0001452,user-00202,electronics,card,shipped,3,26.500000,0.000000,79.500000,1700130680,1700131586
orders-row-0001453,ord-0001453,ord-0001453,user-00203,books,paypal,refunded,5,28.200000,0.150000,119.850000,1700130770,1700131689
orders-row-0001454,ord-0001454,ord-0001454,user-00204,grocery,bank_transfer,completed,2,30.100000,0.100000,54.180000,1700130860,1700130892
orders-row-0001455,ord-0001455,ord-0001455,user-00205,apparel,wallet,paid,4,32.400000,0.050000,123.120000,1700130950,1700130995
orders-row-0001456,ord-0001456,ord-0001456,user-00206,home,card,pending,1,33.300000,0.000000,33.300000,1700131040,1700131098
orders-row-0001457,ord-0001457,ord-0001457,user-00207,sports,paypal,shipped,3,34.900000,0.150000,88.990000,1700131130,1700131201
orders-row-0001458,ord-0001458,ord-0001458,user-00208,electronics,bank_transfer,refunded,5,36.700000,0.100000,165.150000,1700131220,1700131304
orders-row-0001459,ord-0001459,ord-0001459,user-00209,books,wallet,completed,2,38.300000,0.050000,72.770000,1700131310,1700131407
orders-row-0001460,ord-0001460,ord-0001460,user-00210,grocery,card,paid,4,40.500000,0.000000,162.000000,1700131400,1700131510
orders-row-0001461,ord-0001461,ord-0001461,user-00211,apparel,paypal,pending,1,42.600000,0.150000,36.210000,1700131490,1700131613
orders-row-0001462,ord-0001462,ord-0001462,user-00212,home,bank_transfer,shipped,3,44.000000,0.100000,118.800000,1700131580,1700131716
orders-row-0001463,ord-0001463,ord-0001463,user-00213,sports,wallet,refunded,5,45.400000,0.050000,215.650000,1700131670,1700131819
orders-row-0001464,ord-0001464,ord-0001464,user-00214,electronics,card,completed,2,47.200000,0.000000,94.400000,1700131760,1700131922
orders-row-0001465,ord-0001465,ord-0001465,user-00215,books,paypal,paid,4,49.000000,0.150000,166.600000,1700131850,1700132025
orders-row-0001466,ord-0001466,ord-0001466,user-00216,grocery,bank_transfer,pending,1,51.000000,0.100000,45.900000,1700131940,1700132128
orders-row-0001467,ord-0001467,ord-0001467,user-00217,apparel,wallet,shipped,3,51.900000,0.050000,147.910000,1700132030,1700132231
orders-row-0001468,ord-0001468,ord-0001468,user-00218,home,card,refunded,5,53.700000,0.000000,268.500000,1700132120,1700132334
orders-row-0001469,ord-0001469,ord-0001469,user-00219,sports,paypal,completed,2,56.100000,0.150000,95.370000,1700132210,1700132437
orders-row-0001470,ord-0001470,ord-0001470,user-00220,electronics,bank_transfer,paid,4,57.400000,0.100000,206.640000,1700132300,1700132540
orders-row-0001471,ord-0001471,ord-0001471,user-00221,books,wallet,pending,1,58.700000,0.050000,55.770000,1700132390,1700132643
orders-row-0001472,ord-0001472,ord-0001472,user-00222,grocery,card,shipped,3,61.100000,0.000000,183.300000,1700132480,1700132746
orders-row-0001473,ord-0001473,ord-0001473,user-00223,apparel,paypal,refunded,5,62.100000,0.150000,263.930000,1700132570,1700132849
orders-row-0001474,ord-0001474,ord-0001474,user-00224,home,bank_transfer,completed,2,63.800000,0.100000,114.840000,1700132660,1700132952
orders-row-0001475,ord-0001475,ord-0001475,user-00225,sports,wallet,paid,4,66.200000,0.050000,251.560000,1700132750,1700133055
orders-row-0001476,ord-0001476,ord-0001476,user-00226,electronics,card,pending,1,67.500000,0.000000,67.500000,1700132840,1700133158
orders-row-0001477,ord-0001477,ord-0001477,user-00227,books,paypal,shipped,3,69.000000,0.150000,175.950000,1700132930,1700133261
orders-row-0001478,ord-0001478,ord-0001478,user-00228,grocery,bank_transfer,refunded,5,71.400000,0.100000,321.300000,1700133020,1700133364
orders-row-0001479,ord-0001479,ord-0001479,user-00229,apparel,wallet,completed,2,72.700000,0.050000,138.130000,1700133110,1700133467
orders-row-0001480,ord-0001480,ord-0001480,user-00230,home,card,paid,4,74.900000,0.000000,299.600000,1700133200,1700133570
orders-row-0001481,ord-0001481,ord-0001481,user-00231,sports,paypal,pending,1,76.400000,0.150000,64.940000,1700133290,1700133673
orders-row-0001482,ord-0001482,ord-0001482,user-00232,electronics,bank_transfer,shipped,3,77.400000,0.100000,208.980000,1700133380,1700133776
orders-row-0001483,ord-0001483,ord-0001483,user-00233,books,wallet,refunded,5,9.200000,0.050000,43.700000,1700133470,1700133879
orders-row-0001484,ord-0001484,ord-0001484,user-00234,grocery,card,completed,2,11.700000,0.000000,23.400000,1700133560,1700133982
orders-row-0001485,ord-0001485,ord-0001485,user-00235,apparel,paypal,paid,4,13.000000,0.150000,44.200000,1700133650,1700134085
orders-row-0001486,ord-0001486,ord-0001486,user-00236,home,bank_transfer,pending,1,14.900000,0.100000,13.410000,1700133740,1700134188
orders-row-0001487,ord-0001487,ord-0001487,user-00237,sports,wallet,shipped,3,16.200000,0.050000,46.170000,1700133830,1700134291
orders-row-0001488,ord-0001488,ord-0001488,user-00238,electronics,card,refunded,5,17.700000,0.000000,88.500000,1700133920,1700134394
orders-row-0001489,ord-0001489,ord-0001489,user-00239,books,paypal,completed,2,20.000000,0.150000,34.000000,1700134010,1700134497
orders-row-0001490,ord-0001490,ord-0001490,user-00240,grocery,bank_transfer,paid,4,21.200000,0.100000,76.320000,1700134100,1700134600
orders-row-0001491,ord-0001491,ord-0001491,user-00241,apparel,wallet,pending,1,22.700000,0.050000,21.560000,1700134190,1700134703
orders-row-0001492,ord-0001492,ord-0001492,user-00242,home,card,shipped,3,24.500000,0.000000,73.500000,1700134280,1700134806
orders-row-0001493,ord-0001493,ord-0001493,user-00243,sports,paypal,refunded,5,26.600000,0.150000,113.050000,1700134370,1700134909
orders-row-0001494,ord-0001494,ord-0001494,user-00244,electronics,bank_transfer,completed,2,28.500000,0.100000,51.300000,1700134460,1700135012
orders-row-0001495,ord-0001495,ord-0001495,user-00245,books,wallet,paid,4,29.900000,0.050000,113.620000,1700134550,1700135115
orders-row-0001496,ord-0001496,ord-0001496,user-00246,grocery,card,pending,1,31.700000,0.000000,31.700000,1700134640,1700135218
orders-row-0001497,ord-0001497,ord-0001497,user-00247,apparel,paypal,shipped,3,33.500000,0.150000,85.420000,1700134730,1700135321
orders-row-0001498,ord-0001498,ord-0001498,user-00248,home,bank_transfer,refunded,5,34.600000,0.100000,155.700000,1700134820,1700135424
orders-row-0001499,ord-0001499,ord-0001499,user-00249,sports,wallet,completed,2,36.400000,0.050000,69.160000,1700134910,1700135527
orders-row-0001500,ord-0001500,ord-0001500,user-00000,electronics,card,paid,4,38.000000,0.000000,152.000000,1700135000,1700135630
orders-row-0001501,ord-0001501,ord-0001501,user-00001,books,paypal,pending,1,40.300000,0.150000,34.250000,1700135090,1700135733
orders-row-0001502,ord-0001502,ord-0001502,user-00002,grocery,bank_transfer,shipped,3,42.300000,0.100000,114.210000,1700135180,1700135836
orders-row-0001503,ord-0001503,ord-0001503,user-00003,apparel,wallet,refunded,5,43.600000,0.050000,207.100000,1700135270,1700135939
orders-row-0001504,ord-0001504,ord-0001504,user-00004,,card,completed,2,45.600000,0.000000,91.200000,1700135360,1700136042
orders-row-0001505,ord-0001505,ord-0001505,user-00005,sports,paypal,paid,4,46.900000,0.150000,159.460000,1700135450,1700136145
orders-row-0001506,ord-0001506,ord-0001506,user-00006,electronics,bank_transfer,pending,1,48.900000,0.100000,44.010000,1700135540,1700136248
orders-row-0001507,ord-0001507,ord-0001507,user-00007,books,wallet,shipped,3,50.100000,0.050000,142.780000,1700135630,1700136351
orders-row-0001508,ord-0001508,ord-0001508,user-00008,grocery,card,refunded,5,51.700000,0.000000,258.500000,1700135720,1700136454
orders-row-0001509,ord-0001509,ord-0001509,user-00009,apparel,paypal,completed,2,53.800000,0.150000,91.460000,1700135810,1700136557
orders-row-0001510,ord-0001510,ord-0001510,user-00010,home,bank_transfer,paid,4,55.100000,0.100000,198.360000,1700135900,1700136660
orders-row-0001511,ord-0001511,ord-0001511,user-00011,sports,wallet,pending,1,56.700000,0.050000,53.870000,1700135990,1700136763
orders-row-0001512,ord-0001512,ord-0001512,user-00012,electronics,card,shipped,3,58.900000,0.000000,176.700000,1700136080,1700136866
orders-row-0001513,ord-0001513,ord-0001513,user-00013,books,paypal,refunded,5,60.400000,0.150000,256.700000,1700136170,1700136969
orders-row-0001514,ord-0001514,ord-0001514,user-00014,grocery,bank_transfer,completed,2,62.400000,0.100000,112.320000,1700136260,1700137072
orders-row-0001515,ord-0001515,ord-0001515,user-00015,apparel,wallet,paid,4,64.300000,0.050000,244.340000,1700136350,1700137175
orders-row-0001516,ord-0001516,ord-0001516,user-00016,home,card,pending,1,65.900000,0.000000,65.900000,1700136440,1700137278
orders-row-0001517,ord-0001517,ord-0001517,user-00017,sports,paypal,shipped,3,67.000000,0.150000,170.850000,1700136530,1700137381
orders-row-0001518,ord-0001518,ord-0001518,user-00018,electronics,bank_transfer,refunded,5,69.300000,0.100000,311.850000,1700136620,1700137484
orders-row-0001519,ord-0001519,ord-0001519,user-00019,books,wallet,completed,2,71.200000,0.050000,135.280000,1700136710,1700137587
orders-row-0001520,ord-0001520,ord-0001520,user-00020,grocery,card,paid,4,72.600000,0.000000,290.400000,1700136800,1700137690
orders-row-0001521,ord-0001521,ord-0001521,user-00021,apparel,paypal,pending,1,74.600000,0.150000,63.410000,1700136890,1700137793
orders-row-0001522,ord-0001522,ord-0001522,user-00022,home,bank_transfer,shipped,3,75.700000,0.100000,204.390000,1700136980,1700137896
orders-row-0001523,ord-0001523,ord-0001523,user-00023,sports,wallet,refunded,5,77.600000,0.050000,368.600000,1700137070,1700137999
orders-row-0001524,ord-0001524,ord-0001524,user-00024,electronics,card,completed,2,9.600000,0.000000,19.200000,1700137160,1700137202
orders-row-0001525,ord-0001525,ord-0001525,user-00025,books,paypal,paid,4,11.100000,0.150000,37.740000,1700137250,1700137305
orders-row-0001526,ord-0001526,ord-0001526,user-00026,grocery,bank_transfer,pending,1,13.000000,0.100000,11.700000,1700137340,1700137408
orders-row-0001527,ord-0001527,ord-0001527,user-00027,apparel,wallet,shipped,3,14.700000,0.050000,41.890000,1700137430,1700137511
orders-row-0001528,ord-0001528,ord-0001528,user-00028,home,card,refunded,5,15.600000,0.000000,78.000000,1700137520,1700137614
orders-row-0001529,ord-0001529,ord-0001529,user-00029,sports,paypal,completed,2,17.900000,0.150000,30.430000,1700137610,1700137717
orders-row-0001530,ord-0001530,ord-0001530,user-00030,electronics,bank_transfer,paid,4,19.000000,0.100000,68.400000,1700137700,1700137820
orders-row-0001531,ord-0001531,ord-0001531,user-00031,books,wallet,pending,1,20.700000,0.050000,19.660000,1700137790,1700137923
orders-row-0001532,ord-0001532,ord-0001532,user-00032,grocery,card,shipped,3,22.600000,0.000000,67.800000,1700137880,1700138026
orders-row-0001533,ord-0001533,ord-0001533,user-00033,apparel,paypal,refunded,5,24.600000,0.150000,104.550000,1700137970,1700138129
orders-row-0001534,ord-0001534,ord-0001534,user-00034,home,bank_transfer,completed,2,25.900000,0.100000,46.620000,1700138060,1700138232
orders-row-0001535,ord-0001535,ord-0001535,user-00035,sports,wallet,paid,4,28.300000,0.050000,107.540000,1700138150,1700138335
orders-row-0001536,ord-0001536,ord-0001536,user-00036,electronics,card,pending,1,29.200000,0.000000,29.200000,1700138240,1700138438
orders-row-0001537,ord-0001537,ord-0001537,user-00037,books,paypal,shipped,3,31.100000,0.150000,79.310000,1700138330,1700138541
orders-row-0001538,ord-0001538,ord-0001538,user-00038,grocery,bank_transfer,refunded,5,32.900000,0.100000,148.050000,1700138420,1700138644
orders-row-0001539,ord-0001539,ord-0001539,user-00039,apparel,wallet,completed,2,35.100000,0.050000,66.690000,1700138510,1700138747
orders-row-0001540,ord-0001540,ord-0001540,user-00040,home,card,paid,4,36.900000,0.000000,147.600000,1700138600,1700138850
orders-row-0001541,ord-0001541,ord-0001541,user-00041,sports,paypal,pending,1,38.000000,0.150000,32.300000,1700138690,1700138953
orders-row-0001542,ord-0001542,ord-0001542,user-00042,electronics,bank_transfer,shipped,3,40.000000,0.100000,108.000000,1700138780,1700139056
orders-row-0001543,ord-0001543,ord-0001543,user-00043,books,wallet,refunded,5,41.100000,0.050000,195.220000,1700138870,1700139159
orders-row-0001544,ord-0001544,ord-0001544,user-00044,grocery,card,completed,2,43.400000,0.000000,86.800000,1700138960,1700139262
orders-row-0001545,ord-0001545,ord-0001545,user-00045,apparel,paypal,paid,4,44.800000,0.150000,152.320000,1700139050,1700139365
orders-row-0001546,ord-0001546,ord-0001546,user-00046,home,,pending,1,46.400000,0.100000,41.760000,1700139140,1700139468
orders-row-0001547,ord-0001547,ord-0001547,user-00047,sports,wallet,shipped,3,48.200000,0.050000,137.370000,1700139230,1700139571
orders-row-0001548,ord-0001548,ord-0001548,user-00048,electronics,card,refunded,5,49.800000,0.000000,249.000000,1700139320,1700139674
orders-row-0001549,ord-0001549,ord-0001549,user-00049,books,paypal,completed,2,52.200000,0.150000,88.740000,1700139410,1700139777
orders-row-0001550,ord-0001550,ord-0001550,user-00050,grocery,bank_transfer,paid,4,53.400000,0.100000,192.240000,1700139500,1700139880
orders-row-0001551,ord-0001551,ord-0001551,user-00051,apparel,wallet,pending,1,55.000000,0.050000,52.250000,1700139590,1700139983
orders-row-0001552,ord-0001552,ord-0001552,user-00052,home,card,shipped,3,57.000000,0.000000,171.000000,1700139680,1700140086
orders-row-0001553,ord-0001553,ord-0001553,user-00053,sports,paypal,refunded,5,58.400000,0.150000,248.200000,1700139770,1700140189
orders-row-0001554,ord-0001554,ord-0001554,user-00054,electronics,bank_transfer,completed,2,59.900000,0.100000,107.820000,1700139860,1700140292
orders-row-0001555,ord-0001555,ord-0001555,user-00055,books,wallet,paid,4,61.800000,0.050000,234.840000,1700139950,1700140395
orders-row-0001556,ord-0001556,ord-0001556,user-00056,grocery,card,pending,1,63.500000,0.000000,63.500000,1700140040,1700140498
orders-row-0001557,ord-0001557,ord-0001557,user-00057,apparel,paypal,shipped,3,65.100000,0.150000,166.000000,1700140130,1700140601
orders-row-0001558,ord-0001558,ord-0001558,user-00058,home,bank_transfer,refunded,5,66.600000,0.100000,299.700000,1700140220,1700140704
orders-row-0001559,ord-0001559,ord-0001559,user-00059,sports,wallet,completed,2,69.100000,0.050000,131.290000,1700140310,1700140807
orders-row-0001560,ord-0001560,ord-0001560,user-00060,electronics,card,paid,4,70.200000,0.000000,280.800000,1700140400,1700140910
orders-row-0001561,ord-0001561,ord-0001561,user-00061,books,paypal,pending,1,72.500000,0.150000,61.620000,1700140490,1700141013
orders-row-0001562,ord-0001562,ord-0001562,user-00062,grocery,bank_transfer,shipped,3,73.400000,0.100000,198.180000,1700140580,1700141116
orders-row-0001563,ord-0001563,ord-0001563,user-00063,apparel,wallet,refunded,5,75.200000,0.050000,357.200000,1700140670,1700141219
orders-row-0001564,ord-0001564,ord-0001564,user-00064,home,card,completed,2,77.600000,0.000000,155.200000,1700140760,1700141322
orders-row-0001565,ord-0001565,ord-0001565,user-00065,sports,paypal,paid,4,8.800000,0.150000,29.920000,1700140850,1700141425
orders-row-0001566,ord-0001566,ord-0001566,user-00066,electronics,bank_transfer,pending,1,10.800000,0.100000,9.720000,1700140940,1700141528
orders-row-0001567,ord-0001567,ord-0001567,user-00067,books,wallet,shipped,3,12.600000,0.050000,35.910000,1700141030,1700141631
orders-row-0001568,ord-0001568,ord-0001568,user-00068,grocery,card,refunded,5,14.500000,0.000000,72.500000,1700141120,1700141734
orders-row-0001569,ord-0001569,ord-0001569,user-00069,apparel,paypal,completed,2,15.600000,0.150000,26.520000,1700141210,1700141837
orders-row-0001570,ord-0001570,ord-0001570,user-00070,home,bank_transfer,paid,4,17.500000,0.100000,63.000000,1700141300,1700141940
orders-row-0001571,ord-0001571,ord-0001571,user-00071,sports,wallet,pending,1,19.000000,0.050000,18.050000,1700141390,1700142043
orders-row-0001572,ord-0001572,ord-0001572,user-00072,electronics,card,shipped,3,20.700000,0.000000,62.100000,1700141480,1700142146
orders-row-0001573,ord-0001573,ord-0001573,user-00073,books,paypal,refunded,5,22.100000,0.150000,93.920000,1700141570,1700142249
orders-row-0001574,ord-0001574,ord-0001574,user-00074,grocery,bank_transfer,completed,2,24.100000,0.100000,43.380000,1700141660,1700142352
orders-row-0001575,ord-0001575,ord-0001575,user-00075,apparel,wallet,paid,4,25.700000,0.050000,97.660000,1700141750,1700142455
orders-row-0001576,ord-0001576,ord-0001576,user-00076,home,card,pending,1,27.800000,,27.800000,1700141840,1700142558
orders-row-0001577,ord-0001577,ord-0001577,user-00077,sports,paypal,shipped,3,29.700000,0.150000,75.730000,1700141930,1700142661
orders-row-0001578,ord-0001578,ord-0001578,user-00078,electronics,bank_transfer,refunded,5,30.900000,0.100000,139.050000,1700142020,1700142764
orders-row-0001579,ord-0001579,ord-0001579,user-00079,books,wallet,completed,2,33.000000,0.050000,62.700000,1700142110,1700142867
orders-row-0001580,ord-0001580,ord-0001580,user-00080,grocery,card,paid,4,34.900000,0.000000,139.600000,1700142200,1700142970
orders-row-0001581,ord-0001581,ord-0001581,user-00081,apparel,paypal,pending,1,36.300000,0.150000,30.850000,1700142290,1700143073
orders-row-0001582,ord-0001582,ord-0001582,user-00082,home,bank_transfer,shipped,3,37.600000,0.100000,101.520000,1700142380,1700143176
orders-row-0001583,ord-0001583,ord-0001583,user-00083,sports,wallet,refunded,5,39.100000,0.050000,185.720000,1700142470,1700143279
orders-row-0001584,ord-0001584,ord-0001584,user-00084,electronics,card,completed,2,40.800000,0.000000,81.600000,1700142560,1700143382
orders-row-0001585,ord-0001585,ord-0001585,user-00085,books,paypal,paid,4,43.200000,0.150000,146.880000,1700142650,1700143485
orders-row-0001586,ord-0001586,ord-0001586,user-00086,grocery,bank_transfer,pending,1,44.700000,0.100000,40.230000,1700142740,1700143588
orders-row-0001587,ord-0001587,ord-0001587,user-00087,apparel,wallet,shipped,3,46.600000,0.050000,132.810000,1700142830,1700143691
orders-row-0001588,ord-0001588,ord-0001588,user-00088,home,card,refunded,5,47.600000,0.000000,238.000000,1700142920,1700143794
orders-row-0001589,ord-0001589,ord-0001589,user-00089,sports,paypal,completed,2,49.900000,0.150000,84.830000,1700143010,1700143897
orders-row-0001590,ord-0001590,ord-0001590,user-00090,electronics,bank_transfer,paid,4,51.900000,0.100000,186.840000,1700143100,1700144000
orders-row-0001591,ord-0001591,ord-0001591,user-00091,books,wallet,pending,1,53.400000,0.050000,50.730000,1700143190,1700144103
orders-row-0001592,ord-0001592,ord-0001592,user-00092,grocery,card,shipped,3,54.600000,0.000000,163.800000,1700143280,1700144206
orders-row-0001593,ord-0001593,ord-0001593,user-00093,apparel,paypal,refunded,5,56.200000,0.150000,238.850000,1700143370,1700143409
orders-row-0001594,ord-0001594,ord-0001594,user-00094,home,bank_transfer,completed,2,58.400000,0.100000,105.120000,1700143460,1700143512
orders-row-0001595,ord-0001595,ord-0001595,user-00095,sports,wallet,paid,4,59.500000,0.050000,226.100000,1700143550,1700143615
orders-row-0001596,ord-0001596,ord-0001596,user-00096,electronics,card,pending,1,61.700000,0.000000,61.700000,1700143640,1700143718
orders-row-0001597,ord-0001597,ord-0001597,user-00097,books,paypal,shipped,3,63.100000,0.150000,160.910000,1700143730,1700143821
orders-row-0001598,ord-0001598,ord-0001598,user-00098,grocery,bank_transfer,refunded,5,65.100000,0.100000,292.950000,1700143820,1700143924
orders-row-0001599,ord-0001599,ord-0001599,user-00099,apparel,wallet,completed,2,67.000000,0.050000,127.300000,1700143910,1700144027
orders-row-0001600,ord-0001600,ord-0001600,user-00100,home,card,paid,4,68.900000,0.000000,275.600000,1700144000,1700144130
orders-row-0001601,ord-0001601,ord-0001601,user-00101,sports,paypal,pending,1,69.800000,0.150000,59.330000,1700144090,1700144233
orders-row-0001602,ord-0001602,ord-0001602,user-00102,electronics,bank_transfer,shipped,3,71.900000,0.100000,194.130000,1700144180,1700144336
orders-row-0001603,ord-0001603,ord-0001603,user-00103,books,wallet,refunded,5,73.100000,0.050000,347.220000,1700144270,1700144439
orders-row-0001604,ord-0001604,ord-0001604,user-00104,grocery,card,completed,2,75.500000,0.000000,151.000000,1700144360,1700144542
orders-row-0001605,ord-0001605,ord-0001605,user-00105,apparel,paypal,paid,4,76.600000,0.150000,260.440000,1700144450,1700144645
orders-row-0001606,ord-0001606,ord-0001606,user-00106,home,bank_transfer,pending,1,8.200000,0.100000,7.380000,1700144540,1700144748
orders-row-0001607,ord-0001607,ord-0001607,user-00107,sports,wallet,shipped,3,10.000000,0.050000,28.500000,1700144630,1700144851
orders-row-0001608,ord-0001608,ord-0001608,user-00108,electronics,card,refunded,5,12.300000,0.000000,61.500000,1700144720,1700144954
orders-row-0001609,ord-0001609,ord-0001609,user-00109,books,paypal,completed,2,14.200000,0.150000,24.140000,1700144810,1700145057
orders-row-0001610,ord-0001610,ord-0001610,user-00110,grocery,bank_transfer,paid,4,15.000000,0.100000,54.000000,1700144900,1700145160
orders-row-0001611,ord-0001611,ord-0001611,user-00111,apparel,wallet,pending,1,16.800000,0.050000,15.960000,1700144990,1700145263
orders-row-0001612,ord-0001612,ord-0001612,user-00112,home,card,shipped,3,18.500000,0.000000,55.500000,1700145080,1700145366
orders-row-0001613,ord-0001613,ord-0001613,user-00113,sports,paypal,refunded,5,20.400000,0.150000,86.700000,1700145170,1700145469
orders-row-0001614,ord-0001614,ord-0001614,user-00114,electronics,bank_transfer,completed,2,22.600000,0.100000,40.680000,1700145260,1700145572
orders-row-0001615,ord-0001615,ord-0001615,user-00115,books,wallet,paid,4,24.200000,0.050000,91.960000,1700145350,1700145675
orders-row-0001616,ord-0001616,ord-0001616,user-00116,grocery,card,pending,1,25.500000,0.000000,25.500000,1700145440,1700145778
orders-row-0001617,ord-0001617,ord-0001617,user-00117,apparel,__CD_RARE_ORDERS_TRANSACTIONS_PAYMENT_METHOD_008__,shipped,3,27.100000,0.150000,69.110000,1700145530,1700145881
orders-row-0001618,ord-0001618,ord-0001618,user-00118,home,bank_transfer,refunded,5,29.500000,0.100000,132.750000,1700145620,1700145984
orders-row-0001619,ord-0001619,ord-0001619,user-00119,sports,wallet,completed,2,30.300000,0.050000,57.570000,1700145710,1700146087
orders-row-0001620,ord-0001620,ord-0001620,user-00120,electronics,card,paid,4,32.900000,0.000000,131.600000,1700145800,1700146190
orders-row-0001621,ord-0001621,ord-0001621,user-00121,books,paypal,pending,1,34.500000,0.150000,29.320000,1700145890,1700146293
orders-row-0001622,ord-0001622,ord-0001622,user-00122,grocery,bank_transfer,shipped,3,36.100000,0.100000,97.470000,1700145980,1700146396
orders-row-0001623,ord-0001623,ord-0001623,user-00123,apparel,wallet,refunded,5,38.000000,0.050000,180.500000,1700146070,1700146499
orders-row-0001624,ord-0001624,ord-0001624,user-00124,home,card,completed,2,38.900000,0.000000,77.800000,1700146160,1700146602
orders-row-0001625,ord-0001625,ord-0001625,user-00125,sports,paypal,paid,4,41.100000,0.150000,139.740000,1700146250,1700146705
orders-row-0001626,ord-0001626,ord-0001626,user-00126,electronics,bank_transfer,pending,1,43.000000,0.100000,38.700000,1700146340,1700146808
orders-row-0001627,ord-0001627,ord-0001627,user-00127,books,wallet,shipped,3,44.200000,0.050000,125.970000,1700146430,1700146911
orders-row-0001628,ord-0001628,ord-0001628,user-00128,grocery,card,refunded,5,46.300000,0.000000,231.500000,1700146520,1700147014
orders-row-0001629,ord-0001629,ord-0001629,user-00129,apparel,paypal,completed,2,48.000000,0.150000,81.600000,1700146610,1700147117
orders-row-0001630,ord-0001630,ord-0001630,user-00130,home,bank_transfer,paid,4,49.200000,0.100000,177.120000,1700146700,1700147220
orders-row-0001631,ord-0001631,ord-0001631,user-00131,sports,wallet,pending,1,51.000000,0.050000,48.450000,1700146790,1700147323
orders-row-0001632,ord-0001632,ord-0001632,user-00132,electronics,card,shipped,3,52.700000,0.000000,158.100000,1700146880,1700147426
orders-row-0001633,ord-0001633,ord-0001633,user-00133,books,paypal,refunded,5,54.400000,0.150000,231.200000,1700146970,1700147529
orders-row-0001634,ord-0001634,ord-0001634,user-00134,grocery,bank_transfer,completed,2,56.000000,0.100000,100.800000,1700147060,1700147632
orders-row-0001635,ord-0001635,ord-0001635,user-00135,apparel,wallet,paid,4,57.800000,0.050000,219.640000,1700147150,1700147735
orders-row-0001636,ord-0001636,ord-0001636,user-00136,home,card,pending,1,60.000000,0.000000,60.000000,1700147240,1700147838
orders-row-0001637,ord-0001637,ord-0001637,user-00137,sports,paypal,shipped,3,61.700000,0.150000,157.340000,1700147330,1700147941
orders-row-0001638,ord-0001638,ord-0001638,user-00138,electronics,bank_transfer,refunded,5,63.100000,0.100000,283.950000,1700147420,1700148044
orders-row-0001639,ord-0001639,ord-0001639,user-00139,books,wallet,completed,2,64.700000,0.050000,122.930000,1700147510,1700148147
orders-row-0001640,ord-0001640,ord-0001640,user-00140,grocery,card,paid,4,66.800000,0.000000,267.200000,1700147600,1700148250
orders-row-0001641,ord-0001641,ord-0001641,user-00141,apparel,paypal,pending,1,68.500000,0.150000,58.230000,1700147690,1700148353
orders-row-0001642,ord-0001642,ord-0001642,user-00142,home,bank_transfer,shipped,3,69.800000,0.100000,188.460000,1700147780,1700148456
orders-row-0001643,ord-0001643,ord-0001643,user-00143,sports,wallet,refunded,5,71.900000,0.050000,341.520000,1700147870,1700148559
orders-row-0001644,ord-0001644,ord-0001644,user-00144,electronics,card,completed,2,73.300000,0.000000,146.600000,1700147960,1700148662
orders-row-0001645,ord-0001645,ord-0001645,user-00145,books,paypal,paid,4,74.900000,0.150000,254.660000,1700148050,1700148765
orders-row-0001646,ord-0001646,ord-0001646,user-00146,grocery,bank_transfer,pending,1,76.800000,0.100000,69.120000,1700148140,1700148868
orders-row-0001647,ord-0001647,ord-0001647,user-00147,apparel,wallet,shipped,3,8.300000,0.050000,23.660000,1700148230,1700148971
orders-row-0001648,ord-0001648,ord-0001648,user-00148,home,card,refunded,5,9.800000,0.000000,49.000000,1700148320,1700149074
orders-row-0001649,ord-0001649,ord-0001649,user-00149,sports,paypal,completed,2,11.300000,0.150000,19.210000,1700148410,1700149177
orders-row-0001650,ord-0001650,ord-0001650,user-00150,electronics,bank_transfer,paid,4,13.800000,0.100000,49.680000,1700148500,1700149280
orders-row-0001651,ord-0001651,ord-0001651,user-00151,books,wallet,pending,1,14.900000,0.050000,14.150000,1700148590,1700149383
orders-row-0001652,ord-0001652,ord-0001652,user-00152,grocery,card,shipped,3,17.200000,0.000000,51.600000,1700148680,1700149486
orders-row-0001653,ord-0001653,ord-0001653,user-00153,apparel,paypal,refunded,5,18.900000,0.150000,80.330000,1700148770,1700149589
orders-row-0001654,ord-0001654,ord-0001654,user-00154,home,bank_transfer,completed,2,20.200000,0.100000,36.360000,1700148860,1700149692
orders-row-0001655,ord-0001655,ord-0001655,user-00155,sports,wallet,paid,4,22.200000,0.050000,84.360000,1700148950,1700149795
orders-row-0001656,ord-0001656,ord-0001656,user-00156,electronics,card,pending,1,24.000000,0.000000,24.000000,1700149040,1700149898
orders-row-0001657,ord-0001657,ord-0001657,user-00157,books,paypal,shipped,3,25.000000,0.150000,63.750000,1700149130,1700150001
orders-row-0001658,ord-0001658,ord-0001658,user-00158,grocery,bank_transfer,refunded,5,27.300000,0.100000,122.850000,1700149220,1700150104
orders-row-0001659,ord-0001659,ord-0001659,user-00159,apparel,wallet,completed,2,28.500000,0.050000,54.150000,1700149310,1700150207
orders-row-0001660,ord-0001660,ord-0001660,user-00160,home,card,paid,4,30.100000,0.000000,120.400000,1700149400,1700150310
orders-row-0001661,ord-0001661,ord-0001661,user-00161,sports,paypal,pending,1,31.700000,0.150000,26.950000,1700149490,1700150413
orders-row-0001662,ord-0001662,ord-0001662,user-00162,electronics,bank_transfer,shipped,3,33.400000,0.100000,90.180000,1700149580,1700149616
orders-row-0001663,ord-0001663,ord-0001663,user-00163,books,wallet,refunded,5,35.600000,0.050000,169.100000,1700149670,1700149719
orders-row-0001664,ord-0001664,ord-0001664,user-00164,grocery,card,completed,2,37.700000,0.000000,75.400000,1700149760,1700149822
orders-row-0001665,ord-0001665,ord-0001665,user-00165,apparel,paypal,paid,4,38.500000,0.150000,130.900000,1700149850,1700149925
orders-row-0001666,ord-0001666,ord-0001666,user-00166,home,bank_transfer,pending,1,40.200000,0.100000,36.180000,1700149940,1700150028
orders-row-0001667,ord-0001667,ord-0001667,user-00167,sports,wallet,shipped,3,42.500000,0.050000,121.120000,1700150030,1700150131
orders-row-0001668,ord-0001668,ord-0001668,user-00168,electronics,card,refunded,5,44.200000,0.000000,221.000000,1700150120,1700150234
orders-row-0001669,ord-0001669,ord-0001669,user-00169,books,paypal,completed,2,45.900000,0.150000,78.030000,1700150210,1700150337
orders-row-0001670,ord-0001670,ord-0001670,user-00170,grocery,bank_transfer,paid,4,47.200000,0.100000,169.920000,1700150300,1700150440
orders-row-0001671,ord-0001671,ord-0001671,user-00171,apparel,wallet,pending,1,49.600000,0.050000,47.120000,1700150390,1700150543
orders-row-0001672,ord-0001672,ord-0001672,user-00172,home,card,shipped,3,51.200000,0.000000,153.600000,1700150480,1700150646
orders-row-0001673,ord-0001673,ord-0001673,user-00173,sports,paypal,refunded,5,52.700000,0.150000,223.970000,1700150570,1700150749
orders-row-0001674,ord-0001674,ord-0001674,user-00174,electronics,bank_transfer,completed,2,54.500000,0.100000,98.100000,1700150660,1700150852
orders-row-0001675,ord-0001675,ord-0001675,user-00175,books,wallet,paid,4,56.300000,0.050000,213.940000,1700150750,1700150955
orders-row-0001676,ord-0001676,ord-0001676,user-00176,grocery,card,pending,1,58.100000,0.000000,58.100000,1700150840,1700151058
orders-row-0001677,ord-0001677,ord-0001677,user-00177,apparel,paypal,shipped,3,58.900000,0.150000,150.190000,1700150930,1700151161
orders-row-0001678,ord-0001678,ord-0001678,user-00178,home,bank_transfer,refunded,5,60.900000,0.100000,274.050000,1700151020,1700151264
orders-row-0001679,ord-0001679,ord-0001679,user-00179,sports,wallet,completed,2,63.100000,0.050000,119.890000,1700151110,1700151367
orders-row-0001680,ord-0001680,ord-0001680,user-00180,electronics,card,paid,4,64.200000,0.000000,256.800000,1700151200,1700151470
orders-row-0001681,ord-0001681,ord-0001681,user-00181,books,paypal,pending,1,66.000000,0.150000,56.100000,1700151290,1700151573
orders-row-0001682,ord-0001682,ord-0001682,user-00182,grocery,bank_transfer,shipped,3,67.500000,0.100000,182.250000,1700151380,1700151676
orders-row-0001683,ord-0001683,ord-0001683,user-00183,apparel,wallet,refunded,5,69.300000,0.050000,329.180000,1700151470,1700151779
orders-row-0001684,ord-0001684,ord-0001684,user-00184,home,card,completed,2,70.800000,0.000000,141.600000,1700151560,1700151882
orders-row-0001685,ord-0001685,ord-0001685,user-00185,sports,paypal,paid,4,73.100000,0.150000,248.540000,1700151650,1700151985
orders-row-0001686,ord-0001686,ord-0001686,user-00186,electronics,bank_transfer,pending,1,74.300000,0.100000,66.870000,1700151740,1700152088
orders-row-0001687,ord-0001687,ord-0001687,user-00187,books,wallet,shipped,3,76.000000,0.050000,216.600000,1700151830,1700152191
orders-row-0001688,ord-0001688,ord-0001688,user-00188,grocery,card,refunded,5,8.400000,0.000000,42.000000,1700151920,1700152294
orders-row-0001689,ord-0001689,ord-0001689,user-00189,apparel,paypal,completed,2,9.900000,0.150000,16.830000,1700152010,1700152397
orders-row-0001690,ord-0001690,ord-0001690,user-00190,home,bank_transfer,paid,4,11.600000,0.100000,41.760000,1700152100,1700152500
orders-row-0001691,ord-0001691,ord-0001691,user-00191,sports,wallet,pending,1,12.900000,0.050000,12.250000,1700152190,1700152603
orders-row-0001692,ord-0001692,ord-0001692,user-00192,electronics,card,shipped,3,15.300000,0.000000,45.900000,1700152280,1700152706
orders-row-0001693,ord-0001693,ord-0001693,user-00193,books,paypal,refunded,5,16.600000,0.150000,70.550000,1700152370,1700152809
orders-row-0001694,ord-0001694,ord-0001694,user-00194,grocery,bank_transfer,completed,2,18.600000,0.100000,33.480000,1700152460,1700152912
orders-row-0001695,ord-0001695,ord-0001695,user-00195,apparel,wallet,paid,4,20.400000,0.050000,77.520000,1700152550,1700153015
orders-row-0001696,ord-0001696,ord-0001696,user-00196,home,card,pending,1,21.400000,0.000000,21.400000,1700152640,1700153118
orders-row-0001697,ord-0001697,ord-0001697,user-00197,sports,paypal,shipped,3,23.400000,0.150000,59.670000,1700152730,1700153221
orders-row-0001698,ord-0001698,ord-0001698,user-00198,electronics,bank_transfer,refunded,5,25.200000,0.100000,113.400000,1700152820,1700153324
orders-row-0001699,ord-0001699,ord-0001699,user-00199,books,wallet,completed,2,27.100000,0.050000,51.490000,1700152910,1700153427
orders-row-0001700,ord-0001700,ord-0001700,user-00200,grocery,card,paid,4,28.700000,0.000000,114.800000,1700153000,1700153530
orders-row-0001701,ord-0001701,ord-0001701,user-00201,apparel,paypal,pending,1,30.300000,0.150000,25.750000,1700153090,1700153633
orders-row-0001702,ord-0001702,ord-0001702,user-00202,home,bank_transfer,shipped,3,31.600000,0.100000,85.320000,1700153180,1700153736
orders-row-0001703,ord-0001703,ord-0001703,user-00203,sports,wallet,refunded,5,33.500000,0.050000,159.120000,1700153270,1700153839
orders-row-0001704,ord-0001704,ord-0001704,user-00204,electronics,card,completed,2,35.400000,0.000000,70.800000,1700153360,1700153942
orders-row-0001705,ord-0001705,ord-0001705,user-00205,books,paypal,paid,4,36.600000,0.150000,124.440000,1700153450,1700154045
orders-row-0001706,ord-0001706,ord-0001706,user-00206,grocery,bank_transfer,pending,1,38.800000,0.100000,34.920000,1700153540,1700154148
orders-row-0001707,ord-0001707,ord-0001707,user-00207,apparel,wallet,shipped,3,40.800000,0.050000,116.280000,1700153630,1700154251
orders-row-0001708,ord-0001708,ord-0001708,user-00208,home,card,refunded,5,42.200000,0.000000,211.000000,1700153720,1700154354
orders-row-0001709,ord-0001709,ord-0001709,user-00209,sports,paypal,completed,2,43.800000,0.150000,74.460000,1700153810,1700154457
orders-row-0001710,ord-0001710,ord-0001710,user-00210,electronics,bank_transfer,paid,4,45.900000,0.100000,165.240000,1700153900,1700154560
orders-row-0001711,ord-0001711,ord-0001711,user-00211,books,wallet,pending,1,46.800000,0.050000,44.460000,1700153990,1700154663
orders-row-0001712,ord-0001712,ord-0001712,user-00212,grocery,card,shipped,3,49.200000,0.000000,147.600000,1700154080,1700154766
orders-row-0001713,ord-0001713,ord-0001713,user-00213,apparel,paypal,refunded,5,50.600000,0.150000,215.050000,1700154170,1700154869
orders-row-0001714,ord-0001714,ord-0001714,user-00214,home,bank_transfer,completed,2,52.200000,0.100000,93.960000,1700154260,1700154972
orders-row-0001715,ord-0001715,ord-0001715,user-00215,sports,wallet,paid,4,53.700000,0.050000,204.060000,1700154350,1700155075
orders-row-0001716,ord-0001716,ord-0001716,user-00216,electronics,card,pending,1,55.200000,0.000000,55.200000,1700154440,1700155178
orders-row-0001717,ord-0001717,ord-0001717,user-00217,books,paypal,shipped,3,56.900000,0.150000,145.090000,1700154530,1700155281
orders-row-0001718,ord-0001718,ord-0001718,user-00218,grocery,bank_transfer,refunded,5,59.300000,0.100000,266.850000,1700154620,1700155384
orders-row-0001719,ord-0001719,ord-0001719,user-00219,apparel,wallet,completed,2,60.500000,0.050000,114.950000,1700154710,1700155487
orders-row-0001720,ord-0001720,ord-0001720,user-00220,home,card,paid,4,62.700000,0.000000,250.800000,1700154800,1700155590
orders-row-0001721,ord-0001721,ord-0001721,user-00221,sports,paypal,pending,1,64.000000,0.150000,54.400000,1700154890,1700155693
orders-row-0001722,ord-0001722,ord-0001722,user-00222,electronics,bank_transfer,shipped,3,65.900000,0.100000,177.930000,1700154980,1700155796
orders-row-0001723,ord-0001723,ord-0001723,user-00223,books,wallet,refunded,5,67.100000,0.050000,318.720000,1700155070,1700155899
orders-row-0001724,ord-0001724,ord-0001724,user-00224,grocery,card,completed,2,68.900000,1.500000,137.800000,1700155160,1700156002
orders-row-0001725,ord-0001725,ord-0001725,user-00225,apparel,paypal,paid,4,71.400000,0.150000,242.760000,1700155250,1700156105
orders-row-0001726,ord-0001726,ord-0001726,user-00226,home,bank_transfer,pending,1,72.200000,0.100000,64.980000,1700155340,1700156208
orders-row-0001727,ord-0001727,ord-0001727,user-00227,sports,wallet,shipped,3,74.000000,0.050000,210.900000,1700155430,1700156311
orders-row-0001728,ord-0001728,ord-0001728,user-00228,electronics,card,refunded,5,76.500000,0.000000,382.500000,1700155520,1700156414
orders-row-0001729,ord-0001729,ord-0001729,user-00229,books,paypal,completed,2,8.100000,0.150000,13.770000,1700155610,1700156517
orders-row-0001730,ord-0001730,ord-0001730,user-00230,grocery,bank_transfer,paid,4,9.100000,0.100000,32.760000,1700155700,1700156620
orders-row-0001731,ord-0001731,ord-0001731,user-00231,apparel,wallet,pending,1,11.100000,0.050000,10.540000,1700155790,1700155823
orders-row-0001732,ord-0001732,ord-0001732,user-00232,home,card,shipped,3,12.900000,0.000000,38.700000,1700155880,1700155926
orders-row-0001733,ord-0001733,ord-0001733,user-00233,sports,paypal,refunded,5,14.600000,0.150000,62.050000,1700155970,1700156029
orders-row-0001734,ord-0001734,ord-0001734,user-00234,electronics,bank_transfer,completed,2,16.300000,0.100000,29.340000,1700156060,1700156132
orders-row-0001735,ord-0001735,ord-0001735,user-00235,books,wallet,paid,4,17.600000,0.050000,66.880000,1700156150,1700156235
orders-row-0001736,ord-0001736,ord-0001736,user-00236,grocery,card,pending,1,19.800000,0.000000,19.800000,1700156240,1700156338
orders-row-0001737,ord-0001737,ord-0001737,user-00237,apparel,paypal,shipped,3,21.200000,0.150000,54.060000,1700156330,1700156441
orders-row-0001738,ord-0001738,ord-0001738,user-00238,home,bank_transfer,refunded,5,23.500000,0.100000,105.750000,1700156420,1700156544
orders-row-0001739,ord-0001739,ord-0001739,user-00239,sports,wallet,completed,2,25.200000,0.050000,47.880000,1700156510,1700156647
orders-row-0001740,ord-0001740,ord-0001740,user-00240,electronics,card,paid,4,26.800000,0.000000,107.200000,1700156600,1700156750
orders-row-0001741,ord-0001741,ord-0001741,user-00241,books,paypal,pending,1,27.700000,0.150000,23.540000,1700156690,1700156853
orders-row-0001742,ord-0001742,ord-0001742,user-00242,grocery,bank_transfer,shipped,3,29.900000,0.100000,80.730000,1700156780,1700156956
orders-row-0001743,ord-0001743,ord-0001743,user-00243,apparel,wallet,refunded,5,32.000000,0.050000,152.000000,1700156870,1700157059
orders-row-0001744,ord-0001744,ord-0001744,user-00244,home,card,completed,2,32.800000,0.000000,65.600000,1700156960,1700157162
orders-row-0001745,ord-0001745,ord-0001745,user-00245,sports,paypal,paid,4,35.100000,0.150000,119.340000,1700157050,1700157265
orders-row-0001746,ord-0001746,ord-0001746,user-00246,electronics,bank_transfer,pending,1,36.200000,0.100000,32.580000,1700157140,1700157368
orders-row-0001747,ord-0001747,ord-0001747,user-00247,books,wallet,shipped,3,38.800000,0.050000,110.580000,1700157230,1700157471
orders-row-0001748,ord-0001748,ord-0001748,user-00248,grocery,card,refunded,5,40.100000,0.000000,200.500000,1700157320,1700157574
orders-row-0001749,ord-0001749,ord-0001749,user-00249,apparel,paypal,completed,2,41.800000,0.150000,71.060000,1700157410,1700157677
orders-row-0001750,ord-0001750,ord-0001750,user-00000,home,bank_transfer,paid,4,43.300000,0.100000,155.880000,1700157500,1700157780
orders-row-0001751,ord-0001751,ord-0001751,user-00001,sports,wallet,pending,1,45.400000,0.050000,43.130000,1700157590,1700157883
orders-row-0001752,ord-0001752,ord-0001752,user-00002,electronics,card,shipped,3,47.100000,0.000000,141.300000,1700157680,1700157986
orders-row-0001753,ord-0001753,ord-0001753,user-00003,books,paypal,refunded,5,48.900000,0.150000,207.820000,1700157770,1700158089
orders-row-0001754,ord-0001754,ord-0001754,user-00004,grocery,bank_transfer,completed,2,49.900000,0.100000,89.820000,1700157860,1700158192
orders-row-0001755,ord-0001755,ord-0001755,user-00005,apparel,wallet,paid,4,52.100000,0.050000,197.980000,1700157950,1700158295
orders-row-0001756,ord-0001756,ord-0001756,user-00006,home,card,pending,1,53.800000,0.000000,53.800000,1700158040,1700158398
orders-row-0001757,ord-0001757,ord-0001757,user-00007,sports,paypal,shipped,3,55.300000,0.150000,141.010000,1700158130,1700158501
orders-row-0001758,ord-0001758,ord-0001758,user-00008,electronics,bank_transfer,refunded,5,57.000000,0.100000,256.500000,1700158220,1700158604
orders-row-0001759,ord-0001759,ord-0001759,user-00009,books,wallet,completed,2,58.500000,0.050000,111.150000,1700158310,1700158707
orders-row-0001760,ord-0001760,ord-0001760,user-00010,grocery,card,paid,4,60.000000,0.000000,240.000000,1700158400,1700158810
orders-row-0001761,ord-0001761,ord-0001761,user-00011,apparel,paypal,pending,1,62.200000,0.150000,52.870000,1700158490,1700158913
orders-row-0001762,ord-0001762,ord-0001762,user-00012,home,bank_transfer,shipped,3,64.000000,0.100000,172.800000,1700158580,1700159016
orders-row-0001763,ord-0001763,ord-0001763,user-00013,sports,wallet,refunded,5,66.000000,0.050000,313.500000,1700158670,1700159119
orders-row-0001764,ord-0001764,ord-0001764,user-00014,electronics,card,completed,2,67.300000,0.000000,134.600000,1700158760,1700159222
orders-row-0001765,ord-0001765,ord-0001765,user-00015,books,paypal,paid,4,69.400000,0.150000,235.960000,1700158850,1700159325
orders-row-0001766,ord-0001766,ord-0001766,user-00016,grocery,bank_transfer,pending,1,71.100000,0.100000,63.990000,1700158940,1700159428
orders-row-0001767,ord-0001767,ord-0001767,user-00017,apparel,wallet,shipped,3,72.000000,0.050000,205.200000,1700159030,1700159531
orders-row-0001768,ord-0001768,ord-0001768,user-00018,home,card,refunded,5,74.300000,0.000000,371.500000,1700159120,1700159634
orders-row-0001769,ord-0001769,ord-0001769,user-00019,sports,paypal,completed,2,76.200000,0.150000,129.540000,1700159210,1700159737
orders-row-0001770,ord-0001770,ord-0001770,user-00020,electronics,bank_transfer,paid,4,77.900000,0.100000,280.440000,1700159300,1700159840
orders-row-0001771,ord-0001771,ord-0001771,user-00021,books,wallet,pending,1,9.600000,0.050000,9.120000,1700159390,1700159943
orders-row-0001772,ord-0001772,ord-0001772,user-00022,__CD_RARE_ORDERS_TRANSACTIONS_PRODUCT_CATEGORY_007__,card,shipped,3,10.400000,0.000000,31.200000,1700159480,1700160046
orders-row-0001773,ord-0001773,ord-0001773,user-00023,apparel,paypal,refunded,5,13.000000,0.150000,55.250000,1700159570,1700160149
orders-row-0001774,ord-0001774,ord-0001774,user-00024,home,bank_transfer,completed,2,14.600000,0.100000,26.280000,1700159660,1700160252
orders-row-0001775,ord-0001775,ord-0001775,user-00025,sports,wallet,paid,4,16.400000,0.050000,62.320000,1700159750,1700160355
orders-row-0001776,ord-0001776,ord-0001776,user-00026,electronics,card,pending,1,17.600000,0.000000,17.600000,1700159840,1700160458
orders-row-0001777,ord-0001777,ord-0001777,user-00027,books,paypal,shipped,3,19.600000,0.150000,49.980000,1700159930,1700160561
orders-row-0001778,ord-0001778,ord-0001778,user-00028,grocery,bank_transfer,refunded,5,20.700000,0.100000,93.150000,1700160020,1700160664
orders-row-0001779,ord-0001779,ord-0001779,user-00029,apparel,wallet,completed,2,22.500000,0.050000,42.750000,1700160110,1700160767
orders-row-0001780,ord-0001780,ord-0001780,user-00030,home,card,paid,4,24.800000,0.000000,99.200000,1700160200,1700160870
orders-row-0001781,ord-0001781,ord-0001781,user-00031,sports,paypal,pending,1,25.700000,0.150000,21.840000,1700160290,1700160973
orders-row-0001782,ord-0001782,ord-0001782,user-00032,electronics,bank_transfer,shipped,3,27.600000,0.100000,74.520000,1700160380,1700161076
orders-row-0001783,ord-0001783,ord-0001783,user-00033,books,wallet,refunded,5,29.700000,0.050000,141.070000,1700160470,1700161179
orders-row-0001784,ord-0001784,ord-0001784,user-00034,grocery,card,completed,2,30.900000,0.000000,61.800000,1700160560,1700161282
orders-row-0001785,ord-0001785,ord-0001785,user-00035,apparel,paypal,paid,4,32.600000,0.150000,110.840000,1700160650,1700161385
orders-row-0001786,ord-0001786,ord-0001786,user-00036,home,bank_transfer,pending,1,34.600000,0.100000,31.140000,1700160740,1700161488
orders-row-0001787,ord-0001787,ord-0001787,user-00037,sports,wallet,shipped,3,36.400000,0.050000,103.740000,1700160830,1700161591
orders-row-0001788,ord-0001788,ord-0001788,user-00038,electronics,card,refunded,5,37.700000,0.000000,188.500000,1700160920,1700161694
orders-row-0001789,ord-0001789,ord-0001789,user-00039,books,paypal,completed,2,40.000000,0.150000,68.000000,1700161010,1700161797
orders-row-0001790,ord-0001790,ord-0001790,user-00040,grocery,bank_transfer,paid,4,41.600000,0.100000,149.760000,1700161100,1700161900
orders-row-0001791,ord-0001791,ord-0001791,user-00041,apparel,wallet,pending,1,43.300000,0.050000,41.130000,1700161190,1700162003
orders-row-0001792,ord-0001792,ord-0001792,user-00042,home,card,shipped,3,44.400000,0.000000,133.200000,1700161280,1700162106
orders-row-0001793,ord-0001793,ord-0001793,user-00043,sports,paypal,refunded,5,46.800000,0.150000,198.900000,1700161370,1700162209
orders-row-0001794,ord-0001794,ord-0001794,user-00044,electronics,bank_transfer,completed,2,48.700000,0.100000,87.660000,1700161460,1700162312
orders-row-0001795,ord-0001795,ord-0001795,user-00045,books,wallet,paid,4,49.500000,0.050000,188.100000,1700161550,1700162415
orders-row-0001796,ord-0001796,ord-0001796,user-00046,grocery,card,pending,1,52.000000,0.000000,52.000000,1700161640,1700162518
orders-row-0001797,ord-0001797,ord-0001797,user-00047,apparel,paypal,shipped,3,53.800000,0.150000,137.190000,1700161730,1700162621
orders-row-0001798,ord-0001798,ord-0001798,user-00048,home,bank_transfer,refunded,5,54.600000,0.100000,245.700000,1700161820,1700162724
orders-row-0001799,ord-0001799,ord-0001799,user-00049,sports,wallet,completed,2,57.100000,0.050000,108.490000,1700161910,1700162827
orders-row-0001800,ord-0001800,ord-0001800,user-00050,electronics,card,paid,4,58.200000,0.000000,232.800000,1700162000,1700162030
orders-row-0001801,ord-0001801,ord-0001801,user-00051,books,paypal,pending,1,60.500000,0.150000,51.420000,1700162090,1700162133
orders-row-0001802,ord-0001802,ord-0001802,user-00052,grocery,bank_transfer,shipped,3,62.300000,0.100000,168.210000,1700162180,1700162236
orders-row-0001803,ord-0001803,ord-0001803,user-00053,apparel,wallet,refunded,5,63.400000,0.050000,301.150000,1700162270,1700162339
orders-row-0001804,ord-0001804,ord-0001804,user-00054,home,card,completed,2,65.200000,0.000000,130.400000,1700162360,1700162442
orders-row-0001805,ord-0001805,ord-0001805,user-00055,sports,paypal,paid,4,66.500000,0.150000,226.100000,1700162450,1700162545
orders-row-0001806,ord-0001806,ord-0001806,user-00056,electronics,bank_transfer,pending,1,68.200000,0.100000,61.380000,1700162540,1700162648
orders-row-0001807,ord-0001807,ord-0001807,user-00057,books,wallet,shipped,3,70.500000,0.050000,200.920000,1700162630,1700162751
orders-row-0001808,ord-0001808,ord-0001808,user-00058,grocery,card,refunded,5,71.600000,0.000000,358.000000,1700162720,1700162854
orders-row-0001809,ord-0001809,ord-0001809,user-00059,apparel,paypal,completed,2,73.900000,0.150000,125.630000,1700162810,1700162957
orders-row-0001810,ord-0001810,ord-0001810,user-00060,home,bank_transfer,paid,4,75.300000,0.100000,271.080000,1700162900,1700163060
orders-row-0001811,ord-0001811,ord-0001811,user-00061,sports,wallet,pending,1,76.800000,0.050000,72.960000,1700162990,1700163163
orders-row-0001812,ord-0001812,ord-0001812,user-00062,electronics,card,shipped,3,9.100000,0.000000,27.300000,1700163080,1700163266
orders-row-0001813,ord-0001813,ord-0001813,user-00063,books,paypal,refunded,5,10.100000,0.150000,42.920000,1700163170,1700163369
orders-row-0001814,ord-0001814,ord-0001814,user-00064,grocery,bank_transfer,completed,2,12.500000,0.100000,22.500000,1700163260,1700163472
orders-row-0001815,ord-0001815,ord-0001815,user-00065,apparel,wallet,paid,4,14.100000,0.050000,53.580000,1700163350,1700163575
orders-row-0001816,ord-0001816,ord-0001816,user-00066,home,card,pending,1,15.600000,0.000000,15.600000,1700163440,1700163678
orders-row-0001817,ord-0001817,ord-0001817,user-00067,sports,paypal,shipped,3,17.400000,0.150000,44.370000,1700163530,1700163781
orders-row-0001818,ord-0001818,ord-0001818,user-00068,electronics,bank_transfer,refunded,5,19.500000,0.100000,87.750000,1700163620,1700163884
orders-row-0001819,ord-0001819,ord-0001819,user-00069,books,wallet,completed,2,21.000000,0.050000,39.900000,1700163710,1700163987
orders-row-0001820,ord-0001820,ord-0001820,user-00070,grocery,card,paid,4,22.900000,0.000000,91.600000,1700163800,1700164090
orders-row-0001821,ord-0001821,ord-0001821,user-00071,apparel,paypal,pending,1,24.300000,0.150000,20.660000,1700163890,1700164193
orders-row-0001822,ord-0001822,ord-0001822,user-00072,home,bank_transfer,shipped,3,25.800000,0.100000,69.660000,1700163980,1700164296
orders-row-0001823,ord-0001823,ord-0001823,user-00073,sports,wallet,refunded,5,27.600000,0.050000,131.100000,1700164070,1700164399
orders-row-0001824,ord-0001824,ord-0001824,user-00074,electronics,card,completed,2,29.100000,0.000000,58.200000,1700164160,1700164502
orders-row-0001825,ord-0001825,ord-0001825,user-00075,books,paypal,paid,4,31.200000,0.150000,106.080000,1700164250,1700164605
orders-row-0001826,ord-0001826,ord-0001826,user-00076,grocery,bank_transfer,pending,1,32.500000,0.100000,29.250000,1700164340,1700164708
orders-row-0001827,ord-0001827,ord-0001827,user-00077,apparel,wallet,shipped,3,34.600000,0.050000,98.610000,1700164430,1700164811
orders-row-0001828,ord-0001828,ord-0001828,user-00078,home,card,refunded,5,36.500000,0.000000,182.500000,1700164520,1700164914
orders-row-0001829,ord-0001829,ord-0001829,user-00079,sports,paypal,completed,2,37.900000,0.150000,64.430000,1700164610,1700165017
orders-row-0001830,ord-0001830,ord-0001830,user-00080,electronics,bank_transfer,paid,4,39.400000,0.100000,141.840000,1700164700,1700165120
orders-row-0001831,ord-0001831,ord-0001831,user-00081,books,wallet,pending,1,41.100000,0.050000,39.050000,1700164790,1700165223
orders-row-0001832,ord-0001832,ord-0001832,user-00082,grocery,card,shipped,3,43.000000,0.000000,129.000000,1700164880,1700165326
orders-row-0001833,ord-0001833,ord-0001833,user-00083,apparel,paypal,refunded,5,44.300000,0.150000,188.280000,1700164970,1700165429
orders-row-0001834,ord-0001834,ord-0001834,user-00084,home,bank_transfer,completed,2,46.700000,0.100000,84.060000,1700165060,1700165532
orders-row-0001835,ord-0001835,ord-0001835,user-00085,sports,wallet,paid,4,47.900000,0.050000,182.020000,1700165150,1700165635
orders-row-0001836,ord-0001836,ord-0001836,user-00086,electronics,card,pending,1,49.400000,0.000000,49.400000,1700165240,1700165738
orders-row-0001837,ord-0001837,ord-0001837,user-00087,books,paypal,shipped,3,51.800000,0.150000,132.090000,1700165330,1700165841
orders-row-0001838,ord-0001838,ord-0001838,user-00088,grocery,bank_transfer,refunded,5,52.600000,0.100000,236.700000,1700165420,1700165944
orders-row-0001839,ord-0001839,ord-0001839,user-00089,apparel,wallet,completed,2,54.600000,0.050000,103.740000,1700165510,1700166047
orders-row-0001840,ord-0001840,ord-0001840,user-00090,home,card,paid,4,56.500000,0.000000,226.000000,1700165600,1700166150
orders-row-0001841,ord-0001841,ord-0001841,user-00091,sports,paypal,pending,1,58.300000,0.150000,49.550000,1700165690,1700166253
orders-row-0001842,ord-0001842,ord-0001842,user-00092,electronics,bank_transfer,shipped,3,59.400000,0.100000,160.380000,1700165780,1700166356
orders-row-0001843,ord-0001843,ord-0001843,user-00093,books,wallet,refunded,5,61.300000,0.050000,291.180000,1700165870,1700166459
orders-row-0001844,ord-0001844,ord-0001844,user-00094,grocery,card,completed,2,63.400000,0.000000,126.800000,1700165960,1700166562
orders-row-0001845,ord-0001845,ord-0001845,user-00095,apparel,paypal,paid,4,64.900000,0.150000,220.660000,1700166050,1700166665
orders-row-0001846,ord-0001846,ord-0001846,user-00096,home,bank_transfer,pending,1,66.700000,0.100000,60.030000,1700166140,1700166768
orders-row-0001847,ord-0001847,ord-0001847,user-00097,sports,wallet,shipped,3,68.500000,0.050000,195.220000,1700166230,1700166871
orders-row-0001848,ord-0001848,ord-0001848,user-00098,electronics,card,refunded,5,70.400000,0.000000,352.000000,1700166320,1700166974
orders-row-0001849,ord-0001849,ord-0001849,user-00099,books,paypal,completed,2,72.200000,0.150000,122.740000,1700166410,1700167077
orders-row-0001850,ord-0001850,ord-0001850,user-00100,grocery,bank_transfer,paid,4,73.000000,0.100000,262.800000,1700166500,1700167180
orders-row-0001851,ord-0001851,ord-0001851,user-00101,apparel,wallet,pending,1,74.800000,0.050000,71.060000,1700166590,1700167283
orders-row-0001852,ord-0001852,ord-0001852,user-00102,home,card,shipped,3,76.500000,0.000000,229.500000,1700166680,1700167386
orders-row-0001853,ord-0001853,ord-0001853,user-00103,sports,paypal,refunded,5,8.600000,0.150000,36.550000,1700166770,1700167489
orders-row-0001854,ord-0001854,ord-0001854,user-00104,electronics,bank_transfer,completed,2,10.000000,0.100000,18.000000,1700166860,1700167592
orders-row-0001855,ord-0001855,ord-0001855,user-00105,books,wallet,paid,4,12.100000,0.050000,45.980000,1700166950,1700167695
orders-row-0001856,ord-0001856,ord-0001856,user-00106,grocery,card,pending,1,13.500000,0.000000,13.500000,1700167040,1700167798
orders-row-0001857,ord-0001857,ord-0001857,user-00107,apparel,paypal,shipped,3,15.500000,0.150000,39.520000,1700167130,1700167901
orders-row-0001858,ord-0001858,ord-0001858,user-00108,home,bank_transfer,refunded,5,16.700000,0.100000,75.150000,1700167220,1700168004
orders-row-0001859,ord-0001859,ord-0001859,user-00109,sports,wallet,completed,2,18.700000,0.050000,35.530000,1700167310,1700168107
orders-row-0001860,ord-0001860,ord-0001860,user-00110,electronics,card,paid,4,20.200000,0.000000,80.800000,1700167400,1700168210
orders-row-0001861,ord-0001861,ord-0001861,user-00111,books,paypal,pending,1,22.300000,0.150000,18.960000,1700167490,1700168313
orders-row-0001862,ord-0001862,ord-0001862,user-00112,grocery,bank_transfer,shipped,3,24.000000,0.100000,64.800000,1700167580,1700168416
orders-row-0001863,ord-0001863,ord-0001863,user-00113,apparel,wallet,refunded,5,26.000000,0.050000,123.500000,1700167670,1700168519
orders-row-0001864,ord-0001864,ord-0001864,user-00114,home,card,completed,2,26.900000,0.000000,53.800000,1700167760,1700168622
orders-row-0001865,ord-0001865,ord-0001865,user-00115,sports,paypal,paid,4,28.600000,0.150000,97.240000,1700167850,1700168725
orders-row-0001866,ord-0001866,ord-0001866,user-00116,electronics,bank_transfer,pending,1,30.700000,0.100000,27.630000,1700167940,1700168828
orders-row-0001867,ord-0001867,ord-0001867,user-00117,books,wallet,shipped,3,32.400000,0.050000,92.340000,1700168030,1700168931
orders-row-0001868,ord-0001868,ord-0001868,user-00118,grocery,card,refunded,5,34.500000,0.000000,172.500000,1700168120,1700169034
orders-row-0001869,ord-0001869,ord-0001869,user-00119,apparel,paypal,completed,2,35.500000,0.150000,60.350000,1700168210,1700169137
orders-row-0001870,ord-0001870,ord-0001870,user-00120,home,bank_transfer,paid,4,37.300000,0.100000,134.280000,1700168300,1700168340
orders-row-0001871,ord-0001871,ord-0001871,user-00121,sports,wallet,pending,1,39.500000,0.050000,37.520000,1700168390,1700168443
orders-row-0001872,ord-0001872,ord-0001872,user-00122,electronics,card,shipped,3,40.700000,0.000000,122.100000,1700168480,1700168546
orders-row-0001873,ord-0001873,ord-0001873,user-00123,books,paypal,refunded,5,42.200000,0.150000,179.350000,1700168570,1700168649
orders-row-0001874,ord-0001874,ord-0001874,user-00124,grocery,bank_transfer,completed,2,43.900000,0.100000,79.020000,1700168660,1700168752
orders-row-0001875,ord-0001875,ord-0001875,user-00125,apparel,wallet,paid,4,46.400000,0.050000,176.320000,1700168750,1700168855
orders-row-0001876,ord-0001876,ord-0001876,user-00126,home,card,pending,1,47.600000,0.000000,47.600000,1700168840,1700168958
orders-row-0001877,ord-0001877,ord-0001877,user-00127,sports,paypal,shipped,3,49.700000,0.150000,126.740000,1700168930,1700169061
orders-row-0001878,ord-0001878,ord-0001878,user-00128,electronics,bank_transfer,refunded,5,51.200000,0.100000,230.400000,1700169020,1700169164
orders-row-0001879,ord-0001879,ord-0001879,user-00129,books,wallet,completed,2,52.800000,0.050000,100.320000,1700169110,1700169267
orders-row-0001880,ord-0001880,ord-0001880,user-00130,grocery,card,paid,4,54.600000,0.000000,218.400000,1700169200,1700169370
orders-row-0001881,ord-0001881,ord-0001881,user-00131,apparel,paypal,pending,1,56.100000,0.150000,47.690000,1700169290,1700169473
orders-row-0001882,ord-0001882,ord-0001882,user-00132,home,bank_transfer,shipped,3,58.300000,0.100000,157.410000,1700169380,1700169576
orders-row-0001883,ord-0001883,ord-0001883,user-00133,sports,wallet,refunded,5,59.500000,0.050000,282.620000,1700169470,1700169679
orders-row-0001884,ord-0001884,ord-0001884,user-00134,electronics,card,completed,2,61.500000,0.000000,123.000000,1700169560,1700169782
orders-row-0001885,ord-0001885,ord-0001885,user-00135,books,paypal,paid,4,62.900000,0.150000,213.860000,1700169650,1700169885
orders-row-0001886,ord-0001886,ord-0001886,user-00136,grocery,bank_transfer,pending,1,64.500000,0.100000,58.050000,1700169740,1700169988
orders-row-0001887,ord-0001887,ord-0001887,user-00137,apparel,wallet,shipped,3,65.900000,0.050000,187.810000,1700169830,1700170091
orders-row-0001888,ord-0001888,ord-0001888,user-00138,home,card,refunded,5,68.500000,0.000000,342.500000,1700169920,1700170194
orders-row-0001889,ord-0001889,ord-0001889,user-00139,sports,paypal,completed,2,70.100000,0.150000,119.170000,1700170010,1700170297
orders-row-0001890,ord-0001890,ord-0001890,user-00140,electronics,bank_transfer,paid,4,71.500000,0.100000,257.400000,1700170100,1700170400
orders-row-0001891,ord-0001891,ord-0001891,user-00141,books,wallet,pending,1,72.800000,0.050000,69.160000,1700170190,1700170503
orders-row-0001892,ord-0001892,ord-0001892,user-00142,grocery,card,shipped,3,75.000000,0.000000,225.000000,1700170280,1700170606
orders-row-0001893,ord-0001893,ord-0001893,user-00143,apparel,paypal,refunded,5,76.600000,0.150000,325.550000,1700170370,1700170709
orders-row-0001894,ord-0001894,ord-0001894,user-00144,home,bank_transfer,completed,2,8.500000,0.100000,15.300000,1700170460,1700170812
orders-row-0001895,ord-0001895,ord-0001895,user-00145,sports,wallet,paid,4,10.300000,0.050000,39.140000,1700170550,1700170915
orders-row-0001896,ord-0001896,ord-0001896,user-00146,electronics,card,pending,1,11.300000,0.000000,11.300000,1700170640,1700171018
orders-row-0001897,ord-0001897,ord-0001897,user-00147,books,paypal,shipped,3,13.600000,0.150000,34.680000,1700170730,1700171121
orders-row-0001898,ord-0001898,ord-0001898,user-00148,grocery,bank_transfer,refunded,5,14.900000,0.100000,67.050000,1700170820,1700171224
orders-row-0001899,ord-0001899,ord-0001899,user-00149,apparel,wallet,completed,2,17.100000,0.050000,32.490000,1700170910,1700171327
orders-row-0001900,ord-0001900,ord-0001900,user-00150,home,card,paid,4,18.100000,0.000000,72.400000,1700171000,1700171430
orders-row-0001901,ord-0001901,ord-0001901,user-00151,sports,paypal,pending,1,20.200000,0.150000,17.170000,1700171090,1700171533
orders-row-0001902,ord-0001902,ord-0001902,user-00152,electronics,bank_transfer,shipped,3,21.500000,0.100000,58.050000,1700171180,1700171636
orders-row-0001903,ord-0001903,ord-0001903,user-00153,books,wallet,refunded,5,23.900000,0.050000,113.520000,1700171270,1700171739
orders-row-0001904,ord-0001904,ord-0001904,user-00154,grocery,card,completed,2,25.600000,0.000000,51.200000,1700171360,1700171842
orders-row-0001905,ord-0001905,ord-0001905,user-00155,apparel,paypal,paid,4,26.800000,0.150000,91.120000,1700171450,1700171945
orders-row-0001906,ord-0001906,ord-0001906,user-00156,home,bank_transfer,pending,1,28.300000,0.100000,25.470000,1700171540,1700172048
orders-row-0001907,ord-0001907,ord-0001907,user-00157,sports,wallet,shipped,3,30.100000,0.050000,85.790000,1700171630,1700172151
orders-row-0001908,ord-0001908,ord-0001908,user-00158,electronics,card,refunded,5,32.500000,0.000000,162.500000,1700171720,1700172254
orders-row-0001909,ord-0001909,ord-0001909,user-00159,books,paypal,completed,2,34.200000,0.150000,58.140000,1700171810,1700172357
orders-row-0001910,ord-0001910,ord-0001910,user-00160,grocery,bank_transfer,paid,4,35.200000,0.100000,126.720000,1700171900,1700172460
orders-row-0001911,ord-0001911,ord-0001911,user-00161,apparel,wallet,pending,1,37.600000,0.050000,35.720000,1700171990,1700172563
orders-row-0001912,ord-0001912,ord-0001912,user-00162,home,card,shipped,3,38.500000,0.000000,115.500000,1700172080,1700172666
orders-row-0001913,ord-0001913,ord-0001913,user-00163,sports,paypal,refunded,5,40.700000,0.150000,172.970000,1700172170,1700172769
orders-row-0001914,ord-0001914,ord-0001914,user-00164,electronics,bank_transfer,completed,2,41.800000,0.100000,75.240000,1700172260,1700172872
orders-row-0001915,ord-0001915,ord-0001915,user-00165,books,wallet,paid,4,43.600000,0.050000,165.680000,1700172350,1700172975
orders-row-0001916,ord-0001916,ord-0001916,user-00166,grocery,card,pending,1,45.700000,0.000000,45.700000,1700172440,1700173078
orders-row-0001917,ord-0001917,ord-0001917,user-00167,apparel,paypal,shipped,3,47.200000,0.150000,120.360000,1700172530,1700173181
orders-row-0001918,ord-0001918,ord-0001918,user-00168,home,bank_transfer,refunded,5,49.200000,0.100000,221.400000,1700172620,1700173284
orders-row-0001919,ord-0001919,ord-0001919,user-00169,sports,wallet,completed,2,51.200000,0.050000,97.280000,1700172710,1700173387
orders-row-0001920,ord-0001920,ord-0001920,user-00170,electronics,card,paid,4,52.900000,0.000000,211.600000,1700172800,1700173490
orders-row-0001921,ord-0001921,ord-0001921,user-00171,books,paypal,pending,1,54.200000,0.150000,46.070000,1700172890,1700173593
orders-row-0001922,ord-0001922,ord-0001922,user-00172,grocery,bank_transfer,shipped,3,56.200000,0.100000,151.740000,1700172980,1700173696
orders-row-0001923,ord-0001923,ord-0001923,user-00173,apparel,wallet,refunded,5,57.600000,0.050000,273.600000,1700173070,1700173799
orders-row-0001924,ord-0001924,ord-0001924,user-00174,home,card,completed,2,59.500000,0.000000,119.000000,1700173160,1700173902
orders-row-0001925,ord-0001925,ord-0001925,user-00175,sports,paypal,paid,4,60.500000,0.150000,205.700000,1700173250,1700174005
orders-row-0001926,ord-0001926,ord-0001926,user-00176,electronics,bank_transfer,pending,1,62.200000,0.100000,55.980000,1700173340,1700174108
orders-row-0001927,ord-0001927,ord-0001927,user-00177,books,wallet,shipped,3,64.100000,0.050000,182.680000,1700173430,1700174211
orders-row-0001928,ord-0001928,ord-0001928,user-00178,grocery,card,refunded,5,65.900000,0.000000,329.500000,1700173520,1700174314
orders-row-0001929,ord-0001929,ord-0001929,user-00179,apparel,paypal,completed,2,67.300000,0.150000,114.410000,1700173610,1700174417
orders-row-0001930,ord-0001930,ord-0001930,user-00180,home,bank_transfer,paid,4,69.200000,0.100000,249.120000,1700173700,1700174520
orders-row-0001931,ord-0001931,ord-0001931,user-00181,sports,wallet,pending,1,70.800000,0.050000,67.260000,1700173790,1700174623
orders-row-0001932,ord-0001932,ord-0001932,user-00182,electronics,card,shipped,3,72.900000,0.000000,218.700000,1700173880,1700174726
orders-row-0001933,ord-0001933,ord-0001933,user-00183,books,paypal,refunded,5,74.300000,0.150000,315.770000,1700173970,1700174829
orders-row-0001934,ord-0001934,ord-0001934,user-00184,grocery,bank_transfer,completed,2,76.300000,0.100000,137.340000,1700174060,1700174932
orders-row-0001935,ord-0001935,ord-0001935,user-00185,apparel,wallet,paid,4,8.000000,0.050000,30.400000,1700174150,1700175035
orders-row-0001936,ord-0001936,ord-0001936,user-00186,home,card,pending,1,9.900000,0.000000,9.900000,1700174240,1700175138
orders-row-0001937,ord-0001937,ord-0001937,user-00187,sports,paypal,shipped,3,11.000000,0.150000,28.050000,1700174330,1700175241
orders-row-0001938,ord-0001938,ord-0001938,user-00188,electronics,bank_transfer,refunded,5,13.000000,0.100000,58.500000,1700174420,1700175344
orders-row-0001939,ord-0001939,ord-0001939,user-00189,books,wallet,completed,2,15.000000,0.050000,28.500000,1700174510,1700174547
orders-row-0001940,ord-0001940,ord-0001940,user-00190,grocery,card,paid,4,16.500000,0.000000,66.000000,1700174600,1700174650
orders-row-0001941,ord-0001941,ord-0001941,user-00191,apparel,paypal,pending,1,18.300000,0.150000,15.550000,1700174690,1700174753
orders-row-0001942,ord-0001942,ord-0001942,user-00192,home,bank_transfer,shipped,3,19.400000,0.100000,52.380000,1700174780,1700174856
orders-row-0001943,ord-0001943,ord-0001943,user-00193,sports,wallet,refunded,5,21.500000,0.050000,102.120000,1700174870,1700174959
orders-row-0001944,ord-0001944,ord-0001944,user-00194,electronics,card,completed,2,23.600000,0.000000,47.200000,1700174960,1700175062
orders-row-0001945,ord-0001945,ord-0001945,user-00195,books,paypal,paid,4,25.100000,0.150000,85.340000,1700175050,1700175165
orders-row-0001946,ord-0001946,ord-0001946,user-00196,grocery,bank_transfer,pending,1,26.300000,0.100000,23.670000,1700175140,1700175268
orders-row-0001947,ord-0001947,ord-0001947,user-00197,apparel,wallet,shipped,3,28.800000,0.050000,82.080000,1700175230,1700175371
orders-row-0001948,ord-0001948,ord-0001948,user-00198,home,card,refunded,5,30.500000,0.000000,152.500000,1700175320,1700175474
orders-row-0001949,ord-0001949,ord-0001949,user-00199,sports,paypal,completed,2,32.000000,0.150000,54.400000,1700175410,1700175577
orders-row-0001950,ord-0001950,ord-0001950,user-00200,electronics,bank_transfer,paid,4,33.600000,0.100000,120.960000,1700175500,1700175680
orders-row-0001951,ord-0001951,ord-0001951,user-00201,books,wallet,pending,1,34.900000,0.050000,33.150000,1700175590,1700175783
orders-row-0001952,ord-0001952,ord-0001952,user-00202,grocery,card,shipped,3,37.200000,0.000000,111.600000,1700175680,1700175886
orders-row-0001953,ord-0001953,ord-0001953,user-00203,apparel,paypal,refunded,5,38.600000,0.150000,164.050000,1700175770,1700175989
orders-row-0001954,ord-0001954,ord-0001954,user-00204,home,bank_transfer,completed,2,39.900000,0.100000,71.820000,1700175860,1700176092
orders-row-0001955,ord-0001955,ord-0001955,user-00205,sports,wallet,paid,4,41.600000,0.050000,158.080000,1700175950,1700176195
orders-row-0001956,ord-0001956,ord-0001956,user-00206,electronics,card,pending,1,43.400000,0.000000,43.400000,1700176040,1700176298
orders-row-0001957,ord-0001957,ord-0001957,user-00207,books,paypal,shipped,3,45.100000,0.150000,115.010000,1700176130,1700176401
orders-row-0001958,ord-0001958,ord-0001958,user-00208,grocery,bank_transfer,refunded,5,46.800000,0.100000,210.600000,1700176220,1700176504
orders-row-0001959,ord-0001959,ord-0001959,user-00209,apparel,wallet,completed,2,49.100000,0.050000,93.290000,1700176310,1700176607
orders-row-0001960,ord-0001960,ord-0001960,user-00210,home,card,paid,4,50.200000,0.000000,200.800000,1700176400,1700176710
orders-row-0001961,ord-0001961,ord-0001961,user-00211,sports,paypal,pending,1,51.900000,0.150000,44.110000,1700176490,1700176813
orders-row-0001962,ord-0001962,ord-0001962,user-00212,electronics,bank_transfer,shipped,3,53.400000,0.100000,144.180000,1700176580,1700176916
orders-row-0001963,ord-0001963,ord-0001963,user-00213,books,wallet,refunded,5,55.600000,0.050000,264.100000,1700176670,1700177019
orders-row-0001964,ord-0001964,ord-0001964,user-00214,grocery,card,completed,2,57.400000,0.000000,114.800000,1700176760,1700177122
orders-row-0001965,ord-0001965,ord-0001965,user-00215,apparel,paypal,paid,4,58.900000,0.150000,200.260000,1700176850,1700177225
orders-row-0001966,ord-0001966,ord-0001966,user-00216,home,bank_transfer,pending,1,60.600000,0.100000,54.540000,1700176940,1700177328
orders-row-0001967,ord-0001967,ord-0001967,user-00217,sports,wallet,shipped,3,62.000000,0.050000,176.700000,1700177030,1700177431
orders-row-0001968,ord-0001968,ord-0001968,user-00218,electronics,card,refunded,5,63.600000,0.000000,318.000000,1700177120,1700177534
orders-row-0001969,ord-0001969,ord-0001969,user-00219,books,paypal,completed,2,65.400000,0.150000,111.180000,1700177210,1700177637
orders-row-0001970,ord-0001970,ord-0001970,user-00220,grocery,bank_transfer,paid,4,67.100000,0.100000,241.560000,1700177300,1700177740
orders-row-0001971,ord-0001971,ord-0001971,user-00221,apparel,wallet,pending,1,69.600000,0.050000,66.120000,1700177390,1700177843
orders-row-0001972,ord-0001972,ord-0001972,user-00222,home,card,shipped,3,70.400000,0.000000,211.200000,1700177480,1700177946
orders-row-0001973,ord-0001973,ord-0001973,user-00223,sports,paypal,refunded,5,72.300000,0.150000,307.270000,1700177570,1700178049
orders-row-0001974,ord-0001974,ord-0001974,user-00224,electronics,bank_transfer,completed,2,74.600000,0.100000,134.280000,1700177660,1700178152
orders-row-0001975,ord-0001975,ord-0001975,user-00225,books,wallet,paid,4,75.800000,0.050000,288.040000,1700177750,1700178255
orders-row-0001976,ord-0001976,ord-0001976,user-00226,grocery,card,pending,1,77.700000,0.000000,77.700000,1700177840,1700178358
orders-row-0001977,ord-0001977,ord-0001977,user-00227,apparel,paypal,shipped,3,9.800000,0.150000,24.990000,1700177930,1700178461
orders-row-0001978,ord-0001978,ord-0001978,user-00228,home,bank_transfer,refunded,5,11.100000,0.100000,49.950000,1700178020,1700178564
orders-row-0001979,ord-0001979,ord-0001979,user-00229,sports,wallet,completed,2,12.700000,0.050000,24.130000,1700178110,1700178667
orders-row-0001980,ord-0001980,ord-0001980,user-00230,electronics,card,paid,4,14.200000,0.000000,56.800000,1700178200,1700178770
orders-row-0001981,ord-0001981,ord-0001981,user-00231,books,paypal,pending,1,16.500000,0.150000,14.030000,1700178290,1700178873
orders-row-0001982,ord-0001982,ord-0001982,user-00232,grocery,bank_transfer,shipped,3,17.500000,0.100000,47.250000,1700178380,1700178976
orders-row-0001983,ord-0001983,ord-0001983,user-00233,apparel,wallet,refunded,5,19.500000,0.050000,92.620000,1700178470,1700179079
orders-row-0001984,ord-0001984,ord-0001984,user-00234,home,card,completed,2,21.300000,0.000000,42.600000,1700178560,1700179182
orders-row-0001985,ord-0001985,ord-0001985,user-00235,sports,paypal,paid,4,22.600000,0.150000,76.840000,1700178650,1700179285
orders-row-0001986,ord-0001986,ord-0001986,user-00236,electronics,bank_transfer,pending,1,25.000000,0.100000,22.500000,1700178740,1700179388
orders-row-0001987,ord-0001987,ord-0001987,user-00237,books,wallet,shipped,3,26.100000,0.050000,74.390000,1700178830,1700179491
orders-row-0001988,ord-0001988,ord-0001988,user-00238,grocery,card,refunded,5,27.700000,0.000000,138.500000,1700178920,1700179594
orders-row-0001989,ord-0001989,ord-0001989,user-00239,apparel,paypal,completed,2,29.400000,0.150000,49.980000,1700179010,1700179697
orders-row-0001990,ord-0001990,ord-0001990,user-00240,home,bank_transfer,paid,4,31.000000,0.100000,111.600000,1700179100,1700179800
orders-row-0001991,ord-0001991,ord-0001991,user-00241,sports,wallet,pending,1,33.000000,0.050000,31.350000,1700179190,1700179903
orders-row-0001992,ord-0001992,ord-0001992,user-00242,electronics,card,shipped,3,35.100000,0.000000,105.300000,1700179280,1700180006
orders-row-0001993,ord-0001993,ord-0001993,user-00243,books,paypal,refunded,5,36.800000,0.150000,156.400000,1700179370,1700180109
orders-row-0001994,ord-0001994,ord-0001994,user-00244,grocery,bank_transfer,completed,2,37.900000,0.100000,68.220000,1700179460,1700180212
orders-row-0001995,ord-0001995,ord-0001995,user-00245,apparel,wallet,paid,4,40.300000,0.050000,153.140000,1700179550,1700180315
orders-row-0001996,ord-0001996,ord-0001996,user-00246,home,card,pending,1,41.300000,0.000000,41.300000,1700179640,1700180418
orders-row-0001997,ord-0001997,ord-0001997,user-00247,sports,paypal,shipped,3,43.300000,0.150000,110.410000,1700179730,1700180521
orders-row-0001998,ord-0001998,ord-0001998,user-00248,electronics,bank_transfer,refunded,5,45.000000,0.100000,202.500000,1700179820,1700180624
orders-row-0001999,ord-0001999,ord-0001999,user-00249,books,wallet,completed,2,47.000000,0.050000,89.300000,1700179910,1700180727
orders-row-0002000,ord-0002000,ord-0002000,user-00000,grocery,card,paid,4,48.600000,0.000000,194.400000,1700180000,1700180830
orders-row-0002001,ord-0002001,ord-0002001,user-00001,apparel,paypal,pending,1,50.100000,0.150000,42.590000,1700180090,1700180933
orders-row-0002002,ord-0002002,ord-0002002,user-00002,home,bank_transfer,shipped,3,51.700000,0.100000,139.590000,1700180180,1700181036
orders-row-0002003,ord-0002003,ord-0002003,user-00003,sports,wallet,refunded,5,53.800000,0.050000,255.550000,1700180270,1700181139
orders-row-0002004,ord-0002004,ord-0002004,user-00004,electronics,card,completed,2,55.700000,0.000000,111.400000,1700180360,1700181242
orders-row-0002005,ord-0002005,ord-0002005,user-00005,books,paypal,paid,4,57.000000,0.150000,193.800000,1700180450,1700181345
orders-row-0002006,ord-0002006,ord-0002006,user-00006,grocery,bank_transfer,pending,1,58.800000,0.100000,52.920000,1700180540,1700181448
orders-row-0002007,ord-0002007,ord-0002007,user-00007,apparel,wallet,shipped,3,60.300000,0.050000,171.850000,1700180630,1700181551
orders-row-0002008,ord-0002008,ord-0002008,user-00008,home,card,refunded,5,62.400000,0.000000,312.000000,1700180720,1700180754
orders-row-0002009,ord-0002009,ord-0002009,user-00009,sports,paypal,completed,2,63.300000,0.150000,107.610000,1700180810,1700180857
orders-row-0002010,ord-0002010,ord-0002010,user-00010,electronics,bank_transfer,paid,4,65.800000,0.100000,236.880000,1700180900,1700180960
orders-row-0002011,ord-0002011,ord-0002011,user-00011,books,wallet,pending,1,66.800000,0.050000,63.460000,1700180990,1700181063
orders-row-0002012,ord-0002012,ord-0002012,user-00012,grocery,card,shipped,3,69.100000,0.000000,207.300000,1700181080,1700181166
orders-row-0002013,ord-0002013,ord-0002013,user-00013,apparel,paypal,refunded,5,70.100000,0.150000,297.930000,1700181170,1700181269
orders-row-0002014,ord-0002014,ord-0002014,user-00014,home,bank_transfer,completed,2,72.300000,0.100000,130.140000,1700181260,1700181372
orders-row-0002015,ord-0002015,ord-0002015,user-00015,sports,wallet,paid,4,73.700000,0.050000,280.060000,1700181350,1700181475
orders-row-0002016,ord-0002016,ord-0002016,user-00016,electronics,card,pending,1,75.300000,0.000000,75.300000,1700181440,1700181578
orders-row-0002017,ord-0002017,ord-0002017,user-00017,books,paypal,shipped,3,77.400000,0.150000,197.370000,1700181530,1700181681
orders-row-0002018,ord-0002018,ord-0002018,user-00018,grocery,bank_transfer,refunded,5,9.300000,0.100000,41.850000,1700181620,1700181784
orders-row-0002019,ord-0002019,ord-0002019,user-00019,apparel,wallet,completed,2,11.200000,0.050000,21.280000,1700181710,1700181887
orders-row-0002020,ord-0002020,ord-0002020,user-00020,home,card,paid,4,12.900000,0.000000,51.600000,1700181800,1700181990
orders-row-0002021,ord-0002021,ord-0002021,user-00021,sports,paypal,pending,1,14.100000,0.150000,11.980000,1700181890,1700182093
orders-row-0002022,ord-0002022,ord-0002022,user-00022,electronics,bank_transfer,shipped,3,15.600000,0.100000,42.120000,1700181980,1700182196
orders-row-0002023,ord-0002023,ord-0002023,user-00023,books,wallet,refunded,5,17.700000,0.050000,84.080000,1700182070,1700182299
orders-row-0002024,ord-0002024,ord-0002024,user-00024,grocery,card,completed,2,18.800000,0.000000,37.600000,1700182160,1700182402
orders-row-0002025,ord-0002025,ord-0002025,user-00025,apparel,paypal,paid,4,21.400000,0.150000,72.760000,1700182250,1700182505
orders-row-0002026,ord-0002026,ord-0002026,user-00026,home,bank_transfer,pending,1,22.500000,0.100000,20.250000,1700182340,1700182608
orders-row-0002027,ord-0002027,ord-0002027,user-00027,sports,wallet,shipped,3,24.600000,0.050000,70.110000,1700182430,1700182711
orders-row-0002028,ord-0002028,ord-0002028,user-00028,electronics,card,refunded,5,26.000000,0.000000,130.000000,1700182520,1700182814
orders-row-0002029,ord-0002029,ord-0002029,user-00029,books,paypal,completed,2,27.800000,0.150000,47.260000,1700182610,1700182917
orders-row-0002030,ord-0002030,ord-0002030,user-00030,grocery,bank_transfer,paid,4,29.400000,0.100000,105.840000,1700182700,1700183020
orders-row-0002031,ord-0002031,ord-0002031,user-00031,apparel,wallet,pending,1,31.000000,0.050000,29.450000,1700182790,1700182670
orders-row-0002032,ord-0002032,ord-0002032,user-00032,home,card,shipped,3,32.400000,0.000000,97.200000,1700182880,1700183226
orders-row-0002033,ord-0002033,ord-0002033,user-00033,sports,paypal,refunded,5,34.500000,0.150000,146.620000,1700182970,1700183329
orders-row-0002034,ord-0002034,ord-0002034,user-00034,electronics,bank_transfer,completed,2,36.300000,0.100000,65.340000,1700183060,1700183432
orders-row-0002035,ord-0002035,ord-0002035,user-00035,books,wallet,paid,4,38.200000,0.050000,145.160000,1700183150,1700183535
orders-row-0002036,ord-0002036,ord-0002036,user-00036,grocery,card,pending,1,39.400000,0.000000,39.400000,1700183240,1700183638
orders-row-0002037,ord-0002037,ord-0002037,user-00037,apparel,paypal,shipped,3,41.000000,0.150000,104.550000,1700183330,1700183741
orders-row-0002038,ord-0002038,ord-0002038,user-00038,home,bank_transfer,refunded,5,43.000000,0.100000,193.500000,1700183420,1700183844
orders-row-0002039,ord-0002039,ord-0002039,user-00039,sports,wallet,completed,2,45.100000,0.050000,85.690000,1700183510,1700183947
orders-row-0002040,ord-0002040,ord-0002040,user-00040,electronics,card,paid,4,46.200000,0.000000,184.800000,1700183600,1700184050
orders-row-0002041,ord-0002041,ord-0002041,user-00041,books,paypal,pending,1,47.700000,0.150000,40.550000,1700183690,1700184153
orders-row-0002042,ord-0002042,ord-0002042,user-00042,grocery,bank_transfer,shipped,3,50.000000,0.100000,135.000000,1700183780,1700184256
orders-row-0002043,ord-0002043,ord-0002043,user-00043,apparel,wallet,refunded,5,51.500000,0.050000,244.620000,1700183870,1700184359
orders-row-0002044,ord-0002044,ord-0002044,user-00044,home,card,completed,2,53.100000,0.000000,106.200000,1700183960,1700184462
orders-row-0002045,ord-0002045,ord-0002045,user-00045,sports,paypal,paid,4,54.900000,0.150000,186.660000,1700184050,1700184565
orders-row-0002046,ord-0002046,ord-0002046,user-00046,electronics,bank_transfer,pending,1,56.900000,0.100000,51.210000,1700184140,1700184668
orders-row-0002047,ord-0002047,ord-0002047,user-00047,books,wallet,shipped,3,58.400000,0.050000,166.440000,1700184230,1700184771
orders-row-0002048,ord-0002048,ord-0002048,user-00048,grocery,card,refunded,5,60.300000,0.000000,301.500000,1700184320,1700184874
orders-row-0002049,ord-0002049,ord-0002049,user-00049,apparel,paypal,completed,2,62.100000,0.150000,105.570000,1700184410,1700184977
orders-row-0002050,ord-0002050,ord-0002050,user-00050,home,bank_transfer,paid,4,63.600000,0.100000,228.960000,1700184500,1700185080
orders-row-0002051,ord-0002051,ord-0002051,user-00051,sports,wallet,pending,1,64.900000,0.050000,61.660000,1700184590,1700185183
orders-row-0002052,ord-0002052,ord-0002052,user-00052,electronics,card,shipped,3,66.700000,0.000000,200.100000,1700184680,1700185286
orders-row-0002053,ord-0002053,ord-0002053,user-00053,books,paypal,refunded,5,68.300000,0.150000,290.270000,1700184770,1700185389
orders-row-0002054,ord-0002054,ord-0002054,user-00054,grocery,bank_transfer,completed,2,70.400000,,126.720000,1700184860,1700185492
orders-row-0002055,ord-0002055,ord-0002055,user-00055,apparel,wallet,paid,4,71.900000,0.050000,273.220000,1700184950,1700185595
orders-row-0002056,ord-0002056,ord-0002056,user-00056,home,card,pending,1,74.100000,0.000000,74.100000,1700185040,1700185698
orders-row-0002057,ord-0002057,ord-0002057,user-00057,sports,paypal,shipped,3,75.800000,0.150000,193.290000,1700185130,1700185801
orders-row-0002058,ord-0002058,ord-0002058,user-00058,electronics,bank_transfer,refunded,5,77.500000,0.100000,348.750000,1700185220,1700185904
orders-row-0002059,ord-0002059,ord-0002059,user-00059,books,wallet,completed,2,8.300000,0.050000,15.770000,1700185310,1700186007
orders-row-0002060,ord-0002060,ord-0002060,user-00060,grocery,card,paid,4,10.700000,0.000000,42.800000,1700185400,1700186110
orders-row-0002061,ord-0002061,ord-0002061,user-00061,apparel,paypal,pending,1,11.700000,0.150000,9.940000,1700185490,1700186213
orders-row-0002062,ord-0002062,ord-0002062,user-00062,home,bank_transfer,shipped,3,14.200000,0.100000,38.340000,1700185580,1700186316
orders-row-0002063,ord-0002063,ord-0002063,user-00063,sports,wallet,refunded,5,15.400000,0.050000,73.150000,1700185670,1700186419
orders-row-0002064,ord-0002064,ord-0002064,user-00064,electronics,card,completed,2,17.700000,0.000000,35.400000,1700185760,1700186522
orders-row-0002065,ord-0002065,ord-0002065,user-00065,books,,paid,4,19.300000,0.150000,65.620000,1700185850,1700186625
orders-row-0002066,ord-0002066,ord-0002066,user-00066,grocery,bank_transfer,pending,1,20.400000,0.100000,18.360000,1700185940,1700186728
orders-row-0002067,ord-0002067,ord-0002067,user-00067,apparel,wallet,shipped,3,22.700000,0.050000,64.690000,1700186030,1700186831
orders-row-0002068,ord-0002068,ord-0002068,user-00068,home,card,refunded,5,24.000000,0.000000,120.000000,1700186120,1700186934
orders-row-0002069,ord-0002069,ord-0002069,user-00069,sports,paypal,completed,2,25.500000,0.150000,43.350000,1700186210,1700187037
orders-row-0002070,ord-0002070,ord-0002070,user-00070,electronics,bank_transfer,paid,4,27.400000,0.100000,98.640000,1700186300,1700187140
orders-row-0002071,ord-0002071,ord-0002071,user-00071,books,wallet,pending,1,29.300000,0.050000,27.840000,1700186390,1700187243
orders-row-0002072,ord-0002072,ord-0002072,user-00072,grocery,card,shipped,3,31.000000,0.000000,93.000000,1700186480,1700187346
orders-row-0002073,ord-0002073,ord-0002073,user-00073,apparel,paypal,refunded,5,32.300000,0.150000,137.280000,1700186570,1700187449
orders-row-0002074,ord-0002074,ord-0002074,user-00074,home,bank_transfer,completed,2,34.600000,0.100000,62.280000,1700186660,1700187552
orders-row-0002075,ord-0002075,ord-0002075,user-00075,sports,wallet,paid,4,35.900000,0.050000,136.420000,1700186750,1700187655
orders-row-0002076,ord-0002076,ord-0002076,user-00076,electronics,card,pending,1,37.400000,0.000000,37.400000,1700186840,1700187758
orders-row-0002077,ord-0002077,ord-0002077,user-00077,books,paypal,shipped,3,39.500000,0.150000,100.720000,1700186930,1700186961
orders-row-0002078,ord-0002078,ord-0002078,user-00078,grocery,bank_transfer,refunded,5,41.400000,0.100000,186.300000,1700187020,1700187064
orders-row-0002079,ord-0002079,ord-0002079,user-00079,apparel,wallet,completed,2,42.300000,0.050000,80.370000,1700187110,1700187167
orders-row-0002080,ord-0002080,ord-0002080,user-00080,home,card,paid,4,44.500000,0.000000,178.000000,1700187200,1700187270
orders-row-0002081,ord-0002081,ord-0002081,user-00081,sports,paypal,pending,1,46.400000,0.150000,39.440000,1700187290,1700187373
orders-row-0002082,ord-0002082,ord-0002082,user-00082,electronics,bank_transfer,shipped,3,48.300000,0.100000,130.410000,1700187380,1700187476
orders-row-0002083,ord-0002083,ord-0002083,user-00083,books,wallet,refunded,5,49.900000,0.050000,237.020000,1700187470,1700187579
orders-row-0002084,ord-0002084,ord-0002084,user-00084,grocery,card,completed,2,51.100000,0.000000,102.200000,1700187560,1700187682
orders-row-0002085,ord-0002085,ord-0002085,user-00085,apparel,paypal,paid,4,52.900000,0.150000,179.860000,1700187650,1700187785
orders-row-0002086,ord-0002086,ord-0002086,user-00086,home,bank_transfer,pending,1,54.500000,0.100000,49.050000,1700187740,1700187888
orders-row-0002087,ord-0002087,ord-0002087,user-00087,sports,wallet,shipped,3,56.100000,0.050000,159.880000,1700187830,1700187991
orders-row-0002088,ord-0002088,ord-0002088,user-00088,electronics,card,refunded,5,57.600000,0.000000,288.000000,1700187920,1700188094
orders-row-0002089,ord-0002089,ord-0002089,user-00089,books,paypal,completed,2,60.000000,0.150000,102.000000,1700188010,1700188197
orders-row-0002090,ord-0002090,ord-0002090,user-00090,grocery,bank_transfer,paid,4,61.800000,0.100000,222.480000,1700188100,1700188300
orders-row-0002091,ord-0002091,ord-0002091,user-00091,apparel,wallet,pending,1,63.500000,0.050000,60.320000,1700188190,1700188403
orders-row-0002092,ord-0002092,ord-0002092,user-00092,home,card,shipped,3,64.900000,0.000000,194.700000,1700188280,1700188506
orders-row-0002093,ord-0002093,ord-0002093,user-00093,sports,paypal,refunded,5,66.100000,0.150000,280.930000,1700188370,1700188609
orders-row-0002094,ord-0002094,ord-0002094,user-00094,electronics,bank_transfer,completed,2,68.600000,0.100000,123.480000,1700188460,1700188712
orders-row-0002095,ord-0002095,ord-0002095,user-00095,books,wallet,paid,4,69.900000,0.050000,265.620000,1700188550,1700188815
orders-row-0002096,ord-0002096,ord-0002096,user-00096,grocery,card,pending,1,71.400000,0.000000,71.400000,1700188640,1700188918
orders-row-0002097,ord-0002097,ord-0002097,user-00097,apparel,paypal,shipped,3,73.200000,0.150000,186.660000,1700188730,1700189021
orders-row-0002098,ord-0002098,ord-0002098,user-00098,home,bank_transfer,refunded,5,75.000000,0.100000,337.500000,1700188820,1700189124
orders-row-0002099,ord-0002099,ord-0002099,user-00099,sports,wallet,completed,2,77.000000,0.050000,146.300000,1700188910,1700189227
orders-row-0002100,ord-0002100,ord-0002100,user-00100,electronics,card,paid,4,8.500000,0.000000,34.000000,1700189000,1700189330
orders-row-0002101,ord-0002101,ord-0002101,user-00101,books,paypal,pending,1,9.900000,0.150000,8.420000,1700189090,1700189433
orders-row-0002102,ord-0002102,ord-0002102,user-00102,grocery,bank_transfer,shipped,3,12.200000,0.100000,32.940000,1700189180,1700189536
orders-row-0002103,ord-0002103,ord-0002103,user-00103,apparel,wallet,refunded,5,13.300000,0.050000,63.170000,1700189270,1700189639
orders-row-0002104,ord-0002104,ord-0002104,user-00104,home,card,completed,2,15.500000,0.000000,31.000000,1700189360,1700189742
orders-row-0002105,ord-0002105,ord-0002105,user-00105,sports,paypal,paid,4,16.700000,0.150000,56.780000,1700189450,1700189845
orders-row-0002106,ord-0002106,ord-0002106,user-00106,electronics,bank_transfer,pending,1,18.200000,0.100000,16.380000,1700189540,1700189948
orders-row-0002107,ord-0002107,ord-0002107,user-00107,books,wallet,shipped,3,20.600000,0.050000,58.710000,1700189630,1700190051
orders-row-0002108,ord-0002108,ord-0002108,user-00108,grocery,card,refunded,5,22.100000,0.000000,110.500000,1700189720,1700190154
orders-row-0002109,ord-0002109,ord-0002109,user-00109,apparel,paypal,completed,2,24.100000,0.150000,40.970000,1700189810,1700190257
orders-row-0002110,ord-0002110,ord-0002110,user-00110,home,bank_transfer,paid,4,25.500000,0.100000,91.800000,1700189900,1700190360
orders-row-0002111,ord-0002111,ord-0002111,user-00111,sports,wallet,pending,1,26.900000,0.050000,25.550000,1700189990,1700190463
orders-row-0002112,ord-0002112,ord-0002112,user-00112,electronics,card,shipped,3,28.800000,0.000000,86.400000,1700190080,1700190566
orders-row-0002113,ord-0002113,ord-0002113,user-00113,books,paypal,refunded,5,30.600000,0.150000,130.050000,1700190170,1700190669
orders-row-0002114,ord-0002114,ord-0002114,user-00114,grocery,bank_transfer,completed,2,31.800000,0.100000,57.240000,1700190260,1700190772
orders-row-0002115,ord-0002115,ord-0002115,user-00115,apparel,wallet,paid,4,33.800000,0.050000,128.440000,1700190350,1700190875
orders-row-0002116,ord-0002116,ord-0002116,user-00116,home,card,pending,1,35.300000,0.000000,35.300000,1700190440,1700190978
orders-row-0002117,ord-0002117,ord-0002117,user-00117,sports,paypal,shipped,3,37.700000,0.150000,96.140000,1700190530,1700191081
orders-row-0002118,ord-0002118,ord-0002118,user-00118,electronics,bank_transfer,refunded,5,38.600000,0.100000,173.700000,1700190620,1700191184
orders-row-0002119,ord-0002119,ord-0002119,user-00119,books,wallet,completed,2,41.200000,0.050000,78.280000,1700190710,1700191287
orders-row-0002120,ord-0002120,ord-0002120,user-00120,grocery,card,paid,4,42.200000,0.000000,168.800000,1700190800,1700191390
orders-row-0002121,ord-0002121,ord-0002121,user-00121,apparel,paypal,pending,1,43.700000,0.150000,37.150000,1700190890,1700191493
orders-row-0002122,ord-0002122,ord-0002122,user-00122,home,bank_transfer,shipped,3,45.600000,0.100000,123.120000,1700190980,1700191596
orders-row-0002123,ord-0002123,ord-0002123,user-00123,sports,wallet,refunded,5,47.100000,0.050000,223.720000,1700191070,1700191699
orders-row-0002124,ord-0002124,ord-0002124,user-00124,electronics,card,completed,2,48.800000,0.000000,97.600000,1700191160,1700191802
orders-row-0002125,ord-0002125,ord-0002125,user-00125,books,paypal,paid,4,51.100000,0.150000,173.740000,1700191250,1700191905
orders-row-0002126,ord-0002126,ord-0002126,user-00126,grocery,bank_transfer,pending,1,52.300000,0.100000,47.070000,1700191340,1700192008
orders-row-0002127,ord-0002127,ord-0002127,user-00127,apparel,wallet,shipped,3,54.800000,0.050000,156.180000,1700191430,1700192111
orders-row-0002128,ord-0002128,ord-0002128,user-00128,home,card,refunded,5,55.900000,0.000000,279.500000,1700191520,1700192214
orders-row-0002129,ord-0002129,ord-0002129,user-00129,sports,paypal,completed,2,58.200000,0.150000,98.940000,1700191610,1700192317
orders-row-0002130,ord-0002130,ord-0002130,user-00130,electronics,bank_transfer,paid,4,59.000000,0.100000,212.400000,1700191700,1700192420
orders-row-0002131,ord-0002131,ord-0002131,user-00131,books,wallet,pending,1,61.000000,0.050000,57.950000,1700191790,1700192523
orders-row-0002132,ord-0002132,ord-0002132,user-00132,grocery,,shipped,3,63.100000,0.000000,189.300000,1700191880,1700192626
orders-row-0002133,ord-0002133,ord-0002133,user-00133,apparel,paypal,refunded,5,64.900000,0.150000,275.820000,1700191970,1700192729
orders-row-0002134,ord-0002134,ord-0002134,user-00134,home,bank_transfer,completed,2,66.300000,0.100000,119.340000,1700192060,1700192832
orders-row-0002135,ord-0002135,ord-0002135,user-00135,sports,wallet,paid,4,67.700000,0.050000,257.260000,1700192150,1700192935
orders-row-0002136,ord-0002136,ord-0002136,user-00136,electronics,card,pending,1,69.500000,0.000000,69.500000,1700192240,1700193038
orders-row-0002137,ord-0002137,ord-0002137,user-00137,books,paypal,shipped,3,71.700000,0.150000,182.840000,1700192330,1700193141
orders-row-0002138,ord-0002138,ord-0002138,user-00138,grocery,bank_transfer,refunded,5,72.800000,0.100000,327.600000,1700192420,1700193244
orders-row-0002139,ord-0002139,ord-0002139,user-00139,apparel,wallet,completed,2,74.400000,0.050000,141.360000,1700192510,1700193347
orders-row-0002140,ord-0002140,ord-0002140,user-00140,home,card,paid,4,76.700000,0.000000,306.800000,1700192600,1700193450
orders-row-0002141,ord-0002141,ord-0002141,user-00141,sports,paypal,pending,1,8.300000,0.150000,7.060000,1700192690,1700193553
orders-row-0002142,ord-0002142,ord-0002142,user-00142,electronics,bank_transfer,shipped,3,10.000000,0.100000,27.000000,1700192780,1700193656
orders-row-0002143,ord-0002143,ord-0002143,user-00143,books,wallet,refunded,5,11.900000,0.050000,56.520000,1700192870,1700193759
orders-row-0002144,ord-0002144,ord-0002144,user-00144,grocery,card,completed,2,13.000000,0.000000,26.000000,1700192960,1700193862
orders-row-0002145,ord-0002145,ord-0002145,user-00145,apparel,paypal,paid,4,14.800000,0.150000,50.320000,1700193050,1700193965
orders-row-0002146,ord-0002146,ord-0002146,user-00146,home,bank_transfer,pending,1,17.100000,0.100000,15.390000,1700193140,1700194068
orders-row-0002147,ord-0002147,ord-0002147,user-00147,sports,wallet,shipped,3,17.900000,0.050000,51.010000,1700193230,1700193271
orders-row-0002148,ord-0002148,ord-0002148,user-00148,electronics,card,refunded,5,19.700000,0.000000,98.500000,1700193320,1700193374
orders-row-0002149,ord-0002149,ord-0002149,user-00149,books,paypal,completed,2,21.300000,0.150000,36.210000,1700193410,1700193477
orders-row-0002150,ord-0002150,ord-0002150,user-00150,grocery,bank_transfer,paid,4,23.200000,0.100000,83.520000,1700193500,1700193580
orders-row-0002151,ord-0002151,ord-0002151,user-00151,apparel,wallet,pending,1,25.200000,0.050000,23.940000,1700193590,1700193683
orders-row-0002152,ord-0002152,ord-0002152,user-00152,home,card,shipped,3,26.800000,0.000000,80.400000,1700193680,1700193786
orders-row-0002153,ord-0002153,ord-0002153,user-00153,sports,paypal,refunded,5,28.200000,0.150000,119.850000,1700193770,1700193889
orders-row-0002154,ord-0002154,ord-0002154,user-00154,electronics,bank_transfer,completed,2,30.200000,0.100000,54.360000,1700193860,1700193992
orders-row-0002155,ord-0002155,ord-0002155,user-00155,books,wallet,paid,4,32.200000,0.050000,122.360000,1700193950,1700194095
orders-row-0002156,ord-0002156,ord-0002156,user-00156,grocery,card,pending,1,34.000000,0.000000,34.000000,1700194040,1700194198
orders-row-0002157,ord-0002157,ord-0002157,user-00157,apparel,paypal,shipped,3,34.900000,0.150000,88.990000,1700194130,1700194301
orders-row-0002158,ord-0002158,ord-0002158,user-00158,home,bank_transfer,refunded,5,37.300000,0.100000,167.850000,1700194220,1700194404
orders-row-0002159,ord-0002159,ord-0002159,user-00159,sports,wallet,completed,2,38.800000,0.050000,73.720000,1700194310,1700194507
orders-row-0002160,ord-0002160,ord-0002160,user-00160,electronics,card,paid,4,40.100000,0.000000,160.400000,1700194400,1700194610
orders-row-0002161,ord-0002161,ord-0002161,user-00161,books,paypal,pending,1,41.700000,0.150000,35.450000,1700194490,1700194713
orders-row-0002162,ord-0002162,ord-0002162,user-00162,grocery,bank_transfer,shipped,3,43.900000,0.100000,118.530000,1700194580,1700194816
orders-row-0002163,ord-0002163,ord-0002163,user-00163,apparel,wallet,refunded,5,45.700000,0.050000,217.070000,1700194670,1700194919
orders-row-0002164,ord-0002164,ord-0002164,user-00164,home,card,completed,2,46.900000,0.000000,93.800000,1700194760,1700195022
orders-row-0002165,ord-0002165,ord-0002165,user-00165,sports,paypal,paid,4,49.300000,0.150000,167.620000,1700194850,1700195125
orders-row-0002166,ord-0002166,ord-0002166,user-00166,electronics,bank_transfer,pending,1,50.500000,0.100000,45.450000,1700194940,1700195228
orders-row-0002167,ord-0002167,ord-0002167,user-00167,books,wallet,shipped,3,52.700000,0.050000,150.200000,1700195030,1700195331
orders-row-0002168,ord-0002168,ord-0002168,user-00168,grocery,card,refunded,5,54.500000,0.000000,272.500000,1700195120,1700195434
orders-row-0002169,ord-0002169,ord-0002169,user-00169,apparel,paypal,completed,2,56.200000,0.150000,95.540000,1700195210,1700195537
orders-row-0002170,ord-0002170,ord-0002170,user-00170,home,bank_transfer,paid,4,57.800000,0.100000,208.080000,1700195300,1700195640
orders-row-0002171,ord-0002171,ord-0002171,user-00171,sports,wallet,pending,1,58.700000,0.050000,55.770000,1700195390,1700195743
orders-row-0002172,ord-0002172,ord-0002172,user-00172,electronics,card,shipped,3,60.600000,0.000000,181.800000,1700195480,1700195846
orders-row-0002173,ord-0002173,ord-0002173,user-00173,books,paypal,refunded,5,62.700000,0.150000,266.470000,1700195570,1700195949
orders-row-0002174,ord-0002174,ord-0002174,user-00174,grocery,bank_transfer,completed,2,64.700000,0.100000,116.460000,1700195660,1700196052
orders-row-0002175,ord-0002175,ord-0002175,user-00175,apparel,wallet,paid,4,66.400000,0.050000,252.320000,1700195750,1700196155
orders-row-0002176,ord-0002176,ord-0002176,user-00176,home,card,pending,1,68.000000,0.000000,68.000000,1700195840,1700196258
orders-row-0002177,ord-0002177,ord-0002177,user-00177,sports,paypal,shipped,3,69.400000,0.150000,176.970000,1700195930,1700196361
orders-row-0002178,ord-0002178,ord-0002178,user-00178,electronics,bank_transfer,refunded,5,70.600000,0.100000,317.700000,1700196020,1700196464
orders-row-0002179,ord-0002179,ord-0002179,user-00179,books,wallet,completed,2,72.900000,0.050000,138.510000,1700196110,1700196567
orders-row-0002180,ord-0002180,ord-0002180,user-00180,grocery,card,paid,4,74.200000,0.000000,296.800000,1700196200,1700196670
orders-row-0002181,ord-0002181,ord-0002181,user-00181,apparel,paypal,pending,1,76.300000,0.150000,64.850000,1700196290,1700196773
orders-row-0002182,ord-0002182,ord-0002182,user-00182,home,bank_transfer,shipped,3,77.800000,0.100000,210.060000,1700196380,1700196876
orders-row-0002183,ord-0002183,ord-0002183,user-00183,sports,wallet,refunded,5,9.900000,0.050000,47.020000,1700196470,1700196979
orders-row-0002184,ord-0002184,ord-0002184,user-00184,electronics,card,completed,2,11.000000,0.000000,22.000000,1700196560,1700197082
orders-row-0002185,ord-0002185,ord-0002185,user-00185,books,paypal,paid,4,13.000000,0.150000,44.200000,1700196650,1700197185
orders-row-0002186,ord-0002186,ord-0002186,user-00186,grocery,bank_transfer,pending,1,15.100000,0.100000,13.590000,1700196740,1700197288
orders-row-0002187,ord-0002187,ord-0002187,user-00187,apparel,wallet,shipped,3,16.700000,0.050000,47.590000,1700196830,1700197391
orders-row-0002188,ord-0002188,ord-0002188,user-00188,home,card,refunded,5,17.600000,0.000000,88.000000,1700196920,1700197494
orders-row-0002189,ord-0002189,ord-0002189,user-00189,sports,paypal,completed,2,19.800000,0.150000,33.660000,1700197010,1700197597
orders-row-0002190,ord-0002190,ord-0002190,user-00190,electronics,bank_transfer,paid,4,21.100000,0.100000,75.960000,1700197100,1700197700
orders-row-0002191,ord-0002191,ord-0002191,user-00191,books,__CD_RARE_ORDERS_TRANSACTIONS_PAYMENT_METHOD_017__,pending,1,23.000000,0.050000,21.850000,1700197190,1700197803
orders-row-0002192,ord-0002192,ord-0002192,user-00192,grocery,card,shipped,3,24.400000,0.000000,73.200000,1700197280,1700197906
orders-row-0002193,ord-0002193,ord-0002193,user-00193,apparel,paypal,refunded,5,26.900000,0.150000,114.330000,1700197370,1700198009
orders-row-0002194,ord-0002194,ord-0002194,user-00194,home,bank_transfer,completed,2,28.500000,0.100000,51.300000,1700197460,1700197340
orders-row-0002195,ord-0002195,ord-0002195,user-00195,sports,wallet,paid,4,30.400000,0.050000,115.520000,1700197550,1700198215
orders-row-0002196,ord-0002196,ord-0002196,user-00196,electronics,card,pending,1,31.600000,0.000000,31.600000,1700197640,1700198318
orders-row-0002197,ord-0002197,ord-0002197,user-00197,books,paypal,shipped,3,32.900000,0.150000,83.890000,1700197730,1700198421
orders-row-0002198,ord-0002198,ord-0002198,user-00198,grocery,bank_transfer,refunded,5,35.200000,0.100000,158.400000,1700197820,1700198524
orders-row-0002199,ord-0002199,ord-0002199,user-00199,apparel,wallet,completed,2,36.400000,0.050000,69.160000,1700197910,1700198627
orders-row-0002200,ord-0002200,ord-0002200,user-00200,home,card,paid,4,38.000000,0.000000,152.000000,1700198000,1700198730
orders-row-0002201,ord-0002201,ord-0002201,user-00201,sports,paypal,pending,1,40.500000,0.150000,34.420000,1700198090,1700198833
orders-row-0002202,ord-0002202,ord-0002202,user-00202,electronics,bank_transfer,shipped,3,42.000000,0.100000,113.400000,1700198180,1700198936
orders-row-0002203,ord-0002203,ord-0002203,user-00203,books,wallet,refunded,5,43.600000,0.050000,207.100000,1700198270,1700199039
orders-row-0002204,ord-0002204,ord-0002204,user-00204,grocery,card,completed,2,45.600000,0.000000,91.200000,1700198360,1700199142
orders-row-0002205,ord-0002205,ord-0002205,user-00205,apparel,paypal,paid,4,47.000000,0.150000,159.800000,1700198450,1700199245
orders-row-0002206,ord-0002206,ord-0002206,user-00206,home,bank_transfer,pending,1,48.400000,0.100000,43.560000,1700198540,1700199348
orders-row-0002207,ord-0002207,ord-0002207,user-00207,sports,wallet,shipped,3,50.300000,0.050000,143.350000,1700198630,1700199451
orders-row-0002208,ord-0002208,ord-0002208,user-00208,electronics,card,refunded,5,52.400000,0.000000,262.000000,1700198720,1700199554
orders-row-0002209,ord-0002209,ord-0002209,user-00209,books,paypal,completed,2,53.700000,0.150000,91.290000,1700198810,1700199657
orders-row-0002210,ord-0002210,ord-0002210,user-00210,grocery,bank_transfer,paid,4,55.600000,0.100000,200.160000,1700198900,1700199760
orders-row-0002211,ord-0002211,ord-0002211,user-00211,apparel,wallet,pending,1,56.800000,0.050000,53.960000,1700198990,1700199863
orders-row-0002212,ord-0002212,ord-0002212,user-00212,home,card,shipped,3,58.500000,0.000000,175.500000,1700199080,1700199966
orders-row-0002213,ord-0002213,ord-0002213,user-00213,sports,paypal,refunded,5,60.700000,0.150000,257.970000,1700199170,1700200069
orders-row-0002214,ord-0002214,ord-0002214,user-00214,electronics,bank_transfer,completed,2,62.700000,0.100000,112.860000,1700199260,1700200172
orders-row-0002215,ord-0002215,ord-0002215,user-00215,books,wallet,paid,4,63.600000,0.050000,241.680000,1700199350,1700200275
orders-row-0002216,ord-0002216,ord-0002216,user-00216,grocery,card,pending,1,65.500000,0.000000,65.500000,1700199440,1700199478
orders-row-0002217,ord-0002217,ord-0002217,user-00217,apparel,paypal,shipped,3,67.400000,0.150000,171.870000,1700199530,1700199581
orders-row-0002218,ord-0002218,ord-0002218,user-00218,home,bank_transfer,refunded,5,68.700000,0.100000,309.150000,1700199620,1700199684
orders-row-0002219,ord-0002219,ord-0002219,user-00219,sports,wallet,completed,2,70.300000,0.050000,133.570000,1700199710,1700199787
orders-row-0002220,ord-0002220,ord-0002220,user-00220,electronics,card,paid,4,72.300000,0.000000,289.200000,1700199800,1700199890
orders-row-0002221,ord-0002221,ord-0002221,user-00221,books,paypal,pending,1,73.900000,0.150000,62.820000,1700199890,1700199993
orders-row-0002222,ord-0002222,ord-0002222,user-00222,grocery,bank_transfer,shipped,3,75.800000,0.100000,204.660000,1700199980,1700200096
orders-row-0002223,ord-0002223,ord-0002223,user-00223,apparel,wallet,refunded,5,77.500000,0.050000,368.120000,1700200070,1700200199
orders-row-0002224,ord-0002224,ord-0002224,user-00224,home,card,completed,2,9.400000,0.000000,18.800000,1700200160,1700200302
orders-row-0002225,ord-0002225,ord-0002225,user-00225,sports,paypal,paid,4,11.300000,0.150000,38.420000,1700200250,1700200405
orders-row-0002226,ord-0002226,ord-0002226,user-00226,electronics,bank_transfer,pending,1,12.600000,0.100000,11.340000,1700200340,1700200508
orders-row-0002227,ord-0002227,ord-0002227,user-00227,books,wallet,shipped,3,14.400000,0.050000,41.040000,1700200430,1700200611
orders-row-0002228,ord-0002228,ord-0002228,user-00228,grocery,card,refunded,5,15.800000,0.000000,79.000000,1700200520,1700200714
orders-row-0002229,ord-0002229,ord-0002229,user-00229,apparel,paypal,completed,2,17.400000,0.150000,29.580000,1700200610,1700200817
orders-row-0002230,ord-0002230,ord-0002230,user-00230,home,bank_transfer,paid,4,19.800000,0.100000,71.280000,1700200700,1700200580
orders-row-0002231,ord-0002231,ord-0002231,user-00231,sports,wallet,pending,1,21.600000,0.050000,20.520000,1700200790,1700201023
orders-row-0002232,ord-0002232,ord-0002232,user-00232,electronics,card,shipped,3,23.100000,0.000000,69.300000,1700200880,1700201126
orders-row-0002233,ord-0002233,ord-0002233,user-00233,books,paypal,refunded,5,24.300000,0.150000,103.270000,1700200970,1700201229
orders-row-0002234,ord-0002234,ord-0002234,user-00234,grocery,bank_transfer,completed,2,25.900000,0.100000,46.620000,1700201060,1700201332
orders-row-0002235,ord-0002235,ord-0002235,user-00235,apparel,wallet,paid,4,28.000000,0.050000,106.400000,1700201150,1700201435
orders-row-0002236,ord-0002236,ord-0002236,user-00236,home,card,pending,1,29.200000,0.000000,29.200000,1700201240,1700201538
orders-row-0002237,ord-0002237,ord-0002237,user-00237,sports,paypal,shipped,3,30.900000,0.150000,78.790000,1700201330,1700201641
orders-row-0002238,ord-0002238,ord-0002238,user-00238,electronics,bank_transfer,refunded,5,33.400000,0.100000,150.300000,1700201420,1700201744
orders-row-0002239,ord-0002239,ord-0002239,user-00239,books,wallet,completed,2,34.600000,0.050000,65.740000,1700201510,1700201847
orders-row-0002240,ord-0002240,ord-0002240,user-00240,grocery,card,paid,4,36.900000,0.000000,147.600000,1700201600,1700201950
orders-row-0002241,ord-0002241,ord-0002241,user-00241,apparel,paypal,pending,1,38.000000,0.150000,32.300000,1700201690,1700202053
orders-row-0002242,ord-0002242,ord-0002242,user-00242,home,bank_transfer,shipped,3,39.800000,0.100000,107.460000,1700201780,1700202156
orders-row-0002243,ord-0002243,ord-0002243,user-00243,sports,wallet,refunded,5,41.800000,0.050000,198.550000,1700201870,1700202259
orders-row-0002244,ord-0002244,ord-0002244,user-00244,electronics,card,completed,2,43.400000,0.000000,86.800000,1700201960,1700202362
orders-row-0002245,ord-0002245,ord-0002245,user-00245,books,paypal,paid,4,44.500000,0.150000,151.300000,1700202050,1700202465
orders-row-0002246,ord-0002246,ord-0002246,user-00246,grocery,bank_transfer,pending,1,46.700000,0.100000,42.030000,1700202140,1700202568
orders-row-0002247,ord-0002247,ord-0002247,user-00247,apparel,wallet,shipped,3,48.700000,0.050000,138.800000,1700202230,1700202671
orders-row-0002248,ord-0002248,ord-0002248,user-00248,home,card,refunded,5,49.600000,0.000000,248.000000,1700202320,1700202774
orders-row-0002249,ord-0002249,ord-0002249,user-00249,sports,paypal,completed,2,51.400000,0.150000,87.380000,1700202410,1700202877
orders-row-0002250,ord-0002250,ord-0002250,user-00000,electronics,bank_transfer,paid,4,53.100000,0.100000,191.160000,1700202500,1700202980
orders-row-0002251,ord-0002251,ord-0002251,user-00001,books,wallet,pending,1,55.600000,0.050000,52.820000,1700202590,1700203083
orders-row-0002252,ord-0002252,ord-0002252,user-00002,grocery,card,shipped,3,56.600000,0.000000,169.800000,1700202680,1700203186
orders-row-0002253,ord-0002253,ord-0002253,user-00003,apparel,paypal,refunded,5,58.900000,0.150000,250.320000,1700202770,1700203289
orders-row-0002254,ord-0002254,ord-0002254,user-00004,home,bank_transfer,completed,2,60.600000,0.100000,109.080000,1700202860,1700203392
orders-row-0002255,ord-0002255,ord-0002255,user-00005,sports,wallet,paid,4,61.900000,0.050000,235.220000,1700202950,1700203495
orders-row-0002256,ord-0002256,ord-0002256,user-00006,electronics,card,pending,1,63.300000,0.000000,63.300000,1700203040,1700203598
orders-row-0002257,ord-0002257,ord-0002257,user-00007,books,paypal,shipped,3,65.400000,0.150000,166.770000,1700203130,1700203701
orders-row-0002258,ord-0002258,ord-0002258,user-00008,grocery,bank_transfer,refunded,5,66.700000,0.100000,300.150000,1700203220,1700203804
orders-row-0002259,ord-0002259,ord-0002259,user-00009,apparel,wallet,completed,2,68.500000,0.050000,130.150000,1700203310,1700203907
orders-row-0002260,ord-0002260,ord-0002260,user-00010,home,card,paid,4,70.700000,0.000000,282.800000,1700203400,1700204010
orders-row-0002261,ord-0002261,ord-0002261,user-00011,sports,paypal,pending,1,72.300000,0.150000,61.450000,1700203490,1700204113
orders-row-0002262,ord-0002262,ord-0002262,user-00012,electronics,bank_transfer,shipped,3,73.600000,0.100000,198.720000,1700203580,1700204216
orders-row-0002263,ord-0002263,ord-0002263,user-00013,books,wallet,refunded,5,75.200000,0.050000,357.200000,1700203670,1700204319
orders-row-0002264,ord-0002264,ord-0002264,user-00014,grocery,card,completed,2,77.500000,0.000000,155.000000,1700203760,1700204422
orders-row-0002265,ord-0002265,ord-0002265,user-00015,apparel,paypal,paid,4,8.800000,0.150000,29.920000,1700203850,1700204525
orders-row-0002266,ord-0002266,ord-0002266,user-00016,home,bank_transfer,pending,1,10.700000,0.100000,9.630000,1700203940,1700204628
orders-row-0002267,ord-0002267,ord-0002267,user-00017,sports,wallet,shipped,3,12.300000,0.050000,35.060000,1700204030,1700204731
orders-row-0002268,ord-0002268,ord-0002268,user-00018,electronics,card,refunded,5,14.400000,0.000000,72.000000,1700204120,1700204834
orders-row-0002269,ord-0002269,ord-0002269,user-00019,books,paypal,completed,2,16.100000,0.150000,27.370000,1700204210,1700204937
orders-row-0002270,ord-0002270,ord-0002270,user-00020,grocery,bank_transfer,paid,4,17.200000,0.100000,61.920000,1700204300,1700205040
orders-row-0002271,ord-0002271,ord-0002271,user-00021,apparel,wallet,pending,1,19.600000,0.050000,18.620000,1700204390,1700205143
orders-row-0002272,ord-0002272,ord-0002272,user-00022,home,card,shipped,3,21.100000,0.000000,63.300000,1700204480,1700205246
orders-row-0002273,ord-0002273,ord-0002273,user-00023,sports,paypal,refunded,5,22.800000,0.150000,96.900000,1700204570,1700205349
orders-row-0002274,ord-0002274,ord-0002274,user-00024,electronics,bank_transfer,completed,2,24.200000,0.100000,43.560000,1700204660,1700205452
orders-row-0002275,ord-0002275,ord-0002275,user-00025,books,wallet,paid,4,25.500000,0.050000,96.900000,1700204750,1700205555
orders-row-0002276,ord-0002276,ord-0002276,user-00026,grocery,card,pending,1,27.900000,0.000000,27.900000,1700204840,1700205658
orders-row-0002277,ord-0002277,ord-0002277,user-00027,apparel,paypal,shipped,3,29.700000,0.150000,75.730000,1700204930,1700205761
orders-row-0002278,ord-0002278,ord-0002278,user-00028,home,bank_transfer,refunded,5,30.900000,0.100000,139.050000,1700205020,1700205864
orders-row-0002279,ord-0002279,ord-0002279,user-00029,sports,wallet,completed,2,33.100000,0.050000,62.890000,1700205110,1700205967
orders-row-0002280,ord-0002280,ord-0002280,user-00030,electronics,card,paid,4,34.800000,0.000000,139.200000,1700205200,1700206070
orders-row-0002281,ord-0002281,ord-0002281,user-00031,books,paypal,pending,1,36.300000,0.150000,30.850000,1700205290,1700206173
orders-row-0002282,ord-0002282,ord-0002282,user-00032,grocery,bank_transfer,shipped,3,37.900000,0.100000,102.330000,1700205380,1700206276
orders-row-0002283,ord-0002283,ord-0002283,user-00033,apparel,__CD_RARE_ORDERS_TRANSACTIONS_PAYMENT_METHOD_009__,refunded,5,40.000000,0.050000,190.000000,1700205470,1700206379
orders-row-0002284,ord-0002284,ord-0002284,user-00034,home,card,completed,2,40.900000,0.000000,81.800000,1700205560,1700206482
orders-row-0002285,ord-0002285,ord-0002285,user-00035,sports,paypal,paid,4,43.000000,0.150000,146.200000,1700205650,1700205685
orders-row-0002286,ord-0002286,ord-0002286,user-00036,electronics,bank_transfer,pending,1,45.000000,0.100000,40.500000,1700205740,1700205788
orders-row-0002287,ord-0002287,ord-0002287,user-00037,books,wallet,shipped,3,46.000000,0.050000,131.100000,1700205830,1700205891
orders-row-0002288,ord-0002288,ord-0002288,user-00038,grocery,card,refunded,5,48.300000,0.000000,241.500000,1700205920,1700205994
orders-row-0002289,ord-0002289,ord-0002289,user-00039,apparel,paypal,completed,2,49.500000,0.150000,84.150000,1700206010,1700206097
orders-row-0002290,ord-0002290,ord-0002290,user-00040,home,bank_transfer,paid,4,51.400000,0.100000,185.040000,1700206100,1700206200
orders-row-0002291,ord-0002291,ord-0002291,user-00041,sports,wallet,pending,1,53.300000,0.050000,50.630000,1700206190,1700206303
orders-row-0002292,ord-0002292,ord-0002292,user-00042,electronics,card,shipped,3,55.100000,0.000000,165.300000,1700206280,1700206406
orders-row-0002293,ord-0002293,ord-0002293,user-00043,books,paypal,refunded,5,56.500000,0.150000,240.120000,1700206370,1700206509
orders-row-0002294,ord-0002294,ord-0002294,user-00044,grocery,bank_transfer,completed,2,58.200000,0.100000,104.760000,1700206460,1700206612
orders-row-0002295,ord-0002295,ord-0002295,user-00045,apparel,wallet,paid,4,60.100000,0.050000,228.380000,1700206550,1700206715
orders-row-0002296,ord-0002296,ord-0002296,user-00046,home,card,pending,1,61.500000,0.000000,61.500000,1700206640,1700206818
orders-row-0002297,ord-0002297,ord-0002297,user-00047,sports,paypal,shipped,3,63.200000,0.150000,161.160000,1700206730,1700206921
orders-row-0002298,ord-0002298,ord-0002298,user-00048,electronics,bank_transfer,refunded,5,64.600000,0.100000,290.700000,1700206820,1700207024
orders-row-0002299,ord-0002299,ord-0002299,user-00049,books,wallet,completed,2,67.000000,0.050000,127.300000,1700206910,1700207127
orders-row-0002300,ord-0002300,ord-0002300,user-00050,grocery,card,paid,4,68.000000,0.000000,272.000000,1700207000,1700207230
orders-row-0002301,ord-0002301,ord-0002301,user-00051,apparel,paypal,pending,1,70.300000,0.150000,59.750000,1700207090,1700207333
orders-row-0002302,ord-0002302,ord-0002302,user-00052,home,bank_transfer,shipped,3,71.700000,0.100000,193.590000,1700207180,1700207436
orders-row-0002303,ord-0002303,ord-0002303,user-00053,sports,wallet,refunded,5,73.800000,0.050000,350.550000,1700207270,1700207539
orders-row-0002304,ord-0002304,ord-0002304,user-00054,electronics,card,completed,2,75.600000,0.000000,151.200000,1700207360,1700207642
orders-row-0002305,ord-0002305,ord-0002305,user-00055,books,paypal,paid,4,77.300000,0.150000,262.820000,1700207450,1700207745
orders-row-0002306,ord-0002306,ord-0002306,user-00056,grocery,bank_transfer,pending,1,8.900000,0.100000,8.010000,1700207540,1700207848
orders-row-0002307,ord-0002307,ord-0002307,user-00057,apparel,wallet,shipped,3,10.200000,0.050000,29.070000,1700207630,1700207951
orders-row-0002308,ord-0002308,ord-0002308,user-00058,home,card,refunded,5,12.400000,0.000000,62.000000,1700207720,1700208054
orders-row-0002309,ord-0002309,ord-0002309,user-00059,sports,paypal,completed,2,14.200000,0.150000,24.140000,1700207810,1700208157
orders-row-0002310,ord-0002310,ord-0002310,user-00060,electronics,bank_transfer,paid,4,15.300000,0.100000,55.080000,1700207900,1700208260
orders-row-0002311,ord-0002311,ord-0002311,user-00061,books,wallet,pending,1,17.000000,0.050000,16.150000,1700207990,1700208363
orders-row-0002312,ord-0002312,ord-0002312,user-00062,grocery,card,shipped,3,18.600000,0.000000,55.800000,1700208080,1700208466
orders-row-0002313,ord-0002313,ord-0002313,user-00063,apparel,paypal,refunded,5,20.400000,0.150000,86.700000,1700208170,1700208569
orders-row-0002314,ord-0002314,ord-0002314,user-00064,home,bank_transfer,completed,2,22.200000,0.100000,39.960000,1700208260,1700208672
orders-row-0002315,ord-0002315,ord-0002315,user-00065,sports,wallet,paid,4,24.200000,0.050000,91.960000,1700208350,1700208775
orders-row-0002316,ord-0002316,ord-0002316,user-00066,electronics,card,pending,1,25.200000,0.000000,25.200000,1700208440,1700208878
orders-row-0002317,ord-0002317,ord-0002317,user-00067,books,paypal,shipped,3,27.200000,0.150000,69.360000,1700208530,1700208981
orders-row-0002318,ord-0002318,ord-0002318,user-00068,grocery,bank_transfer,refunded,5,28.600000,0.100000,128.700000,1700208620,1700209084
orders-row-0002319,ord-0002319,ord-0002319,user-00069,apparel,wallet,completed,2,30.900000,0.050000,58.710000,1700208710,1700209187
orders-row-0002320,ord-0002320,ord-0002320,user-00070,home,card,paid,4,32.000000,0.000000,128.000000,1700208800,1700209290
orders-row-0002321,ord-0002321,ord-0002321,user-00071,sports,paypal,pending,1,34.600000,0.150000,29.410000,1700208890,1700209393
orders-row-0002322,ord-0002322,ord-0002322,user-00072,electronics,bank_transfer,shipped,3,35.500000,0.100000,95.850000,1700208980,1700209496
orders-row-0002323,ord-0002323,ord-0002323,user-00073,books,wallet,refunded,5,37.300000,0.050000,177.170000,1700209070,1700209599
orders-row-0002324,ord-0002324,ord-0002324,user-00074,grocery,card,completed,2,39.000000,0.000000,78.000000,1700209160,1700209702
orders-row-0002325,ord-0002325,ord-0002325,user-00075,apparel,paypal,paid,4,40.900000,0.150000,139.060000,1700209250,1700209805
orders-row-0002326,ord-0002326,ord-0002326,user-00076,home,bank_transfer,pending,1,42.800000,0.100000,38.520000,1700209340,1700209908
orders-row-0002327,ord-0002327,ord-0002327,user-00077,sports,wallet,shipped,3,43.900000,0.050000,125.110000,1700209430,1700210011
orders-row-0002328,ord-0002328,ord-0002328,user-00078,electronics,card,refunded,5,46.000000,0.000000,230.000000,1700209520,1700210114
orders-row-0002329,ord-0002329,ord-0002329,user-00079,books,paypal,completed,2,47.800000,0.150000,81.260000,1700209610,1700210217
orders-row-0002330,ord-0002330,ord-0002330,user-00080,grocery,bank_transfer,paid,4,49.400000,0.100000,177.840000,1700209700,1700210320
orders-row-0002331,ord-0002331,ord-0002331,user-00081,apparel,wallet,pending,1,50.800000,0.050000,48.260000,1700209790,1700210423
orders-row-0002332,ord-0002332,ord-0002332,user-00082,home,card,shipped,3,52.900000,0.000000,158.700000,1700209880,1700210526
orders-row-0002333,ord-0002333,ord-0002333,user-00083,sports,paypal,refunded,5,54.600000,0.150000,232.050000,1700209970,1700210629
orders-row-0002334,ord-0002334,ord-0002334,user-00084,electronics,bank_transfer,completed,2,56.000000,0.100000,100.800000,1700210060,1700210732
orders-row-0002335,ord-0002335,ord-0002335,user-00085,books,wallet,paid,4,58.000000,0.050000,220.400000,1700210150,1700210835
orders-row-0002336,ord-0002336,ord-0002336,user-00086,grocery,card,pending,1,59.300000,0.000000,59.300000,1700210240,1700210938
orders-row-0002337,ord-0002337,ord-0002337,user-00087,apparel,paypal,shipped,3,61.200000,0.150000,156.060000,1700210330,1700211041
orders-row-0002338,ord-0002338,ord-0002338,user-00088,home,bank_transfer,refunded,5,62.800000,0.100000,282.600000,1700210420,1700211144
orders-row-0002339,ord-0002339,ord-0002339,user-00089,sports,wallet,completed,2,64.600000,0.050000,122.740000,1700210510,1700211247
orders-row-0002340,ord-0002340,ord-0002340,user-00090,electronics,card,paid,4,66.100000,0.000000,264.400000,1700210600,1700211350
orders-row-0002341,ord-0002341,ord-0002341,user-00091,books,paypal,pending,1,67.700000,0.150000,57.550000,1700210690,1700211453
orders-row-0002342,ord-0002342,ord-0002342,user-00092,grocery,bank_transfer,shipped,3,70.200000,0.100000,189.540000,1700210780,1700211556
orders-row-0002343,ord-0002343,ord-0002343,user-00093,apparel,wallet,refunded,5,71.200000,0.050000,338.200000,1700210870,1700211659
orders-row-0002344,ord-0002344,ord-0002344,user-00094,home,card,completed,2,73.100000,0.000000,146.200000,1700210960,1700211762
orders-row-0002345,ord-0002345,ord-0002345,user-00095,sports,paypal,paid,4,74.600000,0.150000,253.640000,1700211050,1700211865
orders-row-0002346,ord-0002346,ord-0002346,user-00096,electronics,bank_transfer,pending,1,76.200000,0.100000,68.580000,1700211140,1700211968
orders-row-0002347,ord-0002347,ord-0002347,user-00097,books,wallet,shipped,3,8.100000,0.050000,23.080000,1700211230,1700212071
orders-row-0002348,ord-0002348,ord-0002348,user-00098,grocery,card,refunded,5,9.700000,0.000000,48.500000,1700211320,1700212174
orders-row-0002349,ord-0002349,ord-0002349,user-00099,apparel,paypal,completed,2,11.900000,0.150000,20.230000,1700211410,1700212277
orders-row-0002350,ord-0002350,ord-0002350,user-00100,home,bank_transfer,paid,4,13.700000,0.100000,49.320000,1700211500,1700212380
orders-row-0002351,ord-0002351,ord-0002351,user-00101,sports,wallet,pending,1,14.800000,0.050000,14.060000,1700211590,1700212483
orders-row-0002352,ord-0002352,ord-0002352,user-00102,electronics,card,shipped,3,16.800000,0.000000,50.400000,1700211680,1700212586
orders-row-0002353,ord-0002353,ord-0002353,user-00103,books,paypal,refunded,5,19.000000,0.150000,80.750000,1700211770,1700212689
orders-row-0002354,ord-0002354,ord-0002354,user-00104,grocery,bank_transfer,completed,2,20.600000,0.100000,37.080000,1700211860,1700211892
orders-row-0002355,ord-0002355,ord-0002355,user-00105,apparel,__CD_RARE_ORDERS_TRANSACTIONS_PAYMENT_METHOD_001__,paid,4,,0.050000,85.120000,1700211950,1700211995
orders-row-0002356,ord-0002356,ord-0002356,user-00106,home,card,pending,1,24.000000,0.000000,24.000000,1700212040,1700212098
orders-row-0002357,ord-0002357,ord-0002357,user-00107,sports,paypal,shipped,3,25.700000,0.150000,65.530000,1700212130,1700212201
orders-row-0002358,ord-0002358,ord-0002358,user-00108,electronics,bank_transfer,refunded,5,27.000000,0.100000,121.500000,1700212220,1700212304
orders-row-0002359,ord-0002359,ord-0002359,user-00109,books,wallet,completed,2,29.200000,0.050000,55.480000,1700212310,1700212407
orders-row-0002360,ord-0002360,ord-0002360,user-00110,grocery,card,paid,4,30.300000,0.000000,121.200000,1700212400,1700212510
orders-row-0002361,ord-0002361,ord-0002361,user-00111,apparel,paypal,pending,1,32.400000,0.150000,27.540000,1700212490,1700212613
orders-row-0002362,ord-0002362,ord-0002362,user-00112,home,bank_transfer,shipped,3,33.500000,0.100000,90.450000,1700212580,1700212716
orders-row-0002363,ord-0002363,ord-0002363,user-00113,sports,wallet,refunded,5,35.400000,0.050000,168.150000,1700212670,1700212819
orders-row-0002364,ord-0002364,ord-0002364,user-00114,electronics,card,completed,2,37.300000,0.000000,74.600000,1700212760,1700212922
orders-row-0002365,ord-0002365,ord-0002365,user-00115,books,paypal,paid,4,39.400000,0.150000,133.960000,1700212850,1700213025
orders-row-0002366,ord-0002366,ord-0002366,user-00116,grocery,bank_transfer,pending,1,40.200000,0.100000,36.180000,1700212940,1700213128
orders-row-0002367,ord-0002367,ord-0002367,user-00117,apparel,wallet,shipped,3,42.800000,0.050000,121.980000,1700213030,1700213231
orders-row-0002368,ord-0002368,ord-0002368,user-00118,home,card,refunded,5,43.600000,0.000000,218.000000,1700213120,1700213334
orders-row-0002369,ord-0002369,ord-0002369,user-00119,sports,paypal,completed,2,45.600000,0.150000,77.520000,1700213210,1700213437
orders-row-0002370,ord-0002370,ord-0002370,user-00120,electronics,bank_transfer,paid,4,47.600000,0.100000,171.360000,1700213300,1700213540
orders-row-0002371,ord-0002371,ord-0002371,user-00121,books,wallet,pending,1,49.500000,0.050000,47.020000,1700213390,1700213643
orders-row-0002372,ord-0002372,ord-0002372,user-00122,grocery,card,shipped,3,50.700000,0.000000,152.100000,1700213480,1700213746
orders-row-0002373,ord-0002373,ord-0002373,user-00123,apparel,paypal,refunded,5,52.500000,0.150000,223.120000,1700213570,1700213849
orders-row-0002374,ord-0002374,ord-0002374,user-00124,home,bank_transfer,completed,2,54.600000,0.100000,98.280000,1700213660,1700213952
orders-row-0002375,ord-0002375,ord-0002375,user-00125,sports,wallet,paid,4,55.700000,0.050000,211.660000,1700213750,1700214055
orders-row-0002376,ord-0002376,ord-0002376,user-00126,electronics,card,pending,1,57.900000,0.000000,57.900000,1700213840,1700214158
orders-row-0002377,ord-0002377,ord-0002377,user-00127,books,paypal,shipped,3,59.400000,0.150000,151.470000,1700213930,1700214261
orders-row-0002378,ord-0002378,ord-0002378,user-00128,grocery,bank_transfer,refunded,5,60.600000,0.100000,272.700000,1700214020,1700214364
orders-row-0002379,ord-0002379,ord-0002379,user-00129,apparel,wallet,completed,2,62.800000,0.050000,119.320000,1700214110,1700214467
orders-row-0002380,ord-0002380,ord-0002380,user-00130,home,card,paid,4,64.300000,0.000000,257.200000,1700214200,1700214570
orders-row-0002381,ord-0002381,ord-0002381,user-00131,sports,paypal,pending,1,65.700000,0.150000,55.840000,1700214290,1700214673
orders-row-0002382,ord-0002382,ord-0002382,user-00132,electronics,bank_transfer,shipped,3,68.100000,0.100000,183.870000,1700214380,1700214776
orders-row-0002383,ord-0002383,ord-0002383,user-00133,books,wallet,refunded,5,70.000000,0.050000,332.500000,1700214470,1700214879
orders-row-0002384,ord-0002384,ord-0002384,user-00134,grocery,card,completed,2,71.500000,0.000000,143.000000,1700214560,1700214982
orders-row-0002385,ord-0002385,ord-0002385,user-00135,apparel,paypal,paid,4,72.600000,0.150000,246.840000,1700214650,1700215085
orders-row-0002386,ord-0002386,ord-0002386,user-00136,home,bank_transfer,pending,1,75.000000,0.100000,67.500000,1700214740,1700215188
orders-row-0002387,ord-0002387,ord-0002387,user-00137,sports,wallet,shipped,3,76.700000,0.050000,218.590000,1700214830,1700215291
orders-row-0002388,ord-0002388,ord-0002388,user-00138,electronics,card,refunded,5,77.700000,0.000000,388.500000,1700214920,1700215394
orders-row-0002389,ord-0002389,ord-0002389,user-00139,books,paypal,completed,2,9.300000,0.150000,15.810000,1700215010,1700215497
orders-row-0002390,ord-0002390,ord-0002390,user-00140,grocery,bank_transfer,paid,4,11.600000,0.100000,41.760000,1700215100,1700215600
orders-row-0002391,ord-0002391,ord-0002391,user-00141,apparel,wallet,pending,1,13.400000,0.050000,12.730000,1700215190,1700215703
orders-row-0002392,ord-0002392,ord-0002392,user-00142,home,card,shipped,3,15.100000,0.000000,45.300000,1700215280,1700215806
orders-row-0002393,ord-0002393,ord-0002393,user-00143,sports,paypal,refunded,5,16.700000,0.150000,70.970000,1700215370,1700215909
orders-row-0002394,ord-0002394,ord-0002394,user-00144,electronics,bank_transfer,completed,2,18.700000,0.100000,33.660000,1700215460,1700216012
orders-row-0002395,ord-0002395,ord-0002395,user-00145,books,wallet,paid,4,19.700000,0.050000,74.860000,1700215550,1700216115
orders-row-0002396,ord-0002396,ord-0002396,user-00146,grocery,card,pending,1,21.900000,0.000000,21.900000,1700215640,1700216218
orders-row-0002397,ord-0002397,ord-0002397,user-00147,apparel,paypal,shipped,3,22.900000,0.150000,58.390000,1700215730,1700216321
orders-row-0002398,ord-0002398,ord-0002398,user-00148,home,bank_transfer,refunded,5,24.900000,0.100000,112.050000,1700215820,1700216424
orders-row-0002399,ord-0002399,ord-0002399,user-00149,sports,wallet,completed,2,27.100000,0.050000,51.490000,1700215910,1700216527
orders-row-0002400,ord-0002400,ord-0002400,user-00150,electronics,card,paid,4,28.000000,0.000000,112.000000,1700216000,1700216630
orders-row-0002401,ord-0002401,ord-0002401,user-00151,books,paypal,pending,1,30.100000,0.150000,25.590000,1700216090,1700216733
orders-row-0002402,ord-0002402,ord-0002402,user-00152,grocery,bank_transfer,shipped,3,31.600000,0.100000,85.320000,1700216180,1700216836
orders-row-0002403,ord-0002403,ord-0002403,user-00153,apparel,wallet,refunded,5,33.200000,0.050000,157.700000,1700216270,1700216939
orders-row-0002404,ord-0002404,ord-0002404,user-00154,home,card,completed,2,35.400000,0.000000,70.800000,1700216360,1700217042
orders-row-0002405,ord-0002405,ord-0002405,user-00155,sports,paypal,paid,4,37.100000,0.150000,126.140000,1700216450,1700217145
orders-row-0002406,ord-0002406,ord-0002406,user-00156,electronics,bank_transfer,pending,1,38.200000,0.100000,34.380000,1700216540,1700217248
orders-row-0002407,ord-0002407,ord-0002407,user-00157,books,wallet,shipped,3,40.500000,0.050000,115.420000,1700216630,1700217351
orders-row-0002408,ord-0002408,ord-0002408,user-00158,grocery,card,refunded,5,41.900000,0.000000,209.500000,1700216720,1700217454
orders-row-0002409,ord-0002409,ord-0002409,user-00159,apparel,paypal,completed,2,43.900000,0.150000,74.630000,1700216810,1700217557
orders-row-0002410,ord-0002410,ord-0002410,user-00160,home,bank_transfer,paid,4,45.100000,0.100000,162.360000,1700216900,1700217660
orders-row-0002411,ord-0002411,ord-0002411,user-00161,sports,wallet,pending,1,47.300000,0.050000,44.930000,1700216990,1700217763
orders-row-0002412,ord-0002412,ord-0002412,user-00162,electronics,card,shipped,3,49.100000,0.000000,147.300000,1700217080,1700217866
orders-row-0002413,ord-0002413,ord-0002413,user-00163,books,paypal,refunded,5,50.100000,0.150000,212.920000,1700217170,1700217969
orders-row-0002414,ord-0002414,ord-0002414,user-00164,grocery,bank_transfer,completed,2,52.300000,0.100000,94.140000,1700217260,1700218072
orders-row-0002415,ord-0002415,ord-0002415,user-00165,apparel,wallet,paid,4,53.500000,0.050000,203.300000,1700217350,1700218175
orders-row-0002416,ord-0002416,ord-0002416,user-00166,home,card,pending,1,55.500000,0.000000,55.500000,1700217440,1700218278
orders-row-0002417,ord-0002417,ord-0002417,user-00167,sports,paypal,shipped,3,57.500000,0.150000,146.620000,1700217530,1700218381
orders-row-0002418,ord-0002418,ord-0002418,user-00168,electronics,bank_transfer,refunded,5,59.500000,0.100000,267.750000,1700217620,1700218484
orders-row-0002419,ord-0002419,ord-0002419,user-00169,books,wallet,completed,2,60.700000,0.050000,115.330000,1700217710,1700218587
orders-row-0002420,ord-0002420,ord-0002420,user-00170,grocery,card,paid,4,62.600000,0.000000,250.400000,1700217800,1700218690
orders-row-0002421,ord-0002421,ord-0002421,user-00171,apparel,paypal,pending,1,63.700000,0.150000,54.150000,1700217890,1700218793
orders-row-0002422,ord-0002422,ord-0002422,user-00172,home,bank_transfer,shipped,3,66.100000,0.100000,178.470000,1700217980,1700218896
orders-row-0002423,ord-0002423,ord-0002423,user-00173,sports,wallet,refunded,5,67.900000,0.050000,322.520000,1700218070,1700218999
orders-row-0002424,ord-0002424,ord-0002424,user-00174,electronics,card,completed,2,69.600000,0.000000,139.200000,1700218160,1700218202
orders-row-0002425,ord-0002425,ord-0002425,user-00175,books,paypal,paid,4,70.600000,0.150000,240.040000,1700218250,1700218305
orders-row-0002426,ord-0002426,ord-0002426,user-00176,grocery,bank_transfer,pending,1,72.600000,0.100000,65.340000,1700218340,1700218408
orders-row-0002427,ord-0002427,ord-0002427,user-00177,apparel,wallet,shipped,3,74.300000,0.050000,211.750000,1700218430,1700218511
orders-row-0002428,ord-0002428,ord-0002428,user-00178,home,card,refunded,5,75.700000,0.000000,378.500000,1700218520,1700218614
orders-row-0002429,ord-0002429,ord-0002429,user-00179,sports,paypal,completed,2,77.500000,0.150000,131.750000,1700218610,1700218717
orders-row-0002430,ord-0002430,ord-0002430,user-00180,electronics,bank_transfer,paid,4,9.000000,0.100000,32.400000,1700218700,1700218820
orders-row-0002431,ord-0002431,ord-0002431,user-00181,books,wallet,pending,1,10.700000,0.050000,10.160000,1700218790,1700218923
orders-row-0002432,ord-0002432,ord-0002432,user-00182,grocery,card,shipped,3,13.000000,0.000000,39.000000,1700218880,1700219026
orders-row-0002433,ord-0002433,ord-0002433,user-00183,apparel,paypal,refunded,5,14.600000,0.150000,62.050000,1700218970,1700219129
orders-row-0002434,ord-0002434,ord-0002434,user-00184,home,bank_transfer,completed,999,16.200000,0.100000,29.160000,1700219060,1700219232
orders-row-0002435,ord-0002435,ord-0002435,user-00185,sports,wallet,paid,4,18.400000,0.050000,69.920000,1700219150,1700219335
orders-row-0002436,ord-0002436,ord-0002436,user-00186,electronics,card,pending,1,20.100000,0.000000,20.100000,1700219240,1700219438
orders-row-0002437,ord-0002437,ord-0002437,user-00187,books,paypal,shipped,3,21.100000,0.150000,53.800000,1700219330,1700219541
orders-row-0002438,ord-0002438,ord-0002438,user-00188,grocery,bank_transfer,refunded,5,23.200000,0.100000,104.400000,1700219420,1700219644
orders-row-0002439,ord-0002439,ord-0002439,user-00189,apparel,wallet,completed,2,24.800000,0.050000,47.120000,1700219510,1700219747
orders-row-0002440,ord-0002440,ord-0002440,user-00190,home,card,paid,4,26.500000,0.000000,106.000000,1700219600,1700219850
orders-row-0002441,ord-0002441,ord-0002441,user-00191,sports,paypal,pending,1,28.600000,0.150000,24.310000,1700219690,1700219953
orders-row-0002442,ord-0002442,ord-0002442,user-00192,electronics,bank_transfer,shipped,3,30.300000,0.100000,81.810000,1700219780,1700220056
orders-row-0002443,ord-0002443,ord-0002443,user-00193,books,wallet,refunded,5,31.200000,0.050000,148.200000,1700219870,1700220159
orders-row-0002444,ord-0002444,ord-0002444,user-00194,grocery,card,completed,2,33.600000,0.000000,67.200000,1700219960,1700220262
orders-row-0002445,ord-0002445,ord-0002445,user-00195,apparel,paypal,paid,4,35.100000,0.150000,119.340000,1700220050,1700220365
orders-row-0002446,ord-0002446,ord-0002446,user-00196,home,bank_transfer,pending,1,36.200000,0.100000,32.580000,1700220140,1700220468
orders-row-0002447,ord-0002447,ord-0002447,user-00197,sports,wallet,shipped,3,38.800000,0.050000,110.580000,1700220230,1700220571
orders-row-0002448,ord-0002448,ord-0002448,user-00198,electronics,card,refunded,5,40.400000,0.000000,202.000000,1700220320,1700220674
orders-row-0002449,ord-0002449,ord-0002449,user-00199,books,paypal,completed,2,41.600000,0.150000,70.720000,1700220410,1700220777
orders-row-0002450,ord-0002450,ord-0002450,user-00200,grocery,bank_transfer,paid,4,43.700000,0.100000,157.320000,1700220500,1700220880
orders-row-0002451,ord-0002451,ord-0002451,user-00201,apparel,wallet,pending,1,44.900000,0.050000,42.650000,1700220590,1700220983
orders-row-0002452,ord-0002452,ord-0002452,user-00202,home,card,shipped,3,47.000000,0.000000,141.000000,1700220680,1700221086
orders-row-0002453,ord-0002453,ord-0002453,user-00203,sports,paypal,refunded,5,48.100000,0.150000,204.420000,1700220770,1700221189
orders-row-0002454,ord-0002454,ord-0002454,user-00204,electronics,bank_transfer,completed,2,50.200000,0.100000,90.360000,1700220860,1700221292
orders-row-0002455,ord-0002455,ord-0002455,user-00205,books,wallet,__CD_RARE_ORDERS_TRANSACTIONS_ORDER_STATUS_013__,4,51.600000,0.050000,196.080000,1700220950,1700221395
orders-row-0002456,ord-0002456,ord-0002456,user-00206,grocery,card,pending,1,53.600000,0.000000,53.600000,1700221040,1700221498
orders-row-0002457,ord-0002457,ord-0002457,user-00207,apparel,paypal,shipped,3,55.000000,0.150000,140.250000,1700221130,1700221601
orders-row-0002458,ord-0002458,ord-0002458,user-00208,home,bank_transfer,refunded,5,56.700000,0.100000,255.150000,1700221220,1700221704
orders-row-0002459,ord-0002459,ord-0002459,user-00209,sports,wallet,completed,2,58.900000,0.050000,111.910000,1700221310,1700221807
orders-row-0002460,ord-0002460,ord-0002460,user-00210,electronics,card,paid,4,60.300000,0.000000,241.200000,1700221400,1700221910
orders-row-0002461,ord-0002461,ord-0002461,user-00211,books,paypal,pending,1,62.600000,0.150000,53.210000,1700221490,1700222013
orders-row-0002462,ord-0002462,ord-0002462,user-00212,grocery,bank_transfer,shipped,3,64.100000,0.100000,173.070000,1700221580,1700222116
orders-row-0002463,ord-0002463,ord-0002463,user-00213,apparel,wallet,refunded,5,65.400000,0.050000,310.650000,1700221670,1700222219
orders-row-0002464,ord-0002464,ord-0002464,user-00214,home,card,completed,2,67.500000,0.000000,135.000000,1700221760,1700222322
orders-row-0002465,ord-0002465,ord-0002465,user-00215,sports,paypal,paid,4,68.800000,0.150000,233.920000,1700221850,1700222425
orders-row-0002466,ord-0002466,ord-0002466,user-00216,electronics,bank_transfer,pending,1,70.800000,0.100000,63.720000,1700221940,1700222528
orders-row-0002467,ord-0002467,ord-0002467,user-00217,books,wallet,shipped,3,72.600000,0.050000,206.910000,1700222030,1700222631
orders-row-0002468,ord-0002468,ord-0002468,user-00218,grocery,card,refunded,5,74.400000,0.000000,372.000000,1700222120,1700222734
orders-row-0002469,ord-0002469,ord-0002469,user-00219,apparel,paypal,completed,2,75.500000,0.150000,128.350000,1700222210,1700222837
orders-row-0002470,ord-0002470,ord-0002470,user-00220,home,bank_transfer,paid,4,77.400000,0.100000,278.640000,1700222300,1700222940
orders-row-0002471,ord-0002471,ord-0002471,user-00221,sports,wallet,pending,1,9.600000,0.050000,9.120000,1700222390,1700223043
orders-row-0002472,ord-0002472,ord-0002472,user-00222,electronics,card,shipped,3,10.800000,0.000000,32.400000,1700222480,1700223146
orders-row-0002473,ord-0002473,ord-0002473,user-00223,books,paypal,refunded,5,12.300000,0.150000,52.270000,1700222570,1700223249
orders-row-0002474,ord-0002474,ord-0002474,user-00224,grocery,bank_transfer,completed,2,14.200000,0.100000,25.560000,1700222660,1700223352
orders-row-0002475,ord-0002475,ord-0002475,user-00225,apparel,wallet,paid,4,16.200000,0.050000,61.560000,1700222750,1700223455
orders-row-0002476,ord-0002476,ord-0002476,user-00226,home,card,pending,1,17.300000,0.000000,17.300000,1700222840,1700223558
orders-row-0002477,ord-0002477,ord-0002477,user-00227,sports,paypal,shipped,3,19.600000,0.150000,49.980000,1700222930,1700223661
orders-row-0002478,ord-0002478,ord-0002478,user-00228,electronics,bank_transfer,refunded,5,21.000000,0.100000,94.500000,1700223020,1700223764
orders-row-0002479,ord-0002479,ord-0002479,user-00229,books,wallet,completed,2,22.700000,0.050000,43.130000,1700223110,1700223867
orders-row-0002480,ord-0002480,ord-0002480,user-00230,grocery,card,paid,4,24.500000,0.000000,98.000000,1700223200,1700223970
orders-row-0002481,ord-0002481,ord-0002481,user-00231,apparel,paypal,pending,1,26.100000,0.150000,22.190000,1700223290,1700224073
orders-row-0002482,ord-0002482,ord-0002482,user-00232,home,bank_transfer,shipped,3,27.700000,0.100000,74.790000,1700223380,1700224176
orders-row-0002483,ord-0002483,ord-0002483,user-00233,sports,wallet,refunded,5,29.900000,0.050000,142.030000,1700223470,1700224279
orders-row-0002484,ord-0002484,ord-0002484,user-00234,electronics,card,completed,2,31.000000,0.000000,62.000000,1700223560,1700224382
orders-row-0002485,ord-0002485,ord-0002485,user-00235,books,paypal,paid,4,32.900000,0.150000,111.860000,1700223650,1700224485
orders-row-0002486,ord-0002486,ord-0002486,user-00236,grocery,bank_transfer,pending,1,34.800000,0.100000,31.320000,1700223740,1700224588
orders-row-0002487,ord-0002487,ord-0002487,user-00237,apparel,wallet,shipped,3,35.900000,0.050000,102.310000,1700223830,1700224691
orders-row-0002488,ord-0002488,ord-0002488,user-00238,home,card,refunded,5,37.800000,0.000000,189.000000,1700223920,1700224794
orders-row-0002489,ord-0002489,ord-0002489,user-00239,sports,paypal,completed,2,39.900000,0.150000,67.830000,1700224010,1700224897
orders-row-0002490,ord-0002490,ord-0002490,user-00240,electronics,bank_transfer,paid,4,41.100000,0.100000,147.960000,1700224100,1700225000
orders-row-0002491,ord-0002491,ord-0002491,user-00241,books,wallet,pending,1,43.000000,0.050000,40.850000,1700224190,1700225103
orders-row-0002492,ord-0002492,ord-0002492,user-00242,grocery,card,shipped,3,44.600000,0.000000,133.800000,1700224280,1700225206
orders-row-0002493,ord-0002493,ord-0002493,user-00243,apparel,paypal,refunded,5,47.000000,0.150000,199.750000,1700224370,1700224409
orders-row-0002494,ord-0002494,ord-0002494,user-00244,home,bank_transfer,completed,2,48.100000,0.100000,86.580000,1700224460,1700224512
orders-row-0002495,ord-0002495,ord-0002495,user-00245,sports,wallet,paid,4,50.400000,0.050000,191.520000,1700224550,1700224615
orders-row-0002496,ord-0002496,ord-0002496,user-00246,electronics,card,pending,1,9999.000000,0.000000,51.900000,1700224640,1700224718
orders-row-0002497,ord-0002497,ord-0002497,user-00247,books,paypal,shipped,3,53.100000,0.150000,135.410000,1700224730,1700224821
orders-row-0002498,ord-0002498,ord-0002498,user-00248,grocery,bank_transfer,refunded,5,54.800000,0.100000,246.600000,1700224820,1700224924
orders-row-0002499,ord-0002499,ord-0002499,user-00249,apparel,wallet,completed,2,57.200000,0.050000,108.680000,1700224910,1700225027
orders-row-0002500,ord-0002500,ord-0002500,user-00000,home,card,paid,4,58.400000,0.000000,233.600000,1700225000,1700225130
orders-row-0002501,ord-0002501,ord-0002501,user-00001,sports,paypal,pending,1,60.200000,0.150000,51.170000,1700225090,1700225233
orders-row-0002502,ord-0002502,ord-0002502,user-00002,electronics,bank_transfer,shipped,3,61.600000,0.100000,166.320000,1700225180,1700225336
orders-row-0002503,ord-0002503,ord-0002503,user-00003,books,wallet,refunded,5,63.900000,0.050000,303.520000,1700225270,1700225439
orders-row-0002504,ord-0002504,ord-0002504,user-00004,grocery,card,completed,2,64.900000,0.000000,129.800000,1700225360,1700225542
orders-row-0002505,ord-0002505,ord-0002505,user-00005,apparel,paypal,paid,4,67.100000,0.150000,228.140000,1700225450,1700225645
orders-row-0002506,ord-0002506,ord-0002506,user-00006,home,bank_transfer,pending,1,68.500000,0.100000,61.650000,1700225540,1700225748
orders-row-0002507,ord-0002507,ord-0002507,user-00007,sports,wallet,shipped,3,70.100000,0.050000,199.780000,1700225630,1700225851
orders-row-0002508,ord-0002508,ord-0002508,user-00008,electronics,card,refunded,5,71.900000,0.000000,359.500000,1700225720,1700225954
orders-row-0002509,ord-0002509,ord-0002509,user-00009,books,paypal,completed,2,73.300000,0.150000,124.610000,1700225810,1700226057
orders-row-0002510,ord-0002510,ord-0002510,user-00010,grocery,bank_transfer,paid,4,75.400000,0.100000,271.440000,1700225900,1700226160
orders-row-0002511,ord-0002511,ord-0002511,user-00011,apparel,wallet,pending,1,77.600000,0.050000,73.720000,1700225990,1700226263
orders-row-0002512,ord-0002512,ord-0002512,user-00012,home,card,shipped,3,9.200000,0.000000,27.600000,1700226080,1700226366
orders-row-0002513,ord-0002513,ord-0002513,user-00013,sports,paypal,refunded,5,10.200000,0.150000,43.350000,1700226170,1700226469
orders-row-0002514,ord-0002514,ord-0002514,user-00014,electronics,bank_transfer,completed,2,12.500000,0.100000,22.500000,1700226260,1700226572
orders-row-0002515,ord-0002515,ord-0002515,user-00015,books,wallet,paid,4,13.800000,0.050000,52.440000,1700226350,1700226675
orders-row-0002516,ord-0002516,ord-0002516,user-00016,grocery,card,pending,1,15.400000,0.000000,15.400000,1700226440,1700226778
orders-row-0002517,ord-0002517,ord-0002517,user-00017,apparel,paypal,shipped,3,16.900000,0.150000,43.090000,1700226530,1700226881
orders-row-0002518,ord-0002518,ord-0002518,user-00018,home,bank_transfer,refunded,5,18.700000,0.100000,84.150000,1700226620,1700226500
orders-row-0002519,ord-0002519,ord-0002519,user-00019,sports,wallet,completed,2,20.300000,0.050000,38.570000,1700226710,1700227087
orders-row-0002520,ord-0002520,ord-0002520,user-00020,electronics,card,paid,4,22.200000,0.000000,88.800000,1700226800,1700227190
orders-row-0002521,ord-0002521,ord-0002521,user-00021,books,paypal,pending,1,24.200000,0.150000,20.570000,1700226890,1700227293
orders-row-0002522,ord-0002522,ord-0002522,user-00022,grocery,bank_transfer,shipped,3,26.100000,0.100000,70.470000,1700226980,1700227396
orders-row-0002523,ord-0002523,ord-0002523,user-00023,apparel,wallet,refunded,5,27.700000,0.050000,131.570000,1700227070,1700227499
orders-row-0002524,ord-0002524,ord-0002524,user-00024,home,card,completed,2,29.200000,0.000000,58.400000,1700227160,1700227602
orders-row-0002525,ord-0002525,ord-0002525,user-00025,sports,paypal,paid,4,30.700000,0.150000,104.380000,1700227250,1700227705
orders-row-0002526,ord-0002526,ord-0002526,user-00026,electronics,bank_transfer,pending,1,32.900000,0.100000,29.610000,1700227340,1700227808
orders-row-0002527,ord-0002527,ord-0002527,user-00027,books,wallet,shipped,3,34.700000,0.050000,98.900000,1700227430,1700227911
orders-row-0002528,ord-0002528,ord-0002528,user-00028,grocery,card,refunded,5,36.100000,0.000000,180.500000,1700227520,1700228014
orders-row-0002529,ord-0002529,ord-0002529,user-00029,apparel,paypal,completed,2,37.600000,0.150000,63.920000,1700227610,1700228117
orders-row-0002530,ord-0002530,ord-0002530,user-00030,home,bank_transfer,paid,4,39.800000,0.100000,143.280000,1700227700,1700228220
orders-row-0002531,ord-0002531,ord-0002531,user-00031,sports,wallet,pending,1,41.300000,0.050000,39.230000,1700227790,1700228323
orders-row-0002532,ord-0002532,ord-0002532,user-00032,electronics,card,shipped,3,43.100000,0.000000,129.300000,1700227880,1700228426
orders-row-0002533,ord-0002533,ord-0002533,user-00033,books,paypal,refunded,5,44.100000,0.150000,187.420000,1700227970,1700228529
orders-row-0002534,ord-0002534,ord-0002534,user-00034,grocery,bank_transfer,completed,2,46.300000,0.100000,83.340000,1700228060,1700228632
orders-row-0002535,ord-0002535,ord-0002535,user-00035,apparel,wallet,paid,4,48.200000,0.050000,183.160000,1700228150,1700228735
orders-row-0002536,ord-0002536,ord-0002536,user-00036,home,card,pending,1,49.300000,0.000000,49.300000,1700228240,1700228838
orders-row-0002537,ord-0002537,ord-0002537,user-00037,sports,paypal,shipped,3,51.000000,0.150000,130.050000,1700228330,1700228941
orders-row-0002538,ord-0002538,ord-0002538,user-00038,electronics,bank_transfer,refunded,5,53.000000,0.100000,238.500000,1700228420,1700229044
orders-row-0002539,ord-0002539,ord-0002539,user-00039,books,wallet,completed,2,54.400000,0.050000,103.360000,1700228510,1700229147
orders-row-0002540,ord-0002540,ord-0002540,user-00040,grocery,card,paid,4,56.400000,0.000000,225.600000,1700228600,1700229250
orders-row-0002541,ord-0002541,ord-0002541,user-00041,apparel,paypal,pending,1,57.800000,0.150000,49.130000,1700228690,1700229353
orders-row-0002542,ord-0002542,ord-0002542,user-00042,home,bank_transfer,shipped,3,59.800000,0.100000,161.460000,1700228780,1700229456
orders-row-0002543,ord-0002543,ord-0002543,user-00043,sports,wallet,refunded,5,61.400000,0.050000,291.650000,1700228870,1700229559
orders-row-0002544,ord-0002544,ord-0002544,user-00044,electronics,card,completed,2,63.400000,0.000000,126.800000,1700228960,1700229662
orders-row-0002545,ord-0002545,ord-0002545,user-00045,books,paypal,paid,4,64.600000,0.150000,219.640000,1700229050,1700229765
orders-row-0002546,ord-0002546,ord-0002546,user-00046,grocery,bank_transfer,pending,1,66.300000,0.100000,59.670000,1700229140,1700229868
orders-row-0002547,ord-0002547,ord-0002547,user-00047,apparel,wallet,shipped,3,67.900000,0.050000,193.520000,1700229230,1700229971
orders-row-0002548,ord-0002548,ord-0002548,user-00048,home,card,refunded,5,69.600000,0.000000,348.000000,1700229320,1700230074
orders-row-0002549,ord-0002549,ord-0002549,user-00049,sports,paypal,completed,2,72.100000,0.150000,122.570000,1700229410,1700230177
orders-row-0002550,ord-0002550,ord-0002550,user-00050,electronics,bank_transfer,paid,4,73.700000,0.100000,265.320000,1700229500,1700230280
orders-row-0002551,ord-0002551,ord-0002551,user-00051,books,wallet,pending,1,74.700000,0.050000,70.970000,1700229590,1700230383
orders-row-0002552,ord-0002552,ord-0002552,user-00052,grocery,card,shipped,3,76.400000,0.000000,229.200000,1700229680,1700230486
orders-row-0002553,ord-0002553,ord-0002553,user-00053,apparel,paypal,refunded,5,8.600000,0.150000,36.550000,1700229770,1700230589
orders-row-0002554,ord-0002554,ord-0002554,user-00054,home,bank_transfer,completed,2,10.100000,0.100000,18.180000,1700229860,1700230692
orders-row-0002555,ord-0002555,ord-0002555,user-00055,sports,wallet,paid,4,12.100000,0.050000,45.980000,1700229950,1700230795
orders-row-0002556,ord-0002556,ord-0002556,user-00056,electronics,card,pending,1,13.300000,0.000000,13.300000,1700230040,1700230898
orders-row-0002557,ord-0002557,ord-0002557,user-00057,books,paypal,shipped,3,14.900000,0.150000,38.000000,1700230130,1700231001
orders-row-0002558,ord-0002558,ord-0002558,user-00058,grocery,bank_transfer,refunded,5,16.900000,0.100000,76.050000,1700230220,1700231104
orders-row-0002559,ord-0002559,ord-0002559,user-00059,apparel,wallet,completed,2,18.500000,0.050000,35.150000,1700230310,1700231207
orders-row-0002560,ord-0002560,ord-0002560,user-00060,home,card,paid,4,20.200000,0.000000,80.800000,1700230400,1700231310
orders-row-0002561,ord-0002561,ord-0002561,user-00061,sports,paypal,pending,1,22.600000,0.150000,19.210000,1700230490,1700231413
orders-row-0002562,ord-0002562,ord-0002562,user-00062,electronics,bank_transfer,shipped,3,24.100000,0.100000,65.070000,1700230580,1700230616
orders-row-0002563,ord-0002563,ord-0002563,user-00063,books,wallet,refunded,5,25.300000,0.050000,120.170000,1700230670,1700230719
orders-row-0002564,ord-0002564,ord-0002564,user-00064,grocery,card,completed,2,26.900000,0.000000,53.800000,1700230760,1700230822
orders-row-0002565,ord-0002565,ord-0002565,user-00065,apparel,paypal,paid,4,29.300000,0.150000,99.620000,1700230850,1700230925
orders-row-0002566,ord-0002566,ord-0002566,user-00066,home,bank_transfer,pending,1,30.200000,0.100000,27.180000,1700230940,1700231028
orders-row-0002567,ord-0002567,ord-0002567,user-00067,sports,wallet,shipped,3,32.600000,0.050000,92.910000,1700231030,1700231131
orders-row-0002568,ord-0002568,ord-0002568,user-00068,electronics,card,refunded,5,34.300000,0.000000,171.500000,1700231120,1700231234
orders-row-0002569,ord-0002569,ord-0002569,user-00069,books,paypal,completed,2,35.900000,0.150000,61.030000,1700231210,1700231337
orders-row-0002570,ord-0002570,ord-0002570,user-00070,grocery,bank_transfer,paid,4,37.600000,0.100000,135.360000,1700231300,1700231440
orders-row-0002571,ord-0002571,ord-0002571,user-00071,apparel,wallet,pending,1,39.300000,0.050000,37.330000,1700231390,1700231543
orders-row-0002572,ord-0002572,ord-0002572,user-00072,home,card,shipped,3,41.100000,0.000000,123.300000,1700231480,1700231646
orders-row-0002573,ord-0002573,ord-0002573,user-00073,sports,paypal,refunded,5,42.400000,0.150000,180.200000,1700231570,1700231749
orders-row-0002574,ord-0002574,ord-0002574,user-00074,electronics,bank_transfer,completed,2,44.200000,0.100000,79.560000,1700231660,1700231852
orders-row-0002575,ord-0002575,ord-0002575,user-00075,books,wallet,paid,4,45.600000,0.050000,173.280000,1700231750,1700231955
orders-row-0002576,ord-0002576,ord-0002576,user-00076,grocery,card,pending,1,47.300000,0.000000,47.300000,1700231840,1700232058
orders-row-0002577,ord-0002577,ord-0002577,user-00077,apparel,paypal,shipped,3,49.300000,0.150000,125.710000,1700231930,1700232161
orders-row-0002578,ord-0002578,ord-0002578,user-00078,home,bank_transfer,refunded,5,51.000000,0.100000,229.500000,1700232020,1700232264
orders-row-0002579,ord-0002579,ord-0002579,user-00079,sports,wallet,completed,2,52.300000,0.050000,99.370000,1700232110,1700232367
orders-row-0002580,ord-0002580,ord-0002580,user-00080,electronics,card,paid,4,54.200000,0.000000,216.800000,1700232200,1700232470
orders-row-0002581,ord-0002581,ord-0002581,user-00081,books,paypal,pending,1,56.500000,0.150000,48.020000,1700232290,1700232573
orders-row-0002582,ord-0002582,ord-0002582,user-00082,grocery,bank_transfer,shipped,3,58.300000,0.100000,157.410000,1700232380,1700232676
orders-row-0002583,ord-0002583,ord-0002583,user-00083,apparel,wallet,refunded,5,60.000000,0.050000,285.000000,1700232470,1700232779
orders-row-0002584,ord-0002584,ord-0002584,user-00084,home,card,completed,2,61.300000,0.000000,122.600000,1700232560,1700232882
orders-row-0002585,ord-0002585,ord-0002585,user-00085,sports,paypal,paid,999,62.700000,0.150000,213.180000,1700232650,1700232985
orders-row-0002586,ord-0002586,ord-0002586,user-00086,electronics,bank_transfer,pending,1,64.700000,0.100000,58.230000,1700232740,1700233088
orders-row-0002587,ord-0002587,ord-0002587,user-00087,books,wallet,shipped,3,66.000000,0.050000,188.100000,1700232830,1700233191
orders-row-0002588,ord-0002588,ord-0002588,user-00088,grocery,card,refunded,5,68.200000,0.000000,341.000000,1700232920,1700233294
orders-row-0002589,ord-0002589,ord-0002589,user-00089,apparel,paypal,completed,2,69.600000,0.150000,118.320000,1700233010,1700233397
orders-row-0002590,ord-0002590,ord-0002590,user-00090,home,bank_transfer,paid,4,71.400000,0.100000,257.040000,1700233100,1700233500
orders-row-0002591,ord-0002591,ord-0002591,user-00091,sports,wallet,pending,1,73.300000,0.050000,69.630000,1700233190,1700233603
orders-row-0002592,ord-0002592,ord-0002592,user-00092,electronics,card,shipped,3,74.700000,0.000000,224.100000,1700233280,1700233706
orders-row-0002593,ord-0002593,ord-0002593,user-00093,books,paypal,refunded,5,76.400000,0.150000,324.700000,1700233370,1700233809
orders-row-0002594,ord-0002594,ord-0002594,user-00094,grocery,bank_transfer,completed,2,8.200000,0.100000,14.760000,1700233460,1700233912
orders-row-0002595,ord-0002595,ord-0002595,user-00095,apparel,wallet,paid,4,10.400000,0.050000,39.520000,1700233550,1700234015
orders-row-0002596,ord-0002596,ord-0002596,user-00096,home,card,pending,1,11.400000,0.000000,11.400000,1700233640,1700234118
orders-row-0002597,ord-0002597,ord-0002597,user-00097,sports,paypal,shipped,3,13.200000,0.150000,33.660000,1700233730,1700234221
orders-row-0002598,ord-0002598,ord-0002598,user-00098,electronics,bank_transfer,refunded,5,9999.000000,0.100000,66.150000,1700233820,1700234324
orders-row-0002599,ord-0002599,ord-0002599,user-00099,books,wallet,completed,2,16.600000,0.050000,31.540000,1700233910,1700234427
orders-row-0002600,ord-0002600,ord-0002600,user-00100,grocery,card,paid,4,18.700000,0.000000,74.800000,1700234000,1700234530
orders-row-0002601,ord-0002601,ord-0002601,user-00101,apparel,paypal,pending,1,19.900000,0.150000,16.910000,1700234090,1700234633
orders-row-0002602,ord-0002602,ord-0002602,user-00102,home,bank_transfer,shipped,3,21.600000,0.100000,58.320000,1700234180,1700234736
orders-row-0002603,ord-0002603,ord-0002603,user-00103,sports,wallet,refunded,5,23.800000,0.050000,113.050000,1700234270,1700234839
orders-row-0002604,ord-0002604,ord-0002604,user-00104,electronics,card,completed,2,25.600000,0.000000,51.200000,1700234360,1700234942
orders-row-0002605,ord-0002605,ord-0002605,user-00105,books,paypal,paid,4,26.500000,0.150000,90.100000,1700234450,1700235045
orders-row-0002606,ord-0002606,ord-0002606,user-00106,grocery,bank_transfer,pending,1,29.000000,0.100000,26.100000,1700234540,1700235148
orders-row-0002607,ord-0002607,ord-0002607,user-00107,apparel,wallet,shipped,3,30.000000,0.050000,85.500000,1700234630,1700235251
orders-row-0002608,ord-0002608,ord-0002608,user-00108,home,card,refunded,5,32.200000,0.000000,161.000000,1700234720,1700235354
orders-row-0002609,ord-0002609,ord-0002609,user-00109,sports,paypal,completed,2,33.400000,0.150000,56.780000,1700234810,1700235457
orders-row-0002610,ord-0002610,ord-0002610,user-00110,electronics,bank_transfer,paid,4,35.300000,0.100000,127.080000,1700234900,1700235560
orders-row-0002611,ord-0002611,ord-0002611,user-00111,books,wallet,pending,1,37.100000,0.050000,35.240000,1700234990,1700235663
orders-row-0002612,ord-0002612,ord-0002612,user-00112,grocery,card,shipped,3,38.800000,0.000000,116.400000,1700235080,1700235766
orders-row-0002613,ord-0002613,ord-0002613,user-00113,apparel,paypal,refunded,5,41.000000,0.150000,174.250000,1700235170,1700235869
orders-row-0002614,ord-0002614,ord-0002614,user-00114,home,bank_transfer,completed,2,41.900000,0.100000,75.420000,1700235260,1700235972
orders-row-0002615,ord-0002615,ord-0002615,user-00115,sports,wallet,paid,4,44.300000,0.050000,168.340000,1700235350,1700236075
orders-row-0002616,ord-0002616,ord-0002616,user-00116,electronics,card,pending,1,46.100000,0.000000,46.100000,1700235440,1700236178
orders-row-0002617,ord-0002617,ord-0002617,user-00117,books,paypal,shipped,3,47.800000,0.150000,121.890000,1700235530,1700236281
orders-row-0002618,ord-0002618,ord-0002618,user-00118,grocery,bank_transfer,refunded,5,49.000000,0.100000,220.500000,1700235620,1700236384
orders-row-0002619,ord-0002619,ord-0002619,user-00119,apparel,wallet,completed,2,51.100000,0.050000,97.090000,1700235710,1700236487
orders-row-0002620,ord-0002620,ord-0002620,user-00120,home,card,paid,4,52.700000,0.000000,210.800000,1700235800,1700236590
orders-row-0002621,ord-0002621,ord-0002621,user-00121,sports,paypal,pending,1,53.800000,0.150000,45.730000,1700235890,1700236693
orders-row-0002622,ord-0002622,ord-0002622,user-00122,electronics,bank_transfer,shipped,3,56.100000,0.100000,151.470000,1700235980,1700236796
orders-row-0002623,ord-0002623,ord-0002623,user-00123,books,wallet,refunded,5,57.300000,0.050000,272.180000,1700236070,1700236899
orders-row-0002624,ord-0002624,ord-0002624,user-00124,grocery,card,completed,2,59.200000,0.000000,118.400000,1700236160,1700237002
orders-row-0002625,ord-0002625,ord-0002625,user-00125,apparel,paypal,paid,4,60.800000,0.150000,206.720000,1700236250,1700237105
orders-row-0002626,ord-0002626,ord-0002626,user-00126,home,bank_transfer,pending,1,62.900000,0.100000,56.610000,1700236340,1700237208
orders-row-0002627,ord-0002627,ord-0002627,user-00127,sports,wallet,shipped,3,64.500000,0.050000,183.820000,1700236430,1700237311
orders-row-0002628,ord-0002628,ord-0002628,user-00128,electronics,card,refunded,5,66.300000,0.000000,331.500000,1700236520,1700237414
orders-row-0002629,ord-0002629,ord-0002629,user-00129,books,paypal,completed,2,68.000000,0.150000,115.600000,1700236610,1700237517
orders-row-0002630,ord-0002630,ord-0002630,user-00130,grocery,bank_transfer,paid,4,69.800000,0.100000,251.280000,1700236700,1700237620
orders-row-0002631,ord-0002631,ord-0002631,user-00131,apparel,wallet,pending,1,71.600000,0.050000,68.020000,1700236790,1700236823
orders-row-0002632,ord-0002632,ord-0002632,user-00132,home,card,shipped,3,72.400000,0.000000,217.200000,1700236880,1700236926
orders-row-0002633,ord-0002633,ord-0002633,user-00133,sports,paypal,refunded,5,74.300000,0.150000,315.770000,1700236970,1700237029
orders-row-0002634,ord-0002634,ord-0002634,user-00134,electronics,bank_transfer,completed,2,75.900000,0.100000,136.620000,1700237060,1700237132
orders-row-0002635,ord-0002635,ord-0002635,user-00135,books,wallet,paid,4,8.400000,0.050000,31.920000,1700237150,1700237235
orders-row-0002636,ord-0002636,ord-0002636,user-00136,grocery,card,pending,1,9.600000,0.000000,9.600000,1700237240,1700237338
orders-row-0002637,ord-0002637,ord-0002637,user-00137,apparel,paypal,shipped,3,11.300000,0.150000,28.820000,1700237330,1700237441
orders-row-0002638,ord-0002638,ord-0002638,user-00138,home,bank_transfer,refunded,5,12.600000,0.100000,56.700000,1700237420,1700237544
orders-row-0002639,ord-0002639,ord-0002639,user-00139,sports,wallet,completed,2,14.600000,0.050000,27.740000,1700237510,1700237647
orders-row-0002640,ord-0002640,ord-0002640,user-00140,electronics,card,paid,4,16.200000,0.000000,64.800000,1700237600,1700237750
orders-row-0002641,ord-0002641,ord-0002641,user-00141,books,paypal,pending,1,17.800000,0.150000,15.130000,1700237690,1700237853
orders-row-0002642,ord-0002642,ord-0002642,user-00142,grocery,bank_transfer,shipped,3,19.600000,0.100000,52.920000,1700237780,1700237956
orders-row-0002643,ord-0002643,ord-0002643,user-00143,apparel,wallet,refunded,5,21.800000,0.050000,103.550000,1700237870,1700238059
orders-row-0002644,ord-0002644,ord-0002644,user-00144,home,card,completed,2,23.400000,0.000000,46.800000,1700237960,1700238162
orders-row-0002645,ord-0002645,ord-0002645,user-00145,sports,paypal,paid,4,24.600000,0.150000,83.640000,1700238050,1700238265
orders-row-0002646,ord-0002646,ord-0002646,user-00146,electronics,bank_transfer,pending,1,26.500000,0.100000,23.850000,1700238140,1700238368
orders-row-0002647,ord-0002647,ord-0002647,user-00147,books,wallet,shipped,3,28.100000,0.050000,80.090000,1700238230,1700238110
orders-row-0002648,ord-0002648,ord-0002648,user-00148,grocery,card,refunded,5,30.500000,0.000000,152.500000,1700238320,1700238574
orders-row-0002649,ord-0002649,ord-0002649,user-00149,apparel,paypal,completed,2,32.200000,0.150000,54.740000,1700238410,1700238677
orders-row-0002650,ord-0002650,ord-0002650,user-00150,home,bank_transfer,paid,4,33.600000,0.100000,120.960000,1700238500,1700238780
orders-row-0002651,ord-0002651,ord-0002651,user-00151,sports,wallet,pending,1,34.700000,0.050000,32.970000,1700238590,1700238883
orders-row-0002652,ord-0002652,ord-0002652,user-00152,electronics,card,shipped,3,37.000000,0.000000,111.000000,1700238680,1700238986
orders-row-0002653,ord-0002653,ord-0002653,user-00153,books,paypal,refunded,5,38.500000,0.150000,163.620000,1700238770,1700239089
orders-row-0002654,ord-0002654,ord-0002654,user-00154,grocery,bank_transfer,completed,2,40.200000,0.100000,72.360000,1700238860,1700239192
orders-row-0002655,ord-0002655,ord-0002655,user-00155,apparel,wallet,paid,4,42.000000,0.050000,159.600000,1700238950,1700239295
orders-row-0002656,ord-0002656,ord-0002656,user-00156,home,card,pending,1,43.800000,0.000000,43.800000,1700239040,1700239398
orders-row-0002657,ord-0002657,ord-0002657,user-00157,sports,paypal,shipped,3,45.400000,0.150000,115.770000,1700239130,1700239501
orders-row-0002658,ord-0002658,ord-0002658,user-00158,electronics,bank_transfer,refunded,5,47.000000,0.100000,211.500000,1700239220,1700239604
orders-row-0002659,ord-0002659,ord-0002659,user-00159,books,wallet,completed,2,49.000000,0.050000,93.100000,1700239310,1700239707
orders-row-0002660,ord-0002660,ord-0002660,user-00160,grocery,card,paid,4,50.400000,0.000000,201.600000,1700239400,1700239810
orders-row-0002661,ord-0002661,ord-0002661,user-00161,apparel,paypal,pending,1,52.500000,0.150000,44.620000,1700239490,1700239913
orders-row-0002662,ord-0002662,ord-0002662,user-00162,home,bank_transfer,shipped,3,53.800000,0.100000,145.260000,1700239580,1700240016
orders-row-0002663,ord-0002663,ord-0002663,user-00163,sports,wallet,refunded,5,55.800000,0.050000,265.050000,1700239670,1700240119
orders-row-0002664,ord-0002664,ord-0002664,user-00164,electronics,card,completed,2,57.300000,0.000000,114.600000,1700239760,1700240222
orders-row-0002665,ord-0002665,ord-0002665,user-00165,books,paypal,paid,4,58.900000,0.150000,200.260000,1700239850,1700240325
orders-row-0002666,ord-0002666,ord-0002666,user-00166,grocery,bank_transfer,pending,1,60.800000,0.100000,54.720000,1700239940,1700240428
orders-row-0002667,ord-0002667,ord-0002667,user-00167,apparel,wallet,shipped,3,62.400000,0.050000,177.840000,1700240030,1700240531
orders-row-0002668,ord-0002668,ord-0002668,user-00168,home,card,refunded,5,63.700000,0.000000,318.500000,1700240120,1700240634
orders-row-0002669,ord-0002669,ord-0002669,user-00169,sports,paypal,completed,2,66.000000,0.150000,112.200000,1700240210,1700240737
orders-row-0002670,ord-0002670,ord-0002670,user-00170,electronics,bank_transfer,paid,4,67.000000,0.100000,241.200000,1700240300,1700240840
orders-row-0002671,ord-0002671,ord-0002671,user-00171,books,wallet,pending,1,69.200000,0.050000,65.740000,1700240390,1700240943
orders-row-0002672,ord-0002672,ord-0002672,user-00172,grocery,card,shipped,3,71.300000,0.000000,213.900000,1700240480,1700241046
orders-row-0002673,ord-0002673,ord-0002673,user-00173,apparel,paypal,refunded,5,72.400000,0.150000,307.700000,1700240570,1700241149
orders-row-0002674,ord-0002674,ord-0002674,user-00174,home,bank_transfer,completed,2,73.800000,0.100000,132.840000,1700240660,1700241252
orders-row-0002675,ord-0002675,ord-0002675,user-00175,sports,wallet,paid,4,75.600000,0.050000,287.280000,1700240750,1700241355
orders-row-0002676,ord-0002676,ord-0002676,user-00176,electronics,card,pending,1,77.900000,0.000000,77.900000,1700240840,1700241458
orders-row-0002677,ord-0002677,ord-0002677,user-00177,books,paypal,shipped,3,9.100000,0.150000,23.200000,1700240930,1700241561
orders-row-0002678,ord-0002678,ord-0002678,user-00178,grocery,bank_transfer,refunded,5,11.300000,0.100000,50.850000,1700241020,1700241664
orders-row-0002679,ord-0002679,ord-0002679,user-00179,apparel,wallet,completed,2,13.000000,0.050000,24.700000,1700241110,1700241767
orders-row-0002680,ord-0002680,ord-0002680,user-00180,home,card,paid,4,14.100000,0.000000,56.400000,1700241200,1700241870
orders-row-0002681,ord-0002681,ord-0002681,user-00181,sports,paypal,pending,1,16.200000,0.150000,13.770000,1700241290,1700241973
orders-row-0002682,ord-0002682,ord-0002682,user-00182,electronics,bank_transfer,shipped,3,17.700000,0.100000,47.790000,1700241380,1700242076
orders-row-0002683,ord-0002683,ord-0002683,user-00183,books,wallet,refunded,5,19.100000,0.050000,90.720000,1700241470,1700242179
orders-row-0002684,ord-0002684,ord-0002684,user-00184,grocery,card,completed,2,21.000000,0.000000,42.000000,1700241560,1700242282
orders-row-0002685,ord-0002685,ord-0002685,user-00185,apparel,paypal,paid,4,23.300000,0.150000,79.220000,1700241650,1700242385
orders-row-0002686,ord-0002686,ord-0002686,user-00186,home,bank_transfer,pending,1,24.400000,0.100000,21.960000,1700241740,1700242488
orders-row-0002687,ord-0002687,ord-0002687,user-00187,sports,wallet,shipped,3,25.900000,0.050000,73.810000,1700241830,1700242591
orders-row-0002688,ord-0002688,ord-0002688,user-00188,electronics,card,refunded,5,27.900000,0.000000,139.500000,1700241920,1700242694
orders-row-0002689,ord-0002689,ord-0002689,user-00189,books,paypal,completed,2,29.700000,0.150000,50.490000,1700242010,1700242797
orders-row-0002690,ord-0002690,ord-0002690,user-00190,grocery,bank_transfer,paid,4,31.100000,0.100000,111.960000,1700242100,1700242900
orders-row-0002691,ord-0002691,ord-0002691,user-00191,apparel,wallet,pending,1,32.700000,0.050000,31.070000,1700242190,1700243003
orders-row-0002692,ord-0002692,ord-0002692,user-00192,home,card,shipped,3,35.000000,0.000000,105.000000,1700242280,1700243106
orders-row-0002693,ord-0002693,ord-0002693,user-00193,sports,paypal,refunded,5,36.100000,0.150000,153.420000,1700242370,1700243209
orders-row-0002694,ord-0002694,ord-0002694,user-00194,electronics,bank_transfer,completed,2,38.300000,0.100000,68.940000,1700242460,1700243312
orders-row-0002695,ord-0002695,ord-0002695,user-00195,books,wallet,paid,4,40.000000,0.050000,152.000000,1700242550,1700243415
orders-row-0002696,ord-0002696,ord-0002696,user-00196,grocery,card,pending,1,42.000000,0.000000,42.000000,1700242640,1700243518
orders-row-0002697,ord-0002697,ord-0002697,user-00197,apparel,paypal,shipped,3,43.800000,0.150000,111.690000,1700242730,1700243621
orders-row-0002698,ord-0002698,ord-0002698,user-00198,home,bank_transfer,refunded,5,45.000000,0.100000,202.500000,1700242820,1700243724
orders-row-0002699,ord-0002699,ord-0002699,user-00199,sports,wallet,completed,2,46.600000,0.050000,88.540000,1700242910,1700243827
orders-row-0002700,ord-0002700,ord-0002700,user-00200,electronics,card,paid,4,48.000000,0.000000,192.000000,1700243000,1700243030
orders-row-0002701,ord-0002701,ord-0002701,user-00201,books,paypal,pending,1,49.900000,0.150000,42.410000,1700243090,1700243133
orders-row-0002702,ord-0002702,ord-0002702,user-00202,grocery,bank_transfer,shipped,3,52.100000,0.100000,140.670000,1700243180,1700243236
orders-row-0002703,ord-0002703,ord-0002703,user-00203,apparel,wallet,refunded,5,53.700000,0.050000,255.070000,1700243270,1700243339
orders-row-0002704,ord-0002704,ord-0002704,user-00204,home,card,completed,2,55.500000,0.000000,111.000000,1700243360,1700243442
orders-row-0002705,ord-0002705,ord-0002705,user-00205,sports,paypal,paid,4,57.300000,0.150000,194.820000,1700243450,1700243545
orders-row-0002706,ord-0002706,ord-0002706,user-00206,electronics,bank_transfer,pending,1,58.600000,0.100000,52.740000,1700243540,1700243648
orders-row-0002707,ord-0002707,ord-0002707,user-00207,books,wallet,shipped,3,60.400000,0.050000,172.140000,1700243630,1700243751
orders-row-0002708,ord-0002708,ord-0002708,user-00208,grocery,card,refunded,5,61.700000,0.000000,308.500000,1700243720,1700243854
orders-row-0002709,ord-0002709,ord-0002709,user-00209,apparel,paypal,completed,2,63.600000,0.150000,108.120000,1700243810,1700243957
orders-row-0002710,ord-0002710,ord-0002710,user-00210,home,bank_transfer,paid,4,65.200000,0.100000,234.720000,1700243900,1700244060
orders-row-0002711,ord-0002711,ord-0002711,user-00211,sports,wallet,pending,1,67.300000,0.050000,63.930000,1700243990,1700244163
orders-row-0002712,ord-0002712,ord-0002712,user-00212,electronics,card,shipped,3,68.700000,0.000000,206.100000,1700244080,1700244266
orders-row-0002713,ord-0002713,ord-0002713,user-00213,books,paypal,refunded,5,70.800000,0.150000,300.900000,1700244170,1700244369
orders-row-0002714,ord-0002714,ord-0002714,user-00214,grocery,bank_transfer,completed,2,72.200000,0.100000,129.960000,1700244260,1700244472
orders-row-0002715,ord-0002715,ord-0002715,user-00215,apparel,wallet,paid,4,73.600000,0.050000,279.680000,1700244350,1700244575
orders-row-0002716,ord-0002716,ord-0002716,user-00216,home,card,pending,1,76.100000,0.000000,76.100000,1700244440,1700244678
orders-row-0002717,ord-0002717,ord-0002717,user-00217,sports,paypal,shipped,3,77.400000,0.150000,197.370000,1700244530,1700244781
orders-row-0002718,ord-0002718,ord-0002718,user-00218,electronics,bank_transfer,refunded,5,8.600000,0.100000,38.700000,1700244620,1700244884
orders-row-0002719,ord-0002719,ord-0002719,user-00219,books,wallet,completed,2,10.700000,0.050000,20.330000,1700244710,1700244987
orders-row-0002720,ord-0002720,ord-0002720,user-00220,grocery,card,paid,4,12.100000,0.000000,48.400000,1700244800,1700245090
orders-row-0002721,ord-0002721,ord-0002721,user-00221,apparel,paypal,pending,1,14.000000,0.150000,11.900000,1700244890,1700245193
orders-row-0002722,ord-0002722,ord-0002722,user-00222,home,bank_transfer,shipped,3,15.500000,0.100000,41.850000,1700244980,1700245296
orders-row-0002723,ord-0002723,ord-0002723,user-00223,sports,wallet,refunded,5,17.900000,0.050000,85.020000,1700245070,1700245399
orders-row-0002724,ord-0002724,ord-0002724,user-00224,electronics,card,completed,2,19.000000,0.000000,38.000000,1700245160,1700245502
orders-row-0002725,ord-0002725,ord-0002725,user-00225,books,paypal,paid,4,20.800000,0.150000,70.720000,1700245250,1700245605
orders-row-0002726,ord-0002726,ord-0002726,user-00226,,bank_transfer,pending,1,22.700000,0.100000,20.430000,1700245340,1700245708
orders-row-0002727,ord-0002727,ord-0002727,user-00227,apparel,wallet,shipped,3,24.600000,0.050000,70.110000,1700245430,1700245811
orders-row-0002728,ord-0002728,ord-0002728,user-00228,home,card,refunded,5,26.000000,0.000000,130.000000,1700245520,1700245914
orders-row-0002729,ord-0002729,ord-0002729,user-00229,sports,paypal,completed,2,27.400000,0.150000,46.580000,1700245610,1700246017
orders-row-0002730,ord-0002730,ord-0002730,user-00230,electronics,bank_transfer,paid,4,29.600000,0.100000,106.560000,1700245700,1700246120
orders-row-0002731,ord-0002731,ord-0002731,user-00231,books,wallet,pending,1,31.100000,0.050000,29.550000,1700245790,1700246223
orders-row-0002732,ord-0002732,ord-0002732,user-00232,grocery,card,shipped,3,32.600000,0.000000,97.800000,1700245880,1700246326
orders-row-0002733,ord-0002733,ord-0002733,user-00233,apparel,paypal,refunded,5,34.800000,0.150000,147.900000,1700245970,1700246429
orders-row-0002734,ord-0002734,ord-0002734,user-00234,home,bank_transfer,completed,2,36.400000,0.100000,65.520000,1700246060,1700246532
orders-row-0002735,ord-0002735,ord-0002735,user-00235,sports,wallet,paid,4,38.400000,0.050000,145.920000,1700246150,1700246635
orders-row-0002736,ord-0002736,ord-0002736,user-00236,electronics,card,pending,1,39.200000,0.000000,39.200000,1700246240,1700246738
orders-row-0002737,ord-0002737,ord-0002737,user-00237,books,paypal,shipped,3,41.000000,0.150000,104.550000,1700246330,1700246841
orders-row-0002738,ord-0002738,ord-0002738,user-00238,grocery,bank_transfer,refunded,5,42.800000,0.100000,192.600000,1700246420,1700246944
orders-row-0002739,ord-0002739,ord-0002739,user-00239,apparel,wallet,completed,2,44.500000,0.050000,84.550000,1700246510,1700247047
orders-row-0002740,ord-0002740,ord-0002740,user-00240,home,card,paid,4,46.000000,0.000000,184.000000,1700246600,1700247150
orders-row-0002741,ord-0002741,ord-0002741,user-00241,sports,paypal,pending,1,48.000000,0.150000,40.800000,1700246690,1700247253
orders-row-0002742,ord-0002742,ord-0002742,user-00242,electronics,bank_transfer,shipped,3,50.200000,0.100000,135.540000,1700246780,1700247356
orders-row-0002743,ord-0002743,ord-0002743,user-00243,books,wallet,refunded,5,51.400000,0.050000,244.150000,1700246870,1700247459
orders-row-0002744,ord-0002744,ord-0002744,user-00244,grocery,card,completed,2,53.400000,0.000000,106.800000,1700246960,1700247562
orders-row-0002745,ord-0002745,ord-0002745,user-00245,apparel,paypal,paid,4,54.500000,0.150000,185.300000,1700247050,1700247665
orders-row-0002746,ord-0002746,ord-0002746,user-00246,home,bank_transfer,pending,1,56.400000,0.100000,50.760000,1700247140,1700247768
orders-row-0002747,ord-0002747,ord-0002747,user-00247,sports,wallet,shipped,3,58.000000,0.050000,165.300000,1700247230,1700247871
orders-row-0002748,ord-0002748,ord-0002748,user-00248,electronics,card,refunded,5,60.000000,0.000000,300.000000,1700247320,1700247974
orders-row-0002749,ord-0002749,ord-0002749,user-00249,books,paypal,completed,2,62.200000,0.150000,105.740000,1700247410,1700248077
orders-row-0002750,ord-0002750,ord-0002750,user-00000,grocery,bank_transfer,paid,4,63.100000,0.100000,227.160000,1700247500,1700248180
orders-row-0002751,ord-0002751,ord-0002751,user-00001,apparel,wallet,pending,1,64.900000,0.050000,61.660000,1700247590,1700248283
orders-row-0002752,ord-0002752,ord-0002752,user-00002,home,card,shipped,3,66.700000,0.000000,200.100000,1700247680,1700248386
orders-row-0002753,ord-0002753,ord-0002753,user-00003,sports,paypal,refunded,5,68.500000,0.150000,291.120000,1700247770,1700248489
orders-row-0002754,ord-0002754,ord-0002754,user-00004,electronics,bank_transfer,completed,2,70.400000,0.100000,126.720000,1700247860,1700248592
orders-row-0002755,ord-0002755,ord-0002755,user-00005,books,wallet,paid,4,72.400000,0.050000,275.120000,1700247950,1700248695
orders-row-0002756,ord-0002756,ord-0002756,user-00006,grocery,card,pending,1,73.900000,0.000000,73.900000,1700248040,1700248798
orders-row-0002757,ord-0002757,ord-0002757,user-00007,apparel,paypal,shipped,3,74.900000,0.150000,191.000000,1700248130,1700248901
orders-row-0002758,ord-0002758,ord-0002758,user-00008,home,bank_transfer,refunded,5,77.400000,0.100000,348.300000,1700248220,1700249004
orders-row-0002759,ord-0002759,ord-0002759,user-00009,sports,wallet,completed,2,8.400000,0.050000,15.960000,1700248310,1700249107
orders-row-0002760,ord-0002760,ord-0002760,user-00010,electronics,card,paid,4,10.700000,0.000000,42.800000,1700248400,1700249210
orders-row-0002761,ord-0002761,ord-0002761,user-00011,books,paypal,pending,1,12.200000,0.150000,10.370000,1700248490,1700249313
orders-row-0002762,ord-0002762,ord-0002762,user-00012,grocery,bank_transfer,shipped,3,13.600000,0.100000,36.720000,1700248580,1700249416
orders-row-0002763,ord-0002763,ord-0002763,user-00013,apparel,wallet,refunded,5,15.100000,0.050000,71.720000,1700248670,1700249519
orders-row-0002764,ord-0002764,ord-0002764,user-00014,home,card,completed,2,17.300000,0.000000,34.600000,1700248760,1700249622
orders-row-0002765,ord-0002765,ord-0002765,user-00015,sports,paypal,paid,4,18.600000,0.150000,63.240000,1700248850,1700249725
orders-row-0002766,ord-0002766,ord-0002766,user-00016,electronics,bank_transfer,pending,1,20.500000,0.100000,18.450000,1700248940,1700249828
orders-row-0002767,ord-0002767,ord-0002767,user-00017,books,wallet,shipped,3,22.800000,0.050000,64.980000,1700249030,1700249931
orders-row-0002768,ord-0002768,ord-0002768,user-00018,grocery,card,refunded,5,23.700000,0.000000,118.500000,1700249120,1700250034
orders-row-0002769,ord-0002769,ord-0002769,user-00019,apparel,paypal,completed,2,26.200000,0.150000,44.540000,1700249210,1700250137
orders-row-0002770,ord-0002770,ord-0002770,user-00020,home,bank_transfer,paid,4,27.100000,0.100000,97.560000,1700249300,1700249340
orders-row-0002771,ord-0002771,ord-0002771,user-00021,sports,wallet,pending,1,28.700000,0.050000,27.260000,1700249390,1700249443
orders-row-0002772,ord-0002772,ord-0002772,user-00022,electronics,card,shipped,3,31.000000,0.000000,93.000000,1700249480,1700249546
orders-row-0002773,ord-0002773,ord-0002773,user-00023,books,paypal,refunded,5,32.800000,0.150000,139.400000,1700249570,1700249649
orders-row-0002774,ord-0002774,ord-0002774,user-00024,grocery,bank_transfer,completed,2,33.900000,0.100000,61.020000,1700249660,1700249752
orders-row-0002775,ord-0002775,ord-0002775,user-00025,apparel,wallet,paid,4,35.700000,0.050000,135.660000,1700249750,1700249855
orders-row-0002776,ord-0002776,ord-0002776,user-00026,home,card,pending,1,37.900000,0.000000,37.900000,1700249840,1700249958
orders-row-0002777,ord-0002777,ord-0002777,user-00027,sports,paypal,shipped,3,39.000000,0.150000,99.450000,1700249930,1700250061
orders-row-0002778,ord-0002778,ord-0002778,user-00028,electronics,bank_transfer,refunded,5,40.600000,0.100000,182.700000,1700250020,1700250164
orders-row-0002779,ord-0002779,ord-0002779,user-00029,books,wallet,completed,2,42.500000,0.050000,80.750000,1700250110,1700250267
orders-row-0002780,ord-0002780,ord-0002780,user-00030,grocery,card,paid,4,44.500000,0.000000,178.000000,1700250200,1700250370
orders-row-0002781,ord-0002781,ord-0002781,user-00031,apparel,paypal,pending,1,46.000000,0.150000,39.100000,1700250290,1700250473
orders-row-0002782,ord-0002782,ord-0002782,user-00032,home,bank_transfer,shipped,3,47.800000,0.100000,129.060000,1700250380,1700250576
orders-row-0002783,ord-0002783,ord-0002783,user-00033,sports,wallet,refunded,5,50.000000,0.050000,237.500000,1700250470,1700250679
orders-row-0002784,ord-0002784,ord-0002784,user-00034,electronics,card,completed,2,51.300000,0.000000,102.600000,1700250560,1700250782
orders-row-0002785,ord-0002785,ord-0002785,user-00035,books,paypal,paid,4,53.400000,0.150000,181.560000,1700250650,1700250885
orders-row-0002786,ord-0002786,ord-0002786,user-00036,grocery,bank_transfer,pending,1,54.800000,0.100000,49.320000,1700250740,1700250988
orders-row-0002787,ord-0002787,ord-0002787,user-00037,apparel,wallet,shipped,3,56.300000,0.050000,160.450000,1700250830,1700251091
orders-row-0002788,ord-0002788,ord-0002788,user-00038,home,card,refunded,5,57.600000,0.000000,288.000000,1700250920,1700251194
orders-row-0002789,ord-0002789,ord-0002789,user-00039,sports,paypal,completed,2,59.700000,0.150000,101.490000,1700251010,1700251297
orders-row-0002790,ord-0002790,ord-0002790,user-00040,electronics,bank_transfer,paid,4,61.900000,0.100000,222.840000,1700251100,1700251400
orders-row-0002791,ord-0002791,ord-0002791,user-00041,books,wallet,pending,1,63.200000,0.050000,60.040000,1700251190,1700251503
orders-row-0002792,ord-0002792,ord-0002792,user-00042,grocery,card,shipped,3,64.900000,0.000000,194.700000,1700251280,1700251606
orders-row-0002793,ord-0002793,ord-0002793,user-00043,apparel,paypal,refunded,5,66.400000,0.150000,282.200000,1700251370,1700251709
orders-row-0002794,ord-0002794,ord-0002794,user-00044,home,bank_transfer,completed,2,67.900000,0.100000,122.220000,1700251460,1700251812
orders-row-0002795,ord-0002795,ord-0002795,user-00045,sports,wallet,paid,4,70.000000,0.050000,266.000000,1700251550,1700251915
orders-row-0002796,ord-0002796,ord-0002796,user-00046,electronics,card,pending,1,71.300000,0.000000,71.300000,1700251640,1700252018
orders-row-0002797,ord-0002797,ord-0002797,user-00047,books,paypal,shipped,3,73.400000,0.150000,187.170000,1700251730,1700252121
orders-row-0002798,ord-0002798,ord-0002798,user-00048,grocery,bank_transfer,refunded,5,75.100000,0.100000,337.950000,1700251820,1700252224
orders-row-0002799,ord-0002799,ord-0002799,user-00049,apparel,wallet,completed,2,76.600000,0.050000,145.540000,1700251910,1700252327
orders-row-0002800,ord-0002800,ord-0002800,user-00050,home,card,paid,4,8.000000,0.000000,32.000000,1700252000,1700252430
orders-row-0002801,ord-0002801,ord-0002801,user-00051,sports,paypal,pending,1,9.700000,0.150000,8.240000,1700252090,1700252533
orders-row-0002802,ord-0002802,ord-0002802,user-00052,electronics,bank_transfer,shipped,3,12.100000,0.100000,32.670000,1700252180,1700252636
orders-row-0002803,ord-0002803,ord-0002803,user-00053,books,wallet,refunded,5,13.800000,0.050000,65.550000,1700252270,1700252739
orders-row-0002804,ord-0002804,ord-0002804,user-00054,grocery,card,completed,2,15.200000,0.000000,30.400000,1700252360,1700252842
orders-row-0002805,ord-0002805,ord-0002805,user-00055,apparel,paypal,paid,4,16.500000,0.150000,56.100000,1700252450,1700252945
orders-row-0002806,ord-0002806,ord-0002806,user-00056,home,bank_transfer,pending,1,18.400000,0.100000,16.560000,1700252540,1700253048
orders-row-0002807,ord-0002807,ord-0002807,user-00057,sports,wallet,shipped,3,20.700000,0.050000,58.990000,1700252630,1700253151
orders-row-0002808,ord-0002808,ord-0002808,user-00058,electronics,card,refunded,5,22.200000,0.000000,111.000000,1700252720,1700253254
orders-row-0002809,ord-0002809,ord-0002809,user-00059,books,paypal,completed,2,23.900000,0.150000,40.630000,1700252810,1700253357
orders-row-0002810,ord-0002810,ord-0002810,user-00060,grocery,bank_transfer,paid,4,25.300000,0.100000,91.080000,1700252900,1700253460
orders-row-0002811,ord-0002811,ord-0002811,user-00061,apparel,wallet,pending,1,27.300000,0.050000,25.930000,1700252990,1700253563
orders-row-0002812,ord-0002812,ord-0002812,user-00062,home,card,shipped,3,29.300000,0.000000,87.900000,1700253080,1700253666
orders-row-0002813,ord-0002813,ord-0002813,user-00063,sports,paypal,refunded,5,30.500000,0.150000,129.620000,1700253170,1700253769
orders-row-0002814,ord-0002814,ord-0002814,user-00064,electronics,bank_transfer,completed,2,32.200000,0.100000,57.960000,1700253260,1700253872
orders-row-0002815,ord-0002815,ord-0002815,user-00065,books,wallet,paid,4,34.200000,0.050000,129.960000,1700253350,1700253975
orders-row-0002816,ord-0002816,ord-0002816,user-00066,grocery,card,pending,1,36.100000,0.000000,36.100000,1700253440,1700254078
orders-row-0002817,ord-0002817,ord-0002817,user-00067,apparel,paypal,shipped,3,37.800000,0.150000,96.390000,1700253530,1700254181
orders-row-0002818,ord-0002818,ord-0002818,user-00068,home,bank_transfer,refunded,5,39.000000,0.100000,175.500000,1700253620,1700254284
orders-row-0002819,ord-0002819,ord-0002819,user-00069,sports,wallet,completed,2,41.200000,0.050000,78.280000,1700253710,1700254387
orders-row-0002820,ord-0002820,ord-0002820,user-00070,electronics,card,paid,4,42.700000,0.000000,170.800000,1700253800,1700254490
orders-row-0002821,ord-0002821,ord-0002821,user-00071,books,paypal,pending,1,44.000000,0.150000,37.400000,1700253890,1700254593
orders-row-0002822,ord-0002822,ord-0002822,user-00072,grocery,bank_transfer,shipped,3,45.600000,0.100000,123.120000,1700253980,1700254696
orders-row-0002823,ord-0002823,ord-0002823,user-00073,apparel,wallet,refunded,5,47.900000,0.050000,227.520000,1700254070,1700254799
orders-row-0002824,ord-0002824,ord-0002824,user-00074,home,card,completed,2,49.700000,0.000000,99.400000,1700254160,1700254902
orders-row-0002825,ord-0002825,ord-0002825,user-00075,sports,paypal,paid,4,51.400000,0.150000,174.760000,1700254250,1700255005
orders-row-0002826,ord-0002826,ord-0002826,user-00076,electronics,bank_transfer,pending,1,52.500000,0.100000,47.250000,1700254340,1700255108
orders-row-0002827,ord-0002827,ord-0002827,user-00077,books,wallet,shipped,3,54.800000,0.050000,156.180000,1700254430,1700255211
orders-row-0002828,ord-0002828,ord-0002828,user-00078,grocery,card,refunded,5,56.500000,0.000000,282.500000,1700254520,1700255314
orders-row-0002829,ord-0002829,ord-0002829,user-00079,apparel,paypal,completed,2,57.500000,0.150000,97.750000,1700254610,1700255417
orders-row-0002830,ord-0002830,ord-0002830,user-00080,home,bank_transfer,paid,4,59.200000,0.100000,213.120000,1700254700,1700255520
orders-row-0002831,ord-0002831,ord-0002831,user-00081,sports,wallet,pending,1,61.400000,0.050000,58.330000,1700254790,1700255623
orders-row-0002832,ord-0002832,ord-0002832,user-00082,electronics,card,shipped,3,62.400000,0.000000,187.200000,1700254880,1700255726
orders-row-0002833,ord-0002833,ord-0002833,user-00083,books,paypal,refunded,5,65.000000,0.150000,276.250000,1700254970,1700255829
orders-row-0002834,ord-0002834,ord-0002834,user-00084,grocery,bank_transfer,completed,2,65.800000,0.100000,118.440000,1700255060,1700255932
orders-row-0002835,ord-0002835,ord-0002835,user-00085,apparel,wallet,paid,4,68.200000,0.050000,259.160000,1700255150,1700256035
orders-row-0002836,ord-0002836,ord-0002836,user-00086,home,card,pending,1,69.900000,0.000000,69.900000,1700255240,1700256138
orders-row-0002837,ord-0002837,ord-0002837,user-00087,sports,paypal,shipped,3,71.300000,0.150000,181.810000,1700255330,1700256241
orders-row-0002838,ord-0002838,ord-0002838,user-00088,electronics,bank_transfer,refunded,5,72.700000,0.100000,327.150000,1700255420,1700256344
orders-row-0002839,ord-0002839,ord-0002839,user-00089,books,wallet,completed,2,74.300000,0.050000,141.170000,1700255510,1700255547
orders-row-0002840,ord-0002840,ord-0002840,user-00090,grocery,card,paid,4,76.400000,0.000000,305.600000,1700255600,1700255650
orders-row-0002841,ord-0002841,ord-0002841,user-00091,apparel,paypal,pending,1,8.200000,0.150000,6.970000,1700255690,1700255753
orders-row-0002842,ord-0002842,ord-0002842,user-00092,home,bank_transfer,shipped,3,9.500000,0.100000,25.650000,1700255780,1700255856
orders-row-0002843,ord-0002843,ord-0002843,user-00093,sports,wallet,refunded,5,11.200000,0.050000,53.200000,1700255870,1700255959
orders-row-0002844,ord-0002844,ord-0002844,user-00094,electronics,card,completed,2,13.700000,0.000000,27.400000,1700255960,1700256062
orders-row-0002845,ord-0002845,ord-0002845,user-00095,books,paypal,paid,4,15.100000,0.150000,51.340000,1700256050,1700256165
orders-row-0002846,ord-0002846,ord-0002846,user-00096,grocery,bank_transfer,pending,1,17.000000,0.100000,15.300000,1700256140,1700256268
orders-row-0002847,ord-0002847,ord-0002847,user-00097,apparel,wallet,shipped,3,18.600000,0.050000,53.010000,1700256230,1700256371
orders-row-0002848,ord-0002848,ord-0002848,user-00098,home,card,refunded,5,19.600000,0.000000,98.000000,1700256320,1700256474
orders-row-0002849,ord-0002849,ord-0002849,user-00099,sports,paypal,completed,2,22.200000,0.150000,37.740000,1700256410,1700256577
orders-row-0002850,ord-0002850,ord-0002850,user-00100,electronics,bank_transfer,paid,4,23.600000,0.100000,84.960000,1700256500,1700256680
orders-row-0002851,ord-0002851,ord-0002851,user-00101,books,wallet,pending,1,25.600000,0.050000,24.320000,1700256590,1700256783
orders-row-0002852,ord-0002852,ord-0002852,user-00102,grocery,card,shipped,3,26.500000,0.000000,79.500000,1700256680,1700256886
orders-row-0002853,ord-0002853,ord-0002853,user-00103,apparel,paypal,refunded,5,28.400000,0.150000,120.700000,1700256770,1700256989
orders-row-0002854,ord-0002854,ord-0002854,user-00104,home,bank_transfer,completed,2,30.400000,0.100000,54.720000,1700256860,1700257092
orders-row-0002855,ord-0002855,ord-0002855,user-00105,sports,wallet,paid,4,31.900000,0.050000,121.220000,1700256950,1700257195
orders-row-0002856,ord-0002856,ord-0002856,user-00106,electronics,card,pending,1,34.100000,0.000000,34.100000,1700257040,1700257298
orders-row-0002857,ord-0002857,ord-0002857,user-00107,books,paypal,shipped,3,35.400000,0.150000,90.270000,1700257130,1700257401
orders-row-0002858,ord-0002858,ord-0002858,user-00108,grocery,bank_transfer,refunded,5,36.600000,0.100000,164.700000,1700257220,1700257504
orders-row-0002859,ord-0002859,ord-0002859,user-00109,apparel,wallet,completed,2,38.600000,0.050000,73.340000,1700257310,1700257607
orders-row-0002860,ord-0002860,ord-0002860,user-00110,home,card,paid,4,40.700000,0.000000,162.800000,1700257400,1700257710
orders-row-0002861,ord-0002861,ord-0002861,user-00111,sports,paypal,pending,1,42.600000,0.150000,36.210000,1700257490,1700257813
orders-row-0002862,ord-0002862,ord-0002862,user-00112,electronics,bank_transfer,shipped,3,43.800000,0.100000,118.260000,1700257580,1700257916
orders-row-0002863,ord-0002863,ord-0002863,user-00113,books,wallet,refunded,5,46.000000,0.050000,218.500000,1700257670,1700258019
orders-row-0002864,ord-0002864,ord-0002864,user-00114,grocery,card,completed,2,47.000000,0.000000,94.000000,1700257760,1700258122
orders-row-0002865,ord-0002865,ord-0002865,user-00115,apparel,paypal,paid,4,49.000000,0.150000,166.600000,1700257850,1700258225
orders-row-0002866,ord-0002866,ord-0002866,user-00116,home,bank_transfer,pending,1,50.500000,0.100000,45.450000,1700257940,1700258328
orders-row-0002867,ord-0002867,ord-0002867,user-00117,sports,wallet,shipped,3,52.200000,0.050000,148.770000,1700258030,1700258431
orders-row-0002868,ord-0002868,ord-0002868,user-00118,electronics,card,refunded,5,54.000000,0.000000,270.000000,1700258120,1700258534
orders-row-0002869,ord-0002869,ord-0002869,user-00119,books,paypal,completed,2,55.800000,0.150000,94.860000,1700258210,1700258637
orders-row-0002870,ord-0002870,ord-0002870,user-00120,grocery,bank_transfer,paid,4,57.000000,0.100000,205.200000,1700258300,1700258740
orders-row-0002871,ord-0002871,ord-0002871,user-00121,apparel,wallet,pending,1,58.900000,0.050000,55.950000,1700258390,1700258843
orders-row-0002872,ord-0002872,ord-0002872,user-00122,home,card,shipped,3,60.400000,0.000000,181.200000,1700258480,1700258946
orders-row-0002873,ord-0002873,ord-0002873,user-00123,sports,paypal,refunded,5,62.700000,0.150000,266.470000,1700258570,1700259049
orders-row-0002874,ord-0002874,ord-0002874,user-00124,electronics,bank_transfer,completed,2,64.200000,0.100000,115.560000,1700258660,1700259152
orders-row-0002875,ord-0002875,ord-0002875,user-00125,books,wallet,paid,4,65.600000,0.050000,249.280000,1700258750,1700259255
orders-row-0002876,ord-0002876,ord-0002876,user-00126,grocery,card,pending,1,67.400000,0.000000,67.400000,1700258840,1700259358
orders-row-0002877,ord-0002877,ord-0002877,user-00127,apparel,paypal,shipped,3,69.500000,0.150000,177.220000,1700258930,1700259461
orders-row-0002878,ord-0002878,ord-0002878,user-00128,home,bank_transfer,refunded,5,71.300000,0.100000,320.850000,1700259020,1700259564
orders-row-0002879,ord-0002879,ord-0002879,user-00129,sports,wallet,completed,2,72.500000,0.050000,137.750000,1700259110,1700259667
orders-row-0002880,ord-0002880,ord-0002880,user-00130,electronics,card,paid,4,74.100000,0.000000,296.400000,1700259200,1700259770
orders-row-0002881,ord-0002881,ord-0002881,user-00131,books,paypal,pending,1,76.600000,0.150000,65.110000,1700259290,1700259873
orders-row-0002882,ord-0002882,ord-0002882,user-00132,grocery,bank_transfer,shipped,3,77.700000,0.100000,209.790000,1700259380,1700259976
orders-row-0002883,ord-0002883,ord-0002883,user-00133,apparel,wallet,refunded,5,9.900000,0.050000,47.020000,1700259470,1700260079
orders-row-0002884,ord-0002884,ord-0002884,user-00134,home,card,completed,2,11.700000,0.000000,23.400000,1700259560,1700260182
orders-row-0002885,ord-0002885,ord-0002885,user-00135,sports,paypal,paid,4,13.100000,0.150000,44.540000,1700259650,1700260285
orders-row-0002886,ord-0002886,ord-0002886,user-00136,electronics,bank_transfer,pending,1,14.700000,0.100000,13.230000,1700259740,1700260388
orders-row-0002887,ord-0002887,ord-0002887,user-00137,books,wallet,shipped,3,16.700000,0.050000,47.590000,1700259830,1700260491
orders-row-0002888,ord-0002888,ord-0002888,user-00138,grocery,card,refunded,5,18.000000,0.000000,90.000000,1700259920,1700260594
orders-row-0002889,ord-0002889,ord-0002889,user-00139,apparel,paypal,completed,2,20.200000,0.150000,34.340000,1700260010,1700260697
orders-row-0002890,ord-0002890,ord-0002890,user-00140,home,bank_transfer,paid,4,21.100000,0.100000,75.960000,1700260100,1700260800
orders-row-0002891,ord-0002891,ord-0002891,user-00141,sports,wallet,pending,1,23.300000,0.050000,22.130000,1700260190,1700260903
orders-row-0002892,ord-0002892,ord-0002892,user-00142,electronics,card,shipped,3,25.300000,0.000000,75.900000,1700260280,1700261006
orders-row-0002893,ord-0002893,ord-0002893,user-00143,books,paypal,refunded,5,26.200000,0.150000,111.350000,1700260370,1700261109
orders-row-0002894,ord-0002894,ord-0002894,user-00144,grocery,bank_transfer,completed,2,28.000000,0.100000,50.400000,1700260460,1700261212
orders-row-0002895,ord-0002895,ord-0002895,user-00145,apparel,wallet,paid,4,29.500000,0.050000,112.100000,1700260550,1700261315
orders-row-0002896,ord-0002896,ord-0002896,user-00146,home,card,pending,1,32.100000,0.000000,32.100000,1700260640,1700261418
orders-row-0002897,ord-0002897,ord-0002897,user-00147,sports,paypal,shipped,3,33.100000,0.150000,84.410000,1700260730,1700261521
orders-row-0002898,ord-0002898,ord-0002898,user-00148,electronics,bank_transfer,refunded,5,35.300000,0.100000,158.850000,1700260820,1700261624
orders-row-0002899,ord-0002899,ord-0002899,user-00149,books,wallet,completed,2,37.000000,0.050000,70.300000,1700260910,1700261727
orders-row-0002900,ord-0002900,ord-0002900,user-00150,grocery,card,paid,4,38.700000,0.000000,154.800000,1700261000,1700261830
orders-row-0002901,ord-0002901,ord-0002901,user-00151,apparel,paypal,pending,1,39.800000,0.150000,33.830000,1700261090,1700261933
orders-row-0002902,ord-0002902,ord-0002902,user-00152,home,bank_transfer,shipped,3,41.900000,0.100000,113.130000,1700261180,1700262036
orders-row-0002903,ord-0002903,ord-0002903,user-00153,sports,wallet,refunded,5,43.700000,0.050000,207.570000,1700261270,1700262139
orders-row-0002904,ord-0002904,ord-0002904,user-00154,electronics,card,completed,2,45.100000,0.000000,90.200000,1700261360,1700262242
orders-row-0002905,ord-0002905,ord-0002905,user-00155,books,paypal,paid,4,46.800000,0.150000,159.120000,1700261450,1700262345
orders-row-0002906,ord-0002906,ord-0002906,user-00156,grocery,bank_transfer,pending,1,48.400000,0.100000,43.560000,1700261540,1700262448
orders-row-0002907,ord-0002907,ord-0002907,user-00157,apparel,wallet,shipped,3,50.600000,0.050000,144.210000,1700261630,1700262551
orders-row-0002908,ord-0002908,ord-0002908,user-00158,home,card,refunded,5,51.700000,0.000000,258.500000,1700261720,1700261754
orders-row-0002909,ord-0002909,ord-0002909,user-00159,sports,paypal,completed,2,53.900000,0.150000,91.630000,1700261810,1700261857
orders-row-0002910,ord-0002910,ord-0002910,user-00160,electronics,bank_transfer,paid,4,55.200000,0.100000,198.720000,1700261900,1700261960
orders-row-0002911,ord-0002911,ord-0002911,user-00161,books,wallet,pending,1,57.100000,0.050000,54.240000,1700261990,1700262063
orders-row-0002912,ord-0002912,ord-0002912,user-00162,grocery,card,shipped,3,58.700000,0.000000,176.100000,1700262080,1700262166
orders-row-0002913,ord-0002913,ord-0002913,user-00163,apparel,paypal,refunded,5,60.800000,0.150000,258.400000,1700262170,1700262269
orders-row-0002914,ord-0002914,ord-0002914,user-00164,home,bank_transfer,completed,2,61.800000,0.100000,111.240000,1700262260,1700262372
orders-row-0002915,ord-0002915,ord-0002915,user-00165,sports,wallet,paid,4,64.100000,0.050000,243.580000,1700262350,1700262475
orders-row-0002916,ord-0002916,ord-0002916,user-00166,electronics,card,pending,1,65.700000,0.000000,65.700000,1700262440,1700262578
orders-row-0002917,ord-0002917,ord-0002917,user-00167,books,paypal,shipped,3,67.600000,0.150000,172.380000,1700262530,1700262681
orders-row-0002918,ord-0002918,ord-0002918,user-00168,grocery,bank_transfer,refunded,5,69.500000,0.100000,312.750000,1700262620,1700262784
orders-row-0002919,ord-0002919,ord-0002919,user-00169,apparel,wallet,completed,2,70.400000,0.050000,133.760000,1700262710,1700262887
orders-row-0002920,ord-0002920,ord-0002920,user-00170,home,card,paid,4,72.400000,0.000000,289.600000,1700262800,1700262990
orders-row-0002921,ord-0002921,ord-0002921,user-00171,sports,paypal,pending,1,74.500000,0.150000,63.320000,1700262890,1700263093
orders-row-0002922,ord-0002922,ord-0002922,user-00172,electronics,bank_transfer,shipped,3,76.100000,0.100000,205.470000,1700262980,1700263196
orders-row-0002923,ord-0002923,ord-0002923,user-00173,books,wallet,refunded,5,77.300000,0.050000,367.170000,1700263070,1700263299
orders-row-0002924,ord-0002924,ord-0002924,user-00174,grocery,card,completed,2,9.700000,0.000000,19.400000,1700263160,1700263402
orders-row-0002925,ord-0002925,ord-0002925,user-00175,apparel,paypal,paid,4,11.200000,0.150000,38.080000,1700263250,1700263505
orders-row-0002926,ord-0002926,ord-0002926,user-00176,home,bank_transfer,pending,1,13.100000,0.100000,11.790000,1700263340,1700263608
orders-row-0002927,ord-0002927,ord-0002927,user-00177,sports,wallet,shipped,3,13.900000,0.050000,39.620000,1700263430,1700263711
orders-row-0002928,ord-0002928,ord-0002928,user-00178,electronics,card,refunded,5,16.400000,0.000000,82.000000,1700263520,1700263814
orders-row-0002929,ord-0002929,ord-0002929,user-00179,books,paypal,completed,2,17.400000,0.150000,29.580000,1700263610,1700263917
orders-row-0002930,ord-0002930,ord-0002930,user-00180,grocery,bank_transfer,paid,4,19.100000,0.100000,68.760000,1700263700,1700264020
orders-row-0002931,ord-0002931,ord-0002931,user-00181,apparel,wallet,pending,1,21.400000,0.050000,20.330000,1700263790,1700264123
orders-row-0002932,ord-0002932,ord-0002932,user-00182,home,card,shipped,3,23.300000,0.000000,69.900000,1700263880,1700264226
orders-row-0002933,ord-0002933,ord-0002933,user-00183,sports,paypal,refunded,5,24.600000,0.150000,104.550000,1700263970,1700264329
orders-row-0002934,ord-0002934,ord-0002934,user-00184,electronics,bank_transfer,completed,2,26.000000,0.100000,46.800000,1700264060,1700264432
orders-row-0002935,ord-0002935,ord-0002935,user-00185,books,wallet,paid,4,27.500000,0.050000,104.500000,1700264150,1700264535
orders-row-0002936,ord-0002936,ord-0002936,user-00186,grocery,card,pending,1,29.800000,0.000000,29.800000,1700264240,1700264638
orders-row-0002937,ord-0002937,ord-0002937,user-00187,apparel,paypal,shipped,3,31.500000,0.150000,80.330000,1700264330,1700264741
orders-row-0002938,ord-0002938,ord-0002938,user-00188,home,bank_transfer,refunded,5,33.500000,0.100000,150.750000,1700264420,1700264844
orders-row-0002939,ord-0002939,ord-0002939,user-00189,sports,wallet,completed,2,34.300000,0.050000,65.170000,1700264510,1700264947
orders-row-0002940,ord-0002940,ord-0002940,user-00190,electronics,card,paid,4,36.800000,0.000000,147.200000,1700264600,1700265050
orders-row-0002941,ord-0002941,ord-0002941,user-00191,books,paypal,pending,1,38.000000,0.150000,32.300000,1700264690,1700265153
orders-row-0002942,ord-0002942,ord-0002942,user-00192,grocery,bank_transfer,shipped,3,40.100000,0.100000,108.270000,1700264780,1700265256
orders-row-0002943,ord-0002943,ord-0002943,user-00193,apparel,wallet,refunded,5,41.500000,0.050000,197.120000,1700264870,1700265359
orders-row-0002944,ord-0002944,ord-0002944,user-00194,home,card,completed,2,42.900000,0.000000,85.800000,1700264960,1700265462
orders-row-0002945,ord-0002945,ord-0002945,user-00195,sports,paypal,paid,4,45.300000,0.150000,154.020000,1700265050,1700265565
orders-row-0002946,ord-0002946,ord-0002946,user-00196,electronics,bank_transfer,pending,1,46.300000,0.100000,41.670000,1700265140,1700265668
orders-row-0002947,ord-0002947,ord-0002947,user-00197,books,wallet,shipped,3,48.800000,0.050000,139.080000,1700265230,1700265771
orders-row-0002948,ord-0002948,ord-0002948,user-00198,grocery,card,refunded,5,50.400000,0.000000,252.000000,1700265320,1700265874
orders-row-0002949,ord-0002949,ord-0002949,user-00199,apparel,paypal,completed,2,51.700000,0.150000,87.890000,1700265410,1700265977
orders-row-0002950,ord-0002950,ord-0002950,user-00200,home,bank_transfer,paid,4,53.500000,0.100000,192.600000,1700265500,1700266080
orders-row-0002951,ord-0002951,ord-0002951,user-00201,sports,wallet,pending,1,55.300000,0.050000,52.530000,1700265590,1700266183
orders-row-0002952,ord-0002952,ord-0002952,user-00202,electronics,card,shipped,3,56.500000,0.000000,169.500000,1700265680,1700266286
orders-row-0002953,ord-0002953,ord-0002953,user-00203,books,paypal,refunded,5,59.000000,0.150000,250.750000,1700265770,1700266389
orders-row-0002954,ord-0002954,ord-0002954,user-00204,grocery,bank_transfer,completed,2,59.900000,0.100000,107.820000,1700265860,1700266492
orders-row-0002955,ord-0002955,ord-0002955,user-00205,apparel,wallet,paid,4,62.100000,0.050000,235.980000,1700265950,1700266595
orders-row-0002956,ord-0002956,ord-0002956,user-00206,home,card,pending,1,63.200000,0.000000,63.200000,1700266040,1700266698
orders-row-0002957,ord-0002957,ord-0002957,user-00207,sports,paypal,shipped,3,65.100000,0.150000,166.000000,1700266130,1700266801
orders-row-0002958,ord-0002958,ord-0002958,user-00208,electronics,bank_transfer,refunded,5,67.100000,0.100000,301.950000,1700266220,1700266904
orders-row-0002959,ord-0002959,ord-0002959,user-00209,books,wallet,completed,2,69.100000,0.050000,131.290000,1700266310,1700267007
orders-row-0002960,ord-0002960,ord-0002960,user-00210,grocery,card,paid,4,70.700000,0.000000,282.800000,1700266400,1700267110
orders-row-0002961,ord-0002961,ord-0002961,user-00211,apparel,paypal,pending,1,72.000000,0.150000,61.200000,1700266490,1700267213
orders-row-0002962,ord-0002962,ord-0002962,user-00212,home,bank_transfer,shipped,3,73.400000,0.100000,198.180000,1700266580,1700267316
orders-row-0002963,ord-0002963,ord-0002963,user-00213,sports,wallet,refunded,5,75.400000,0.050000,358.150000,1700266670,1700267419
orders-row-0002964,ord-0002964,ord-0002964,user-00214,electronics,card,completed,2,77.300000,0.000000,154.600000,1700266760,1700267522
orders-row-0002965,ord-0002965,ord-0002965,user-00215,books,paypal,paid,4,9.100000,0.150000,30.940000,1700266850,1700267625
orders-row-0002966,ord-0002966,ord-0002966,user-00216,grocery,bank_transfer,pending,1,10.900000,0.100000,9.810000,1700266940,1700267728
orders-row-0002967,ord-0002967,ord-0002967,user-00217,apparel,wallet,shipped,3,12.200000,0.050000,34.770000,1700267030,1700267831
orders-row-0002968,ord-0002968,ord-0002968,user-00218,home,card,refunded,5,14.300000,0.000000,71.500000,1700267120,1700267934
orders-row-0002969,ord-0002969,ord-0002969,user-00219,sports,paypal,completed,2,15.500000,0.150000,26.350000,1700267210,1700268037
orders-row-0002970,ord-0002970,ord-0002970,user-00220,electronics,bank_transfer,paid,4,17.400000,0.100000,62.640000,1700267300,1700268140
orders-row-0002971,ord-0002971,ord-0002971,user-00221,books,wallet,pending,1,18.900000,0.050000,17.950000,1700267390,1700268243
orders-row-0002972,ord-0002972,ord-0002972,user-00222,grocery,card,shipped,3,21.000000,0.000000,63.000000,1700267480,1700268346
orders-row-0002973,ord-0002973,ord-0002973,user-00223,apparel,paypal,refunded,5,22.700000,0.150000,96.470000,1700267570,1700268449
orders-row-0002974,ord-0002974,ord-0002974,user-00224,home,bank_transfer,completed,2,24.500000,0.100000,44.100000,1700267660,1700268552
orders-row-0002975,ord-0002975,ord-0002975,user-00225,sports,wallet,paid,4,26.200000,0.050000,99.560000,1700267750,1700268655
orders-row-0002976,ord-0002976,ord-0002976,user-00226,electronics,card,pending,1,28.100000,0.000000,28.100000,1700267840,1700268758
orders-row-0002977,ord-0002977,ord-0002977,user-00227,books,paypal,shipped,3,29.100000,0.150000,74.210000,1700267930,1700267961
orders-row-0002978,ord-0002978,ord-0002978,user-00228,grocery,bank_transfer,refunded,5,30.600000,0.100000,137.700000,1700268020,1700268064
orders-row-0002979,ord-0002979,ord-0002979,user-00229,apparel,wallet,completed,2,32.400000,0.050000,61.560000,1700268110,1700268167
orders-row-0002980,ord-0002980,ord-0002980,user-00230,home,card,paid,4,34.200000,0.000000,136.800000,1700268200,1700268270
orders-row-0002981,ord-0002981,ord-0002981,user-00231,sports,paypal,pending,1,36.300000,0.150000,30.850000,1700268290,1700268373
orders-row-0002982,ord-0002982,ord-0002982,user-00232,electronics,bank_transfer,shipped,3,37.500000,0.100000,101.250000,1700268380,1700268476
orders-row-0002983,ord-0002983,ord-0002983,user-00233,books,wallet,refunded,5,39.800000,0.050000,189.050000,1700268470,1700268579
orders-row-0002984,ord-0002984,ord-0002984,user-00234,grocery,card,completed,2,41.700000,0.000000,83.400000,1700268560,1700268682
orders-row-0002985,ord-0002985,ord-0002985,user-00235,apparel,paypal,paid,4,42.600000,0.150000,144.840000,1700268650,1700268785
orders-row-0002986,ord-0002986,ord-0002986,user-00236,home,bank_transfer,pending,1,44.800000,0.100000,40.320000,1700268740,1700268888
orders-row-0002987,ord-0002987,ord-0002987,user-00237,sports,wallet,shipped,3,46.500000,0.050000,132.530000,1700268830,1700268991
orders-row-0002988,ord-0002988,ord-0002988,user-00238,electronics,card,refunded,5,47.600000,0.000000,238.000000,1700268920,1700269094
orders-row-0002989,ord-0002989,ord-0002989,user-00239,books,paypal,completed,2,49.800000,0.150000,84.660000,1700269010,1700269197
orders-row-0002990,ord-0002990,ord-0002990,user-00240,grocery,bank_transfer,paid,4,51.900000,0.100000,186.840000,1700269100,1700269300
orders-row-0002991,ord-0002991,ord-0002991,user-00241,apparel,wallet,pending,1,53.600000,0.050000,50.920000,1700269190,1700269403
orders-row-0002992,ord-0002992,ord-0002992,user-00242,home,card,shipped,3,55.100000,0.000000,165.300000,1700269280,1700269506
orders-row-0002993,ord-0002993,ord-0002993,user-00243,sports,paypal,refunded,5,56.600000,0.150000,240.550000,1700269370,1700269609
orders-row-0002994,ord-0002994,ord-0002994,user-00244,electronics,bank_transfer,completed,2,58.200000,0.100000,104.760000,1700269460,1700269712
orders-row-0002995,ord-0002995,ord-0002995,user-00245,books,wallet,paid,4,59.600000,0.050000,226.480000,1700269550,1700269815
orders-row-0002996,ord-0002996,ord-0002996,user-00246,grocery,card,pending,1,61.200000,0.000000,61.200000,1700269640,1700269918
orders-row-0002997,ord-0002997,ord-0002997,user-00247,apparel,paypal,shipped,3,63.600000,0.150000,162.180000,1700269730,1700270021
orders-row-0002998,ord-0002998,ord-0002998,user-00248,home,bank_transfer,refunded,5,65.400000,0.100000,294.300000,1700269820,1700270124
orders-row-0002999,ord-0002999,ord-0002999,user-00249,sports,wallet,completed,2,66.800000,0.050000,126.920000,1700269910,1700270227
orders-row-0003000,ord-0003000,ord-0003000,user-00000,electronics,__CD_RARE_ORDERS_TRANSACTIONS_PAYMENT_METHOD_000__,paid,4,68.700000,0.000000,274.800000,1700270000,1700270330
orders-row-0003001,ord-0003001,ord-0003001,user-00001,books,paypal,pending,1,70.200000,0.150000,59.670000,1700270090,1700270433
orders-row-0003002,ord-0003002,ord-0003002,user-00002,grocery,bank_transfer,shipped,3,71.500000,0.100000,193.050000,1700270180,1700270536
orders-row-0003003,ord-0003003,ord-0003003,user-00003,apparel,wallet,refunded,5,73.300000,0.050000,348.180000,1700270270,1700270639
orders-row-0003004,ord-0003004,ord-0003004,user-00004,home,card,completed,2,75.400000,0.000000,150.800000,1700270360,1700270742
orders-row-0003005,ord-0003005,ord-0003005,user-00005,sports,paypal,paid,4,77.300000,0.150000,262.820000,1700270450,1700270845
orders-row-0003006,ord-0003006,ord-0003006,user-00006,electronics,bank_transfer,pending,1,9.100000,0.100000,8.190000,1700270540,1700270948
orders-row-0003007,ord-0003007,ord-0003007,user-00007,books,wallet,shipped,3,9.900000,0.050000,28.210000,1700270630,1700271051
orders-row-0003008,ord-0003008,ord-0003008,user-00008,grocery,card,refunded,5,12.400000,0.000000,62.000000,1700270720,1700271154
orders-row-0003009,ord-0003009,ord-0003009,user-00009,apparel,paypal,completed,2,14.100000,0.150000,23.970000,1700270810,1700271257
orders-row-0003010,ord-0003010,ord-0003010,user-00010,home,bank_transfer,paid,4,15.200000,0.100000,54.720000,1700270900,1700271360
orders-row-0003011,ord-0003011,ord-0003011,user-00011,sports,wallet,pending,1,17.500000,0.050000,16.620000,1700270990,1700271463
orders-row-0003012,ord-0003012,ord-0003012,user-00012,electronics,card,shipped,3,18.800000,0.000000,56.400000,1700271080,1700271566
orders-row-0003013,ord-0003013,ord-0003013,user-00013,books,paypal,refunded,5,20.900000,0.150000,88.830000,1700271170,1700271669
orders-row-0003014,ord-0003014,ord-0003014,user-00014,grocery,bank_transfer,completed,2,22.700000,0.100000,40.860000,1700271260,1700271772
orders-row-0003015,ord-0003015,ord-0003015,user-00015,apparel,wallet,paid,4,23.800000,0.050000,90.440000,1700271350,1700271875
orders-row-0003016,ord-0003016,ord-0003016,user-00016,home,card,pending,1,26.100000,0.000000,26.100000,1700271440,1700271978
orders-row-0003017,ord-0003017,ord-0003017,user-00017,sports,paypal,shipped,3,27.100000,0.150000,69.110000,1700271530,1700272081
orders-row-0003018,ord-0003018,ord-0003018,user-00018,electronics,bank_transfer,refunded,5,29.100000,0.100000,130.950000,1700271620,1700272184
orders-row-0003019,ord-0003019,ord-0003019,user-00019,books,wallet,completed,2,30.500000,0.050000,57.950000,1700271710,1700272287
orders-row-0003020,ord-0003020,ord-0003020,user-00020,grocery,card,paid,4,32.600000,0.000000,130.400000,1700271800,1700272390
orders-row-0003021,ord-0003021,ord-0003021,user-00021,apparel,paypal,pending,1,34.300000,0.150000,29.150000,1700271890,1700272493
orders-row-0003022,ord-0003022,ord-0003022,user-00022,home,bank_transfer,shipped,3,35.400000,0.100000,95.580000,1700271980,1700272596
orders-row-0003023,ord-0003023,ord-0003023,user-00023,sports,wallet,refunded,5,37.400000,0.050000,177.650000,1700272070,1700272699
orders-row-0003024,ord-0003024,ord-0003024,user-00024,electronics,card,completed,2,39.600000,0.000000,79.200000,1700272160,1700272802
orders-row-0003025,ord-0003025,ord-0003025,user-00025,books,paypal,paid,4,41.400000,0.150000,140.760000,1700272250,1700272905
orders-row-0003026,ord-0003026,ord-0003026,user-00026,grocery,bank_transfer,pending,1,42.700000,0.100000,38.430000,1700272340,1700273008
orders-row-0003027,ord-0003027,ord-0003027,user-00027,apparel,wallet,shipped,3,44.000000,0.050000,125.400000,1700272430,1700273111
orders-row-0003028,ord-0003028,ord-0003028,user-00028,home,card,refunded,5,45.900000,0.000000,229.500000,1700272520,1700273214
orders-row-0003029,ord-0003029,ord-0003029,user-00029,sports,paypal,completed,2,48.100000,0.150000,81.770000,1700272610,1700273317
orders-row-0003030,ord-0003030,ord-0003030,user-00030,electronics,bank_transfer,paid,4,49.700000,0.100000,178.920000,1700272700,1700273420
orders-row-0003031,ord-0003031,ord-0003031,user-00031,books,wallet,__CD_RARE_ORDERS_TRANSACTIONS_ORDER_STATUS_014__,1,51.600000,0.050000,49.020000,1700272790,1700273523
orders-row-0003032,ord-0003032,ord-0003032,user-00032,grocery,card,shipped,3,52.500000,0.000000,157.500000,1700272880,1700273626
orders-row-0003033,ord-0003033,ord-0003033,user-00033,apparel,paypal,refunded,5,54.800000,0.150000,232.900000,1700272970,1700273729
orders-row-0003034,ord-0003034,ord-0003034,user-00034,home,bank_transfer,completed,2,56.200000,0.100000,101.160000,1700273060,1700273832
orders-row-0003035,ord-0003035,ord-0003035,user-00035,sports,wallet,paid,4,58.100000,0.050000,220.780000,1700273150,1700273935
orders-row-0003036,ord-0003036,ord-0003036,user-00036,electronics,card,pending,1,60.100000,0.000000,60.100000,1700273240,1700274038
orders-row-0003037,ord-0003037,ord-0003037,user-00037,books,paypal,shipped,3,61.200000,0.150000,156.060000,1700273330,1700274141
orders-row-0003038,ord-0003038,ord-0003038,user-00038,grocery,bank_transfer,refunded,5,63.200000,0.100000,284.400000,1700273420,1700274244
orders-row-0003039,ord-0003039,ord-0003039,user-00039,apparel,wallet,completed,2,64.700000,0.050000,122.930000,1700273510,1700274347
orders-row-0003040,ord-0003040,ord-0003040,user-00040,home,card,paid,4,66.800000,0.000000,267.200000,1700273600,1700274450
orders-row-0003041,ord-0003041,ord-0003041,user-00041,sports,paypal,pending,1,68.400000,0.150000,58.140000,1700273690,1700274553
orders-row-0003042,ord-0003042,ord-0003042,user-00042,electronics,bank_transfer,shipped,3,69.900000,0.100000,188.730000,1700273780,1700274656
orders-row-0003043,ord-0003043,ord-0003043,user-00043,books,wallet,refunded,5,71.200000,0.050000,338.200000,1700273870,1700274759
orders-row-0003044,ord-0003044,ord-0003044,user-00044,grocery,card,completed,2,73.700000,0.000000,147.400000,1700273960,1700274862
orders-row-0003045,ord-0003045,ord-0003045,user-00045,apparel,paypal,paid,4,74.600000,0.150000,253.640000,1700274050,1700274965
orders-row-0003046,ord-0003046,ord-0003046,user-00046,home,bank_transfer,pending,1,76.400000,0.100000,68.760000,1700274140,1700275068
orders-row-0003047,ord-0003047,ord-0003047,user-00047,sports,wallet,shipped,3,8.100000,0.050000,23.080000,1700274230,1700274271
orders-row-0003048,ord-0003048,ord-0003048,user-00048,electronics,card,refunded,5,10.500000,0.000000,999999.000000,1700274320,1700274374
orders-row-0003049,ord-0003049,ord-0003049,user-00049,books,paypal,completed,2,,0.150000,20.400000,1700274410,1700274477
orders-row-0003050,ord-0003050,ord-0003050,user-00050,grocery,bank_transfer,paid,4,13.300000,0.100000,47.880000,1700274500,1700274580
orders-row-0003051,ord-0003051,ord-0003051,user-00051,apparel,wallet,pending,1,15.300000,0.050000,14.540000,1700274590,1700274683
orders-row-0003052,ord-0003052,ord-0003052,user-00052,home,card,shipped,3,16.500000,0.000000,49.500000,1700274680,1700274786
orders-row-0003053,ord-0003053,ord-0003053,user-00053,sports,paypal,refunded,5,18.400000,0.150000,78.200000,1700274770,1700274889
orders-row-0003054,ord-0003054,ord-0003054,user-00054,electronics,bank_transfer,completed,2,20.300000,0.100000,36.540000,1700274860,1700274992
orders-row-0003055,ord-0003055,ord-0003055,user-00055,books,wallet,paid,4,21.500000,0.050000,81.700000,1700274950,1700275095
orders-row-0003056,ord-0003056,ord-0003056,user-00056,grocery,card,pending,1,24.100000,0.000000,24.100000,1700275040,1700275198
orders-row-0003057,ord-0003057,ord-0003057,user-00057,apparel,paypal,shipped,3,25.100000,0.150000,64.010000,1700275130,1700275301
orders-row-0003058,ord-0003058,ord-0003058,user-00058,home,bank_transfer,refunded,5,27.100000,0.100000,121.950000,1700275220,1700275404
orders-row-0003059,ord-0003059,ord-0003059,user-00059,sports,wallet,completed,2,28.500000,0.050000,54.150000,1700275310,1700275507
orders-row-0003060,ord-0003060,ord-0003060,user-00060,electronics,card,paid,4,30.600000,0.000000,122.400000,1700275400,1700275610
orders-row-0003061,ord-0003061,ord-0003061,user-00061,books,paypal,pending,1,32.000000,0.150000,27.200000,1700275490,1700275713
orders-row-0003062,ord-0003062,ord-0003062,user-00062,grocery,bank_transfer,shipped,3,33.500000,0.100000,90.450000,1700275580,1700275816
orders-row-0003063,ord-0003063,ord-0003063,user-00063,apparel,wallet,refunded,5,35.400000,0.050000,168.150000,1700275670,1700275919
orders-row-0003064,ord-0003064,ord-0003064,user-00064,home,card,completed,2,37.300000,0.000000,74.600000,1700275760,1700276022
orders-row-0003065,ord-0003065,ord-0003065,user-00065,sports,paypal,paid,4,39.400000,0.150000,133.960000,1700275850,1700276125
orders-row-0003066,ord-0003066,ord-0003066,user-00066,electronics,bank_transfer,pending,1,40.900000,0.100000,36.810000,1700275940,1700276228
orders-row-0003067,ord-0003067,ord-0003067,user-00067,books,wallet,shipped,3,42.700000,0.050000,121.700000,1700276030,1700276331
orders-row-0003068,ord-0003068,ord-0003068,user-00068,grocery,card,refunded,5,44.200000,0.000000,221.000000,1700276120,1700276434
orders-row-0003069,ord-0003069,ord-0003069,user-00069,apparel,paypal,completed,2,45.900000,0.150000,78.030000,1700276210,1700276537
orders-row-0003070,ord-0003070,ord-0003070,user-00070,home,bank_transfer,paid,4,47.000000,0.100000,169.200000,1700276300,1700276640
orders-row-0003071,ord-0003071,ord-0003071,user-00071,sports,wallet,pending,1,49.500000,0.050000,47.020000,1700276390,1700276743
orders-row-0003072,ord-0003072,ord-0003072,user-00072,electronics,card,shipped,3,50.600000,0.000000,151.800000,1700276480,1700276846
orders-row-0003073,ord-0003073,ord-0003073,user-00073,books,paypal,refunded,5,52.700000,0.150000,223.970000,1700276570,1700276949
orders-row-0003074,ord-0003074,ord-0003074,user-00074,grocery,bank_transfer,completed,2,53.800000,0.100000,96.840000,1700276660,1700277052
orders-row-0003075,ord-0003075,ord-0003075,user-00075,apparel,wallet,paid,4,55.600000,0.050000,211.280000,1700276750,1700277155
orders-row-0003076,ord-0003076,ord-0003076,user-00076,home,card,pending,1,58.000000,0.000000,58.000000,1700276840,1700277258
orders-row-0003077,ord-0003077,ord-0003077,user-00077,sports,paypal,shipped,3,59.800000,0.150000,152.490000,1700276930,1700277361
orders-row-0003078,ord-0003078,ord-0003078,user-00078,electronics,bank_transfer,refunded,5,61.000000,0.100000,274.500000,1700277020,1700277464
orders-row-0003079,ord-0003079,ord-0003079,user-00079,books,wallet,completed,2,63.100000,0.050000,119.890000,1700277110,1700277567
orders-row-0003080,ord-0003080,ord-0003080,user-00080,grocery,card,paid,4,64.000000,0.000000,256.000000,1700277200,1700277670
orders-row-0003081,ord-0003081,ord-0003081,user-00081,apparel,paypal,pending,1,66.000000,0.150000,56.100000,1700277290,1700277773
orders-row-0003082,ord-0003082,ord-0003082,user-00082,home,bank_transfer,shipped,3,68.300000,0.100000,184.410000,1700277380,1700277876
orders-row-0003083,ord-0003083,ord-0003083,user-00083,sports,wallet,refunded,5,69.100000,0.050000,328.220000,1700277470,1700277979
orders-row-0003084,ord-0003084,ord-0003084,user-00084,electronics,card,completed,2,71.500000,0.000000,143.000000,1700277560,1700278082
orders-row-0003085,ord-0003085,ord-0003085,user-00085,books,paypal,paid,4,73.100000,0.150000,248.540000,1700277650,1700278185
orders-row-0003086,ord-0003086,ord-0003086,user-00086,grocery,bank_transfer,pending,1,74.700000,0.100000,67.230000,1700277740,1700278288
orders-row-0003087,ord-0003087,ord-0003087,user-00087,apparel,wallet,shipped,3,75.900000,0.050000,216.310000,1700277830,1700278391
orders-row-0003088,ord-0003088,ord-0003088,user-00088,home,card,refunded,5,77.800000,0.000000,389.000000,1700277920,1700278494
orders-row-0003089,ord-0003089,ord-0003089,user-00089,sports,paypal,completed,2,10.000000,0.150000,17.000000,1700278010,1700278597
orders-row-0003090,ord-0003090,ord-0003090,user-00090,electronics,bank_transfer,paid,4,11.900000,0.100000,42.840000,1700278100,1700278700
orders-row-0003091,ord-0003091,ord-0003091,user-00091,books,wallet,pending,1,13.400000,0.050000,12.730000,1700278190,1700278803
orders-row-0003092,ord-0003092,ord-0003092,user-00092,grocery,card,shipped,3,14.600000,0.000000,43.800000,1700278280,1700278906
orders-row-0003093,ord-0003093,ord-0003093,user-00093,apparel,paypal,refunded,5,17.000000,0.150000,72.250000,1700278370,1700279009
orders-row-0003094,ord-0003094,ord-0003094,user-00094,home,bank_transfer,completed,2,17.800000,0.100000,32.040000,1700278460,1700279112
orders-row-0003095,ord-0003095,ord-0003095,user-00095,sports,wallet,paid,4,19.900000,0.050000,75.620000,1700278550,1700279215
orders-row-0003096,ord-0003096,ord-0003096,user-00096,electronics,card,pending,1,21.600000,0.000000,21.600000,1700278640,1700279318
orders-row-0003097,ord-0003097,ord-0003097,user-00097,books,paypal,shipped,3,23.200000,0.150000,59.160000,1700278730,1700279421
orders-row-0003098,ord-0003098,ord-0003098,user-00098,grocery,bank_transfer,refunded,5,25.200000,0.100000,113.400000,1700278820,1700279524
orders-row-0003099,ord-0003099,ord-0003099,user-00099,apparel,wallet,completed,2,27.200000,0.050000,51.680000,1700278910,1700279627
orders-row-0003100,ord-0003100,ord-0003100,user-00100,home,card,paid,4,28.300000,0.000000,113.200000,1700279000,1700279730
orders-row-0003101,ord-0003101,ord-0003101,user-00101,sports,paypal,pending,1,29.900000,1.500000,25.410000,1700279090,1700279833
orders-row-0003102,ord-0003102,ord-0003102,user-00102,electronics,bank_transfer,shipped,3,32.100000,0.100000,86.670000,1700279180,1700279936
orders-row-0003103,ord-0003103,ord-0003103,user-00103,books,wallet,refunded,5,34.000000,0.050000,161.500000,1700279270,1700280039
orders-row-0003104,ord-0003104,ord-0003104,user-00104,grocery,card,completed,2,35.500000,0.000000,71.000000,1700279360,1700280142
orders-row-0003105,ord-0003105,ord-0003105,user-00105,apparel,paypal,paid,4,36.600000,0.150000,124.440000,1700279450,1700280245
orders-row-0003106,ord-0003106,ord-0003106,user-00106,home,bank_transfer,pending,1,38.600000,0.100000,34.740000,1700279540,1700280348
orders-row-0003107,ord-0003107,ord-0003107,user-00107,sports,wallet,shipped,3,40.300000,0.050000,114.850000,1700279630,1700280451
orders-row-0003108,ord-0003108,ord-0003108,user-00108,electronics,card,refunded,5,42.300000,0.000000,211.500000,1700279720,1700280554
orders-row-0003109,ord-0003109,ord-0003109,user-00109,books,paypal,completed,2,43.900000,0.150000,74.630000,1700279810,1700280657
orders-row-0003110,ord-0003110,ord-0003110,user-00110,grocery,bank_transfer,paid,4,45.000000,0.100000,162.000000,1700279900,1700280760
orders-row-0003111,ord-0003111,ord-0003111,user-00111,apparel,wallet,pending,1,46.700000,0.050000,44.370000,1700279990,1700280863
orders-row-0003112,ord-0003112,ord-0003112,user-00112,home,card,shipped,3,48.700000,0.000000,146.100000,1700280080,1700280966
orders-row-0003113,ord-0003113,ord-0003113,user-00113,sports,paypal,refunded,5,51.000000,0.150000,216.750000,1700280170,1700281069
orders-row-0003114,ord-0003114,ord-0003114,user-00114,electronics,bank_transfer,completed,2,51.800000,0.100000,93.240000,1700280260,1700281172
orders-row-0003115,ord-0003115,ord-0003115,user-00115,books,wallet,paid,4,54.200000,0.050000,205.960000,1700280350,1700281275
orders-row-0003116,ord-0003116,ord-0003116,user-00116,grocery,card,pending,1,55.700000,0.000000,55.700000,1700280440,1700280478
orders-row-0003117,ord-0003117,ord-0003117,user-00117,apparel,paypal,shipped,3,57.500000,0.150000,146.620000,1700280530,1700280581
orders-row-0003118,ord-0003118,ord-0003118,user-00118,home,bank_transfer,refunded,5,58.900000,0.100000,265.050000,1700280620,1700280684
orders-row-0003119,ord-0003119,ord-0003119,user-00119,sports,wallet,completed,2,61.100000,0.050000,116.090000,1700280710,1700280787
orders-row-0003120,ord-0003120,ord-0003120,user-00120,electronics,card,paid,4,62.600000,0.000000,250.400000,1700280800,1700280890
orders-row-0003121,ord-0003121,ord-0003121,user-00121,books,paypal,pending,1,64.200000,0.150000,54.570000,1700280890,1700280993
orders-row-0003122,ord-0003122,ord-0003122,user-00122,grocery,bank_transfer,shipped,3,66.200000,0.100000,178.740000,1700280980,1700281096
orders-row-0003123,ord-0003123,ord-0003123,user-00123,apparel,wallet,refunded,5,67.400000,0.050000,320.150000,1700281070,1700281199
orders-row-0003124,ord-0003124,ord-0003124,user-00124,home,card,completed,2,68.800000,0.000000,137.600000,1700281160,1700281302
orders-row-0003125,ord-0003125,ord-0003125,user-00125,sports,paypal,paid,4,70.600000,0.150000,240.040000,1700281250,1700281405
orders-row-0003126,ord-0003126,ord-0003126,user-00126,electronics,bank_transfer,pending,1,72.900000,0.100000,65.610000,1700281340,1700281508
orders-row-0003127,ord-0003127,ord-0003127,user-00127,books,wallet,shipped,3,74.600000,0.050000,212.610000,1700281430,1700281611
orders-row-0003128,ord-0003128,ord-0003128,user-00128,grocery,card,refunded,5,76.300000,0.000000,381.500000,1700281520,1700281714
orders-row-0003129,ord-0003129,ord-0003129,user-00129,apparel,paypal,completed,2,77.300000,0.150000,131.410000,1700281610,1700281817
orders-row-0003130,ord-0003130,ord-0003130,user-00130,home,bank_transfer,paid,4,9.000000,0.100000,32.400000,1700281700,1700281920
orders-row-0003131,ord-0003131,ord-0003131,user-00131,sports,wallet,pending,1,10.800000,0.050000,10.260000,1700281790,1700282023
orders-row-0003132,ord-0003132,ord-0003132,user-00132,electronics,card,shipped,3,13.300000,0.000000,39.900000,1700281880,1700282126
orders-row-0003133,ord-0003133,ord-0003133,user-00133,books,paypal,refunded,5,15.000000,0.150000,63.750000,1700281970,1700282229
orders-row-0003134,ord-0003134,ord-0003134,user-00134,grocery,bank_transfer,completed,2,16.700000,0.100000,30.060000,1700282060,1700282332
orders-row-0003135,ord-0003135,ord-0003135,user-00135,apparel,wallet,paid,4,18.000000,0.050000,68.400000,1700282150,1700282435
orders-row-0003136,ord-0003136,ord-0003136,user-00136,home,card,pending,1,19.400000,0.000000,19.400000,1700282240,1700282538
orders-row-0003137,ord-0003137,ord-0003137,user-00137,sports,paypal,shipped,3,21.600000,0.150000,55.080000,1700282330,1700282641
orders-row-0003138,ord-0003138,ord-0003138,user-00138,electronics,bank_transfer,refunded,5,22.600000,0.100000,101.700000,1700282420,1700282744
orders-row-0003139,ord-0003139,ord-0003139,user-00139,books,wallet,completed,2,25.200000,0.050000,47.880000,1700282510,1700282847
orders-row-0003140,ord-0003140,ord-0003140,user-00140,grocery,card,paid,4,26.100000,0.000000,104.400000,1700282600,1700282950
orders-row-0003141,ord-0003141,ord-0003141,user-00141,apparel,paypal,pending,1,28.500000,0.150000,24.220000,1700282690,1700283053
orders-row-0003142,ord-0003142,ord-0003142,user-00142,home,bank_transfer,shipped,3,30.000000,0.100000,81.000000,1700282780,1700283156
orders-row-0003143,ord-0003143,ord-0003143,user-00143,sports,wallet,refunded,5,31.500000,0.050000,149.620000,1700282870,1700283259
orders-row-0003144,ord-0003144,ord-0003144,user-00144,electronics,card,completed,2,33.400000,0.000000,66.800000,1700282960,1700283362
orders-row-0003145,ord-0003145,ord-0003145,user-00145,books,paypal,paid,4,35.100000,0.150000,119.340000,1700283050,1700283465
orders-row-0003146,ord-0003146,ord-0003146,user-00146,grocery,bank_transfer,pending,1,37.100000,0.100000,33.390000,1700283140,1700283568
orders-row-0003147,ord-0003147,ord-0003147,user-00147,apparel,wallet,shipped,999,37.900000,0.050000,108.010000,1700283230,1700283671
orders-row-0003148,ord-0003148,ord-0003148,user-00148,home,card,refunded,5,40.200000,0.000000,201.000000,1700283320,1700283774
orders-row-0003149,ord-0003149,ord-0003149,user-00149,sports,paypal,completed,2,42.000000,0.150000,71.400000,1700283410,1700283877
orders-row-0003150,ord-0003150,ord-0003150,user-00150,electronics,bank_transfer,paid,4,43.700000,0.100000,157.320000,1700283500,1700283980
orders-row-0003151,ord-0003151,ord-0003151,user-00151,books,wallet,pending,1,45.600000,0.050000,43.320000,1700283590,1700284083
orders-row-0003152,ord-0003152,ord-0003152,user-00152,grocery,card,shipped,3,46.900000,0.000000,140.700000,1700283680,1700284186
orders-row-0003153,ord-0003153,ord-0003153,user-00153,apparel,paypal,refunded,5,48.600000,0.150000,206.550000,1700283770,1700284289
orders-row-0003154,ord-0003154,ord-0003154,user-00154,home,bank_transfer,completed,2,49.900000,0.100000,89.820000,1700283860,1700284392
orders-row-0003155,ord-0003155,ord-0003155,user-00155,sports,wallet,paid,4,51.700000,0.050000,196.460000,1700283950,1700284495
orders-row-0003156,ord-0003156,ord-0003156,user-00156,electronics,card,pending,1,53.900000,0.000000,53.900000,1700284040,1700284598
orders-row-0003157,ord-0003157,ord-0003157,user-00157,books,paypal,shipped,3,55.300000,0.150000,141.010000,1700284130,1700284701
orders-row-0003158,ord-0003158,ord-0003158,user-00158,grocery,bank_transfer,refunded,5,56.600000,0.100000,254.700000,1700284220,1700284804
orders-row-0003159,ord-0003159,ord-0003159,user-00159,apparel,wallet,completed,2,58.700000,0.050000,111.530000,1700284310,1700284907
orders-row-0003160,ord-0003160,ord-0003160,user-00160,home,card,paid,4,60.700000,0.000000,242.800000,1700284400,1700285010
orders-row-0003161,ord-0003161,ord-0003161,user-00161,sports,paypal,pending,1,62.200000,0.150000,52.870000,1700284490,1700285113
orders-row-0003162,ord-0003162,ord-0003162,user-00162,electronics,bank_transfer,shipped,3,64.000000,0.100000,172.800000,1700284580,1700285216
orders-row-0003163,ord-0003163,ord-0003163,user-00163,books,wallet,refunded,5,65.100000,0.050000,309.220000,1700284670,1700285319
orders-row-0003164,ord-0003164,ord-0003164,user-00164,grocery,card,completed,2,67.700000,0.000000,135.400000,1700284760,1700285422
orders-row-0003165,ord-0003165,ord-0003165,user-00165,apparel,paypal,paid,4,69.400000,0.150000,235.960000,1700284850,1700285525
orders-row-0003166,ord-0003166,ord-0003166,user-00166,home,bank_transfer,pending,1,70.500000,0.100000,63.450000,1700284940,1700285628
orders-row-0003167,ord-0003167,ord-0003167,user-00167,sports,wallet,shipped,3,72.100000,0.050000,205.480000,1700285030,1700285731
orders-row-0003168,ord-0003168,ord-0003168,user-00168,electronics,card,refunded,5,74.200000,0.000000,371.000000,1700285120,1700285834
orders-row-0003169,ord-0003169,ord-0003169,user-00169,books,,completed,2,75.600000,0.150000,128.520000,1700285210,1700285937
orders-row-0003170,ord-0003170,ord-0003170,user-00170,grocery,bank_transfer,paid,4,77.800000,0.100000,280.080000,1700285300,1700286040
orders-row-0003171,ord-0003171,ord-0003171,user-00171,apparel,wallet,pending,1,9.100000,0.050000,8.640000,1700285390,1700286143
orders-row-0003172,ord-0003172,ord-0003172,user-00172,home,card,shipped,3,10.600000,0.000000,31.800000,1700285480,1700286246
orders-row-0003173,ord-0003173,ord-0003173,user-00173,sports,paypal,refunded,5,12.500000,0.150000,53.120000,1700285570,1700286349
orders-row-0003174,ord-0003174,ord-0003174,user-00174,electronics,bank_transfer,completed,2,14.700000,0.100000,26.460000,1700285660,1700286452
orders-row-0003175,ord-0003175,ord-0003175,user-00175,books,wallet,paid,4,15.600000,0.050000,59.280000,1700285750,1700286555
orders-row-0003176,ord-0003176,ord-0003176,user-00176,grocery,card,pending,1,17.400000,0.000000,17.400000,1700285840,1700286658
orders-row-0003177,ord-0003177,ord-0003177,user-00177,apparel,paypal,shipped,3,19.700000,0.150000,50.230000,1700285930,1700286761
orders-row-0003178,ord-0003178,ord-0003178,user-00178,home,bank_transfer,refunded,5,20.900000,0.100000,94.050000,1700286020,1700286864
orders-row-0003179,ord-0003179,ord-0003179,user-00179,sports,wallet,completed,2,22.900000,0.050000,43.510000,1700286110,1700286967
orders-row-0003180,ord-0003180,ord-0003180,user-00180,electronics,card,paid,4,24.600000,0.000000,98.400000,1700286200,1700287070
orders-row-0003181,ord-0003181,ord-0003181,user-00181,books,paypal,pending,1,26.000000,0.150000,22.100000,1700286290,1700287173
orders-row-0003182,ord-0003182,ord-0003182,user-00182,grocery,bank_transfer,shipped,3,28.000000,0.100000,75.600000,1700286380,1700287276
orders-row-0003183,ord-0003183,ord-0003183,user-00183,apparel,wallet,refunded,5,29.600000,0.050000,140.600000,1700286470,1700287379
orders-row-0003184,ord-0003184,ord-0003184,user-00184,home,card,completed,2,31.400000,0.000000,62.800000,1700286560,1700287482
orders-row-0003185,ord-0003185,ord-0003185,user-00185,sports,paypal,paid,4,33.300000,0.150000,113.220000,1700286650,1700286685
orders-row-0003186,ord-0003186,ord-0003186,user-00186,electronics,bank_transfer,pending,1,34.300000,0.100000,30.870000,1700286740,1700286788
orders-row-0003187,ord-0003187,ord-0003187,user-00187,books,wallet,shipped,3,36.000000,0.050000,102.600000,1700286830,1700286891
orders-row-0003188,ord-0003188,ord-0003188,user-00188,grocery,card,refunded,5,38.200000,0.000000,191.000000,1700286920,1700286994
orders-row-0003189,ord-0003189,ord-0003189,user-00189,apparel,paypal,completed,2,39.600000,0.150000,67.320000,1700287010,1700287097
orders-row-0003190,ord-0003190,ord-0003190,user-00190,home,bank_transfer,paid,4,41.600000,0.100000,149.760000,1700287100,1700287200
orders-row-0003191,ord-0003191,ord-0003191,user-00191,sports,wallet,pending,1,43.400000,0.050000,41.230000,1700287190,1700287303
orders-row-0003192,ord-0003192,ord-0003192,user-00192,electronics,card,shipped,3,44.500000,0.000000,133.500000,1700287280,1700287406
orders-row-0003193,ord-0003193,ord-0003193,user-00193,books,paypal,refunded,5,46.300000,0.150000,196.780000,1700287370,1700287509
orders-row-0003194,ord-0003194,ord-0003194,user-00194,grocery,bank_transfer,completed,2,48.200000,0.100000,86.760000,1700287460,1700287612
orders-row-0003195,ord-0003195,ord-0003195,user-00195,apparel,wallet,paid,4,50.100000,0.050000,190.380000,1700287550,1700287715
orders-row-0003196,ord-0003196,ord-0003196,user-00196,home,card,pending,1,51.400000,0.000000,51.400000,1700287640,1700287818
orders-row-0003197,ord-0003197,ord-0003197,user-00197,sports,paypal,shipped,3,53.300000,0.150000,135.910000,1700287730,1700287921
orders-row-0003198,ord-0003198,ord-0003198,user-00198,electronics,bank_transfer,refunded,5,54.900000,0.100000,247.050000,1700287820,1700288024
orders-row-0003199,ord-0003199,ord-0003199,user-00199,books,wallet,completed,2,57.100000,0.050000,108.490000,1700287910,1700288127
orders-row-0003200,ord-0003200,ord-0003200,user-00200,grocery,card,paid,4,58.400000,0.000000,233.600000,1700288000,1700288230
orders-row-0003201,ord-0003201,ord-0003201,user-00201,apparel,paypal,pending,1,60.600000,0.150000,51.510000,1700288090,1700288333
orders-row-0003202,ord-0003202,ord-0003202,user-00202,home,bank_transfer,shipped,3,62.200000,0.100000,167.940000,1700288180,1700288436
orders-row-0003203,ord-0003203,ord-0003203,user-00203,sports,wallet,refunded,5,63.200000,0.050000,300.200000,1700288270,1700288539
orders-row-0003204,ord-0003204,ord-0003204,user-00204,electronics,card,completed,2,65.600000,0.000000,131.200000,1700288360,1700288642
orders-row-0003205,ord-0003205,ord-0003205,user-00205,books,paypal,paid,4,66.700000,0.150000,226.780000,1700288450,1700288745
orders-row-0003206,ord-0003206,ord-0003206,user-00206,grocery,bank_transfer,pending,1,68.500000,0.100000,61.650000,1700288540,1700288848
orders-row-0003207,ord-0003207,ord-0003207,user-00207,apparel,wallet,shipped,3,70.300000,0.050000,200.350000,1700288630,1700288951
orders-row-0003208,ord-0003208,ord-0003208,user-00208,home,card,refunded,5,72.100000,0.000000,360.500000,1700288720,1700289054
orders-row-0003209,ord-0003209,ord-0003209,user-00209,sports,paypal,completed,2,73.600000,0.150000,125.120000,1700288810,1700289157
orders-row-0003210,ord-0003210,ord-0003210,user-00210,electronics,bank_transfer,paid,4,75.500000,0.100000,271.800000,1700288900,1700289260
orders-row-0003211,ord-0003211,ord-0003211,user-00211,books,wallet,pending,1,77.000000,0.050000,73.150000,1700288990,1700289363
orders-row-0003212,ord-0003212,ord-0003212,user-00212,grocery,card,shipped,3,9.300000,0.000000,27.900000,1700289080,1700289466
orders-row-0003213,ord-0003213,ord-0003213,user-00213,apparel,paypal,refunded,5,10.200000,0.150000,43.350000,1700289170,1700289569
orders-row-0003214,ord-0003214,ord-0003214,user-00214,home,bank_transfer,completed,2,12.500000,0.100000,22.500000,1700289260,1700289672
orders-row-0003215,ord-0003215,ord-0003215,user-00215,sports,wallet,paid,4,13.900000,0.050000,52.820000,1700289350,1700289775
orders-row-0003216,ord-0003216,ord-0003216,user-00216,electronics,card,pending,1,16.100000,0.000000,16.100000,1700289440,1700289878
orders-row-0003217,ord-0003217,ord-0003217,user-00217,books,paypal,shipped,3,16.900000,0.150000,43.090000,1700289530,1700289981
orders-row-0003218,ord-0003218,ord-0003218,user-00218,grocery,bank_transfer,refunded,5,19.100000,0.100000,85.950000,1700289620,1700290084
orders-row-0003219,ord-0003219,ord-0003219,user-00219,apparel,wallet,completed,2,21.100000,0.050000,40.090000,1700289710,1700290187
orders-row-0003220,ord-0003220,ord-0003220,user-00220,home,card,paid,4,22.000000,0.000000,88.000000,1700289800,1700290290
orders-row-0003221,ord-0003221,ord-0003221,user-00221,sports,paypal,pending,1,24.300000,0.150000,20.660000,1700289890,1700290393
orders-row-0003222,ord-0003222,ord-0003222,user-00222,electronics,bank_transfer,shipped,3,25.400000,0.100000,68.580000,1700289980,1700290496
orders-row-0003223,ord-0003223,ord-0003223,user-00223,books,wallet,refunded,5,27.600000,0.050000,131.100000,1700290070,1700290599
orders-row-0003224,ord-0003224,ord-0003224,user-00224,grocery,card,completed,2,29.600000,0.000000,59.200000,1700290160,1700290702
orders-row-0003225,ord-0003225,ord-0003225,user-00225,apparel,paypal,paid,4,31.300000,0.150000,106.420000,1700290250,1700290805
orders-row-0003226,ord-0003226,ord-0003226,user-00226,home,bank_transfer,pending,1,32.800000,0.100000,29.520000,1700290340,1700290908
orders-row-0003227,ord-0003227,ord-0003227,user-00227,sports,wallet,shipped,3,34.300000,0.050000,97.750000,1700290430,1700291011
orders-row-0003228,ord-0003228,ord-0003228,user-00228,electronics,card,refunded,5,36.500000,0.000000,182.500000,1700290520,1700291114
orders-row-0003229,ord-0003229,ord-0003229,user-00229,books,paypal,completed,2,37.500000,0.150000,63.750000,1700290610,1700291217
orders-row-0003230,ord-0003230,ord-0003230,user-00230,grocery,bank_transfer,paid,4,39.200000,0.100000,141.120000,1700290700,1700291320
orders-row-0003231,ord-0003231,ord-0003231,user-00231,apparel,wallet,pending,1,41.100000,0.050000,39.050000,1700290790,1700291423
orders-row-0003232,ord-0003232,ord-0003232,user-00232,home,card,shipped,3,42.600000,0.000000,127.800000,1700290880,1700291526
orders-row-0003233,ord-0003233,ord-0003233,user-00233,sports,paypal,refunded,5,44.700000,0.150000,189.970000,1700290970,1700291629
orders-row-0003234,ord-0003234,ord-0003234,user-00234,electronics,bank_transfer,completed,2,45.900000,0.100000,82.620000,1700291060,1700291732
orders-row-0003235,ord-0003235,ord-0003235,user-00235,books,wallet,paid,4,48.400000,0.050000,183.920000,1700291150,1700291835
orders-row-0003236,ord-0003236,ord-0003236,user-00236,grocery,card,pending,1,49.500000,0.000000,49.500000,1700291240,1700291938
orders-row-0003237,ord-0003237,ord-0003237,user-00237,apparel,paypal,shipped,3,51.700000,0.150000,131.840000,1700291330,1700292041
orders-row-0003238,ord-0003238,ord-0003238,user-00238,home,bank_transfer,refunded,5,52.700000,0.100000,237.150000,1700291420,1700292144
orders-row-0003239,ord-0003239,ord-0003239,user-00239,sports,wallet,completed,2,55.200000,0.050000,104.880000,1700291510,1700292247
orders-row-0003240,ord-0003240,ord-0003240,user-00240,electronics,card,paid,4,56.500000,0.000000,226.000000,1700291600,1700292350
orders-row-0003241,ord-0003241,ord-0003241,user-00241,books,paypal,pending,1,57.700000,0.150000,49.050000,1700291690,1700292453
orders-row-0003242,ord-0003242,ord-0003242,user-00242,grocery,bank_transfer,shipped,3,59.600000,0.100000,160.920000,1700291780,1700292556
orders-row-0003243,ord-0003243,ord-0003243,user-00243,apparel,wallet,refunded,5,61.200000,0.050000,290.700000,1700291870,1700292659
orders-row-0003244,ord-0003244,ord-0003244,user-00244,home,card,completed,2,63.300000,0.000000,126.600000,1700291960,1700292762
orders-row-0003245,ord-0003245,ord-0003245,user-00245,sports,paypal,paid,4,64.700000,0.150000,219.980000,1700292050,1700292865
orders-row-0003246,ord-0003246,ord-0003246,user-00246,electronics,bank_transfer,pending,1,66.400000,0.100000,59.760000,1700292140,1700292968
orders-row-0003247,ord-0003247,ord-0003247,user-00247,books,wallet,shipped,3,68.600000,0.050000,195.510000,1700292230,1700293071
orders-row-0003248,ord-0003248,ord-0003248,user-00248,grocery,card,refunded,5,70.400000,0.000000,352.000000,1700292320,1700293174
orders-row-0003249,ord-0003249,ord-0003249,user-00249,apparel,paypal,completed,2,71.300000,0.150000,121.210000,1700292410,1700293277
orders-row-0003250,ord-0003250,ord-0003250,user-00000,home,bank_transfer,paid,4,73.600000,0.100000,264.960000,1700292500,1700293380
orders-row-0003251,ord-0003251,ord-0003251,user-00001,sports,wallet,pending,1,74.900000,0.050000,71.160000,1700292590,1700293483
orders-row-0003252,ord-0003252,ord-0003252,user-00002,electronics,card,shipped,3,77.300000,0.000000,231.900000,1700292680,1700293586
orders-row-0003253,ord-0003253,ord-0003253,user-00003,books,paypal,refunded,5,8.900000,0.150000,37.820000,1700292770,1700293689
orders-row-0003254,ord-0003254,ord-0003254,user-00004,grocery,bank_transfer,completed,2,10.200000,0.100000,18.360000,1700292860,1700292892
orders-row-0003255,ord-0003255,ord-0003255,user-00005,apparel,wallet,paid,4,11.700000,0.050000,44.460000,1700292950,1700292995
orders-row-0003256,ord-0003256,ord-0003256,user-00006,home,card,pending,1,13.600000,0.000000,13.600000,1700293040,1700293098
orders-row-0003257,ord-0003257,ord-0003257,user-00007,sports,paypal,shipped,3,15.700000,0.150000,40.030000,1700293130,1700293201
orders-row-0003258,ord-0003258,ord-0003258,user-00008,electronics,bank_transfer,refunded,5,17.200000,0.100000,77.400000,1700293220,1700293304
orders-row-0003259,ord-0003259,ord-0003259,user-00009,books,wallet,completed,2,18.600000,0.050000,35.340000,1700293310,1700293407
orders-row-0003260,ord-0003260,ord-0003260,user-00010,grocery,card,paid,4,20.500000,0.000000,82.000000,1700293400,1700293510
orders-row-0003261,ord-0003261,ord-0003261,user-00011,apparel,paypal,pending,1,22.200000,0.150000,18.870000,1700293490,1700293613
orders-row-0003262,ord-0003262,ord-0003262,user-00012,home,bank_transfer,shipped,3,23.800000,0.100000,64.260000,1700293580,1700293716
orders-row-0003263,ord-0003263,ord-0003263,user-00013,sports,wallet,refunded,5,25.700000,0.050000,122.070000,1700293670,1700293819
orders-row-0003264,ord-0003264,ord-0003264,user-00014,electronics,card,completed,2,27.100000,0.000000,54.200000,1700293760,1700293922
orders-row-0003265,ord-0003265,ord-0003265,user-00015,books,paypal,paid,4,29.300000,0.150000,99.620000,1700293850,1700294025
orders-row-0003266,ord-0003266,ord-0003266,user-00016,grocery,bank_transfer,pending,1,30.400000,0.100000,27.360000,1700293940,1700294128
orders-row-0003267,ord-0003267,ord-0003267,user-00017,apparel,wallet,shipped,3,32.000000,0.050000,91.200000,1700294030,1700294231
orders-row-0003268,ord-0003268,ord-0003268,user-00018,home,card,refunded,5,33.600000,0.000000,168.000000,1700294120,1700294334
orders-row-0003269,ord-0003269,ord-0003269,user-00019,sports,paypal,completed,2,35.500000,0.150000,60.350000,1700294210,1700294437
orders-row-0003270,ord-0003270,ord-0003270,user-00020,electronics,bank_transfer,paid,4,37.100000,0.100000,133.560000,1700294300,1700294540
orders-row-0003271,ord-0003271,ord-0003271,user-00021,books,wallet,pending,1,39.300000,0.050000,37.330000,1700294390,1700294643
orders-row-0003272,ord-0003272,ord-0003272,user-00022,grocery,card,shipped,3,41.200000,0.000000,123.600000,1700294480,1700294746
orders-row-0003273,ord-0003273,ord-0003273,user-00023,apparel,paypal,refunded,5,43.000000,0.150000,182.750000,1700294570,1700294849
orders-row-0003274,ord-0003274,ord-0003274,user-00024,home,bank_transfer,completed,2,44.200000,0.100000,79.560000,1700294660,1700294952
orders-row-0003275,ord-0003275,ord-0003275,user-00025,sports,wallet,paid,4,45.500000,0.050000,172.900000,1700294750,1700295055
orders-row-0003276,ord-0003276,ord-0003276,user-00026,electronics,card,pending,1,47.400000,0.000000,47.400000,1700294840,1700295158
orders-row-0003277,ord-0003277,ord-0003277,user-00027,books,paypal,shipped,3,49.000000,0.150000,124.950000,1700294930,1700295261
orders-row-0003278,ord-0003278,ord-0003278,user-00028,grocery,bank_transfer,refunded,5,51.500000,0.100000,231.750000,1700295020,1700295364
orders-row-0003279,ord-0003279,ord-0003279,user-00029,apparel,wallet,completed,2,52.700000,0.050000,100.130000,1700295110,1700295467
orders-row-0003280,ord-0003280,ord-0003280,user-00030,home,card,paid,4,54.400000,0.000000,217.600000,1700295200,1700295570
orders-row-0003281,ord-0003281,ord-0003281,user-00031,sports,paypal,pending,1,55.700000,0.150000,47.340000,1700295290,1700295673
orders-row-0003282,ord-0003282,ord-0003282,user-00032,electronics,bank_transfer,shipped,3,58.000000,0.100000,156.600000,1700295380,1700295776
orders-row-0003283,ord-0003283,ord-0003283,user-00033,books,wallet,refunded,5,59.900000,0.050000,284.520000,1700295470,1700295879
orders-row-0003284,ord-0003284,ord-0003284,user-00034,grocery,card,completed,2,61.000000,0.000000,122.000000,1700295560,1700295982
orders-row-0003285,ord-0003285,ord-0003285,user-00035,apparel,paypal,paid,4,62.600000,0.150000,212.840000,1700295650,1700296085
orders-row-0003286,ord-0003286,ord-0003286,user-00036,home,bank_transfer,pending,1,65.100000,0.100000,58.590000,1700295740,1700296188
orders-row-0003287,ord-0003287,ord-0003287,user-00037,sports,wallet,shipped,3,66.300000,0.050000,188.950000,1700295830,1700296291
orders-row-0003288,ord-0003288,ord-0003288,user-00038,electronics,card,refunded,5,67.900000,0.000000,339.500000,1700295920,1700296394
orders-row-0003289,ord-0003289,ord-0003289,user-00039,books,paypal,completed,2,70.100000,0.150000,119.170000,1700296010,1700296497
orders-row-0003290,ord-0003290,ord-0003290,user-00040,grocery,bank_transfer,paid,4,71.300000,0.100000,256.680000,1700296100,1700296600
orders-row-0003291,ord-0003291,ord-0003291,user-00041,apparel,wallet,pending,1,73.500000,0.050000,69.830000,1700296190,1700296703
orders-row-0003292,ord-0003292,ord-0003292,user-00042,home,card,shipped,3,74.400000,0.000000,223.200000,1700296280,1700296806
orders-row-0003293,ord-0003293,ord-0003293,user-00043,sports,paypal,refunded,5,76.300000,0.150000,324.270000,1700296370,1700296909
orders-row-0003294,ord-0003294,ord-0003294,user-00044,electronics,bank_transfer,completed,2,77.800000,0.100000,140.040000,1700296460,1700297012
orders-row-0003295,ord-0003295,ord-0003295,user-00045,books,wallet,paid,4,10.400000,0.050000,39.520000,1700296550,1700297115
orders-row-0003296,ord-0003296,ord-0003296,user-00046,grocery,card,pending,1,11.400000,0.000000,11.400000,1700296640,1700297218
orders-row-0003297,ord-0003297,ord-0003297,user-00047,apparel,paypal,shipped,3,13.400000,0.150000,34.170000,1700296730,1700297321
orders-row-0003298,ord-0003298,ord-0003298,user-00048,home,bank_transfer,refunded,5,15.200000,0.100000,68.400000,1700296820,1700297424
orders-row-0003299,ord-0003299,ord-0003299,user-00049,sports,wallet,completed,2,16.400000,0.050000,31.160000,1700296910,1700297527
orders-row-0003300,ord-0003300,ord-0003300,user-00050,electronics,card,paid,4,18.400000,0.000000,73.600000,1700297000,1700297630
orders-row-0003301,ord-0003301,ord-0003301,user-00051,books,paypal,pending,1,20.500000,0.150000,17.430000,1700297090,1700297733
orders-row-0003302,ord-0003302,ord-0003302,user-00052,grocery,bank_transfer,shipped,3,21.600000,0.100000,58.320000,1700297180,1700297836
orders-row-0003303,ord-0003303,ord-0003303,user-00053,apparel,wallet,refunded,5,23.400000,0.050000,111.150000,1700297270,1700297939
orders-row-0003304,ord-0003304,ord-0003304,user-00054,home,card,completed,2,25.500000,0.000000,51.000000,1700297360,1700298042
orders-row-0003305,ord-0003305,ord-0003305,user-00055,sports,paypal,paid,4,27.400000,0.150000,93.160000,1700297450,1700298145
orders-row-0003306,ord-0003306,ord-0003306,user-00056,electronics,bank_transfer,pending,1,28.400000,0.100000,25.560000,1700297540,1700298248
orders-row-0003307,ord-0003307,ord-0003307,user-00057,books,wallet,shipped,3,30.300000,0.050000,86.360000,1700297630,1700298351
orders-row-0003308,ord-0003308,ord-0003308,user-00058,grocery,card,refunded,5,31.700000,0.000000,158.500000,1700297720,1700298454
orders-row-0003309,ord-0003309,ord-0003309,user-00059,apparel,paypal,completed,2,34.000000,0.150000,57.800000,1700297810,1700298557
orders-row-0003310,ord-0003310,ord-0003310,user-00060,home,bank_transfer,paid,4,35.400000,0.100000,127.440000,1700297900,1700298660
orders-row-0003311,ord-0003311,ord-0003311,user-00061,sports,wallet,pending,1,37.600000,0.050000,35.720000,1700297990,1700298763
orders-row-0003312,ord-0003312,ord-0003312,user-00062,electronics,card,shipped,3,38.700000,0.000000,116.100000,1700298080,1700298866
orders-row-0003313,ord-0003313,ord-0003313,user-00063,books,paypal,refunded,5,40.600000,0.150000,172.550000,1700298170,1700298969
orders-row-0003314,ord-0003314,ord-0003314,user-00064,grocery,bank_transfer,completed,2,41.800000,0.100000,75.240000,1700298260,1700299072
orders-row-0003315,ord-0003315,ord-0003315,user-00065,apparel,wallet,paid,4,44.200000,0.050000,167.960000,1700298350,1700299175
orders-row-0003316,ord-0003316,ord-0003316,user-00066,home,card,pending,1,45.700000,0.000000,45.700000,1700298440,1700299278
orders-row-0003317,ord-0003317,ord-0003317,user-00067,sports,paypal,shipped,3,47.500000,0.150000,121.120000,1700298530,1700299381
orders-row-0003318,ord-0003318,ord-0003318,user-00068,electronics,bank_transfer,refunded,5,48.900000,0.100000,220.050000,1700298620,1700299484
orders-row-0003319,ord-0003319,ord-0003319,user-00069,books,wallet,completed,2,51.100000,0.050000,97.090000,1700298710,1700299587
orders-row-0003320,ord-0003320,ord-0003320,user-00070,grocery,card,paid,4,52.900000,0.000000,211.600000,1700298800,1700299690
orders-row-0003321,ord-0003321,ord-0003321,user-00071,apparel,paypal,pending,1,54.100000,0.150000,45.980000,1700298890,1700299793
orders-row-0003322,ord-0003322,ord-0003322,user-00072,home,bank_transfer,shipped,3,55.700000,0.100000,150.390000,1700298980,1700299896
orders-row-0003323,ord-0003323,ord-0003323,user-00073,sports,wallet,refunded,5,57.300000,0.050000,272.180000,1700299070,1700299999
orders-row-0003324,ord-0003324,ord-0003324,user-00074,electronics,card,completed,2,58.800000,0.000000,117.600000,1700299160,1700299202
orders-row-0003325,ord-0003325,ord-0003325,user-00075,books,paypal,paid,4,61.200000,0.150000,208.080000,1700299250,1700299305
orders-row-0003326,ord-0003326,ord-0003326,user-00076,grocery,bank_transfer,pending,1,62.300000,0.100000,56.070000,1700299340,1700299408
orders-row-0003327,ord-0003327,ord-0003327,user-00077,apparel,wallet,shipped,3,63.900000,0.050000,182.110000,1700299430,1700299511
orders-row-0003328,ord-0003328,ord-0003328,user-00078,home,card,refunded,5,65.900000,0.000000,329.500000,1700299520,1700299614
orders-row-0003329,ord-0003329,ord-0003329,user-00079,sports,paypal,completed,2,67.700000,0.150000,115.090000,1700299610,1700299717
orders-row-0003330,ord-0003330,ord-0003330,user-00080,electronics,bank_transfer,paid,4,69.400000,0.100000,249.840000,1700299700,1700299820
orders-row-0003331,ord-0003331,ord-0003331,user-00081,books,wallet,pending,1,70.800000,0.050000,67.260000,1700299790,1700299923
orders-row-0003332,ord-0003332,ord-0003332,user-00082,grocery,card,shipped,3,72.500000,0.000000,217.500000,1700299880,1700300026
orders-row-0003333,ord-0003333,ord-0003333,user-00083,apparel,paypal,refunded,5,75.000000,0.150000,318.750000,1700299970,1700300129
orders-row-0003334,ord-0003334,ord-0003334,user-00084,home,bank_transfer,completed,2,76.400000,0.100000,137.520000,1700300060,1700300232
orders-row-0003335,ord-0003335,ord-0003335,user-00085,sports,wallet,paid,4,8.300000,0.050000,31.540000,1700300150,1700300335
orders-row-0003336,ord-0003336,ord-0003336,user-00086,electronics,card,pending,1,9.800000,0.000000,9.800000,1700300240,1700300438
orders-row-0003337,ord-0003337,ord-0003337,user-00087,books,paypal,shipped,3,11.800000,0.150000,30.090000,1700300330,1700300541
orders-row-0003338,ord-0003338,ord-0003338,user-00088,grocery,bank_transfer,refunded,5,13.400000,0.100000,60.300000,1700300420,1700300644
orders-row-0003339,ord-0003339,ord-0003339,user-00089,apparel,wallet,completed,2,14.900000,0.050000,28.310000,1700300510,1700300747
orders-row-0003340,ord-0003340,ord-0003340,user-00090,home,card,paid,4,16.800000,0.000000,67.200000,1700300600,1700300850
orders-row-0003341,ord-0003341,ord-0003341,user-00091,sports,paypal,pending,1,18.100000,0.150000,15.390000,1700300690,1700300953
orders-row-0003342,ord-0003342,ord-0003342,user-00092,electronics,bank_transfer,shipped,3,20.300000,0.100000,54.810000,1700300780,1700301056
orders-row-0003343,ord-0003343,ord-0003343,user-00093,books,wallet,refunded,5,21.500000,0.050000,102.120000,1700300870,1700301159
orders-row-0003344,ord-0003344,ord-0003344,user-00094,grocery,card,completed,2,23.700000,0.000000,47.400000,1700300960,1700301262
orders-row-0003345,ord-0003345,ord-0003345,user-00095,apparel,paypal,paid,4,24.500000,0.150000,83.300000,1700301050,1700301365
orders-row-0003346,ord-0003346,ord-0003346,user-00096,home,bank_transfer,pending,1,26.400000,0.100000,23.760000,1700301140,1700301468
orders-row-0003347,ord-0003347,ord-0003347,user-00097,sports,wallet,shipped,3,28.100000,0.050000,80.090000,1700301230,1700301571
orders-row-0003348,ord-0003348,ord-0003348,user-00098,electronics,card,refunded,5,29.600000,0.000000,148.000000,1700301320,1700301674
orders-row-0003349,ord-0003349,ord-0003349,user-00099,books,paypal,completed,2,31.700000,0.150000,53.890000,1700301410,1700301777
orders-row-0003350,ord-0003350,ord-0003350,user-00100,grocery,bank_transfer,paid,4,33.300000,0.100000,119.880000,1700301500,1700301880
orders-row-0003351,ord-0003351,ord-0003351,user-00101,apparel,wallet,pending,1,35.500000,0.050000,33.730000,1700301590,1700301983
orders-row-0003352,ord-0003352,ord-0003352,user-00102,home,card,shipped,3,37.200000,0.000000,111.600000,1700301680,1700302086
orders-row-0003353,ord-0003353,ord-0003353,user-00103,sports,paypal,refunded,5,38.400000,0.150000,163.200000,1700301770,1700302189
orders-row-0003354,ord-0003354,ord-0003354,user-00104,electronics,bank_transfer,completed,2,40.300000,0.100000,72.540000,1700301860,1700302292
orders-row-0003355,ord-0003355,ord-0003355,user-00105,books,wallet,paid,4,42.400000,0.050000,161.120000,1700301950,1700302395
orders-row-0003356,ord-0003356,ord-0003356,user-00106,grocery,card,pending,1,43.700000,0.000000,43.700000,1700302040,1700302498
orders-row-0003357,ord-0003357,ord-0003357,user-00107,apparel,paypal,shipped,3,45.400000,0.150000,115.770000,1700302130,1700302601
orders-row-0003358,ord-0003358,ord-0003358,user-00108,home,bank_transfer,refunded,5,47.300000,0.100000,212.850000,1700302220,1700302704
orders-row-0003359,ord-0003359,ord-0003359,user-00109,sports,wallet,completed,2,49.000000,0.050000,93.100000,1700302310,1700302807
orders-row-0003360,ord-0003360,ord-0003360,user-00110,electronics,card,paid,4,50.800000,0.000000,203.200000,1700302400,1700302910
orders-row-0003361,ord-0003361,ord-0003361,user-00111,books,paypal,pending,1,51.900000,0.150000,44.110000,1700302490,1700303013
orders-row-0003362,ord-0003362,ord-0003362,user-00112,grocery,bank_transfer,shipped,3,54.300000,0.100000,146.610000,1700302580,1700303116
orders-row-0003363,ord-0003363,ord-0003363,user-00113,apparel,wallet,refunded,5,55.400000,0.050000,263.150000,1700302670,1700303219
orders-row-0003364,ord-0003364,ord-0003364,user-00114,home,card,completed,2,57.700000,0.000000,115.400000,1700302760,1700303322
orders-row-0003365,ord-0003365,ord-0003365,user-00115,sports,paypal,paid,4,59.100000,0.150000,200.940000,1700302850,1700303425
orders-row-0003366,ord-0003366,ord-0003366,user-00116,electronics,bank_transfer,pending,1,60.500000,0.100000,54.450000,1700302940,1700303528
orders-row-0003367,ord-0003367,ord-0003367,user-00117,books,wallet,shipped,3,62.800000,0.050000,178.980000,1700303030,1700303631
orders-row-0003368,ord-0003368,ord-0003368,user-00118,grocery,card,refunded,5,63.900000,0.000000,319.500000,1700303120,1700303734
orders-row-0003369,ord-0003369,ord-0003369,user-00119,apparel,paypal,completed,2,65.500000,0.150000,111.350000,1700303210,1700303837
orders-row-0003370,ord-0003370,ord-0003370,user-00120,home,bank_transfer,paid,4,67.000000,0.100000,241.200000,1700303300,1700303940
orders-row-0003371,ord-0003371,ord-0003371,user-00121,sports,wallet,pending,1,69.100000,0.050000,65.640000,1700303390,1700304043
orders-row-0003372,ord-0003372,ord-0003372,user-00122,electronics,card,shipped,3,70.400000,0.000000,211.200000,1700303480,1700304146
orders-row-0003373,ord-0003373,ord-0003373,user-00123,books,paypal,refunded,5,72.200000,0.150000,306.850000,1700303570,1700304249
orders-row-0003374,ord-0003374,ord-0003374,user-00124,grocery,bank_transfer,completed,2,74.700000,0.100000,134.460000,1700303660,1700304352
orders-row-0003375,ord-0003375,ord-0003375,user-00125,apparel,wallet,paid,4,76.400000,0.050000,290.320000,1700303750,1700304455
orders-row-0003376,ord-0003376,ord-0003376,user-00126,home,card,pending,1,77.800000,0.000000,77.800000,1700303840,1700304558
orders-row-0003377,ord-0003377,ord-0003377,user-00127,sports,paypal,shipped,3,9.300000,0.150000,23.710000,1700303930,1700304661
orders-row-0003378,ord-0003378,ord-0003378,user-00128,electronics,bank_transfer,refunded,5,11.500000,0.100000,51.750000,1700304020,1700304764
orders-row-0003379,ord-0003379,ord-0003379,user-00129,books,wallet,completed,2,12.700000,0.050000,24.130000,1700304110,1700304867
orders-row-0003380,ord-0003380,ord-0003380,user-00130,grocery,card,paid,4,14.000000,0.000000,56.000000,1700304200,1700304970
orders-row-0003381,ord-0003381,ord-0003381,user-00131,apparel,paypal,pending,1,16.300000,0.150000,13.860000,1700304290,1700305073
orders-row-0003382,ord-0003382,ord-0003382,user-00132,home,bank_transfer,shipped,3,18.200000,0.100000,49.140000,1700304380,1700305176
orders-row-0003383,ord-0003383,ord-0003383,user-00133,sports,wallet,refunded,5,19.800000,0.050000,94.050000,1700304470,1700305279
orders-row-0003384,ord-0003384,ord-0003384,user-00134,electronics,card,completed,2,20.800000,0.000000,41.600000,1700304560,1700305382
orders-row-0003385,ord-0003385,ord-0003385,user-00135,books,paypal,paid,4,22.700000,0.150000,77.180000,1700304650,1700305485
orders-row-0003386,ord-0003386,ord-0003386,user-00136,grocery,bank_transfer,pending,1,24.700000,0.100000,22.230000,1700304740,1700305588
orders-row-0003387,ord-0003387,ord-0003387,user-00137,apparel,wallet,shipped,3,26.100000,0.050000,74.390000,1700304830,1700305691
orders-row-0003388,ord-0003388,ord-0003388,user-00138,home,card,refunded,5,28.400000,0.000000,142.000000,1700304920,1700305794
orders-row-0003389,ord-0003389,ord-0003389,user-00139,sports,paypal,completed,2,30.000000,0.150000,51.000000,1700305010,1700305897
orders-row-0003390,ord-0003390,ord-0003390,user-00140,electronics,bank_transfer,paid,4,31.400000,0.100000,113.040000,1700305100,1700306000
orders-row-0003391,ord-0003391,ord-0003391,user-00141,books,wallet,pending,1,32.900000,0.050000,31.250000,1700305190,1700306103
orders-row-0003392,ord-0003392,ord-0003392,user-00142,grocery,card,shipped,3,35.000000,0.000000,105.000000,1700305280,1700306206
orders-row-0003393,ord-0003393,ord-0003393,user-00143,apparel,paypal,refunded,5,36.400000,0.150000,154.700000,1700305370,1700305409
orders-row-0003394,ord-0003394,ord-0003394,user-00144,home,bank_transfer,completed,2,38.500000,0.100000,69.300000,1700305460,1700305512
orders-row-0003395,ord-0003395,ord-0003395,user-00145,sports,wallet,paid,4,40.300000,0.050000,153.140000,1700305550,1700305615
orders-row-0003396,ord-0003396,ord-0003396,user-00146,electronics,card,pending,1,41.500000,0.000000,41.500000,1700305640,1700305718
orders-row-0003397,ord-0003397,ord-0003397,user-00147,books,paypal,shipped,3,43.600000,0.150000,111.180000,1700305730,1700305821
orders-row-0003398,ord-0003398,ord-0003398,user-00148,grocery,bank_transfer,refunded,5,45.000000,0.100000,202.500000,1700305820,1700305924
orders-row-0003399,ord-0003399,ord-0003399,user-00149,apparel,wallet,completed,2,46.800000,0.050000,88.920000,1700305910,1700306027
orders-row-0003400,ord-0003400,ord-0003400,user-00150,home,card,paid,4,48.900000,0.000000,195.600000,1700306000,1700306130
orders-row-0003401,ord-0003401,ord-0003401,user-00151,sports,paypal,pending,1,50.100000,0.150000,42.590000,1700306090,1700306233
orders-row-0003402,ord-0003402,ord-0003402,user-00152,electronics,bank_transfer,shipped,3,51.900000,0.100000,140.130000,1700306180,1700306336
orders-row-0003403,ord-0003403,ord-0003403,user-00153,books,wallet,refunded,5,53.100000,0.050000,252.220000,1700306270,1700306439
orders-row-0003404,ord-0003404,ord-0003404,user-00154,grocery,card,completed,2,55.300000,0.000000,110.600000,1700306360,1700306542
orders-row-0003405,ord-0003405,ord-0003405,user-00155,apparel,paypal,paid,4,56.600000,0.150000,192.440000,1700306450,1700306645
orders-row-0003406,ord-0003406,ord-0003406,user-00156,home,bank_transfer,pending,1,58.900000,0.100000,53.010000,1700306540,1700306748
orders-row-0003407,ord-0003407,ord-0003407,user-00157,sports,wallet,shipped,3,60.800000,0.050000,173.280000,1700306630,1700306851
orders-row-0003408,ord-0003408,ord-0003408,user-00158,electronics,card,refunded,5,62.400000,0.000000,312.000000,1700306720,1700306954
orders-row-0003409,ord-0003409,ord-0003409,user-00159,books,paypal,completed,2,63.500000,0.150000,107.950000,1700306810,1700307057
orders-row-0003410,ord-0003410,ord-0003410,user-00160,grocery,bank_transfer,paid,4,65.000000,0.100000,234.000000,1700306900,1700307160
orders-row-0003411,ord-0003411,ord-0003411,user-00161,apparel,wallet,pending,1,67.100000,0.050000,63.740000,1700306990,1700307263
orders-row-0003412,ord-0003412,ord-0003412,user-00162,home,card,shipped,3,68.700000,0.000000,206.100000,1700307080,1700307366
orders-row-0003413,ord-0003413,ord-0003413,user-00163,sports,paypal,refunded,5,70.400000,0.150000,299.200000,1700307170,1700307469
orders-row-0003414,ord-0003414,ord-0003414,user-00164,electronics,bank_transfer,completed,2,72.400000,0.100000,130.320000,1700307260,1700307572
orders-row-0003415,ord-0003415,ord-0003415,user-00165,books,wallet,paid,4,73.800000,0.050000,280.440000,1700307350,1700307675
orders-row-0003416,ord-0003416,ord-0003416,user-00166,grocery,card,pending,1,76.000000,0.000000,76.000000,1700307440,1700307778
orders-row-0003417,ord-0003417,ord-0003417,user-00167,apparel,paypal,shipped,3,77.300000,0.150000,197.110000,1700307530,1700307881
orders-row-0003418,ord-0003418,ord-0003418,user-00168,home,bank_transfer,refunded,5,9.400000,0.100000,42.300000,1700307620,1700307984
orders-row-0003419,ord-0003419,ord-0003419,user-00169,sports,wallet,completed,2,10.500000,0.050000,19.950000,1700307710,1700308087
orders-row-0003420,ord-0003420,ord-0003420,user-00170,electronics,card,paid,4,12.300000,0.000000,49.200000,1700307800,1700308190
orders-row-0003421,ord-0003421,ord-0003421,user-00171,books,paypal,pending,1,14.600000,0.150000,12.410000,1700307890,1700308293
orders-row-0003422,ord-0003422,ord-0003422,user-00172,grocery,bank_transfer,shipped,3,16.300000,0.100000,44.010000,1700307980,1700308396
orders-row-0003423,ord-0003423,ord-0003423,user-00173,apparel,wallet,refunded,5,17.500000,0.050000,83.120000,1700308070,1700308499
orders-row-0003424,ord-0003424,ord-0003424,user-00174,home,card,completed,2,19.500000,0.000000,39.000000,1700308160,1700308602
orders-row-0003425,ord-0003425,ord-0003425,user-00175,sports,paypal,paid,4,20.900000,0.150000,71.060000,1700308250,1700308705
orders-row-0003426,ord-0003426,ord-0003426,user-00176,electronics,bank_transfer,pending,1,22.500000,0.100000,20.250000,1700308340,1700308808
orders-row-0003427,ord-0003427,ord-0003427,user-00177,books,wallet,shipped,3,24.800000,0.050000,70.680000,1700308430,1700308911
orders-row-0003428,ord-0003428,ord-0003428,user-00178,grocery,card,refunded,5,26.200000,0.000000,131.000000,1700308520,1700309014
orders-row-0003429,ord-0003429,ord-0003429,user-00179,apparel,paypal,completed,2,27.700000,0.150000,47.090000,1700308610,1700309117
orders-row-0003430,ord-0003430,ord-0003430,user-00180,home,bank_transfer,paid,4,29.300000,0.100000,105.480000,1700308700,1700309220
orders-row-0003431,ord-0003431,ord-0003431,user-00181,sports,wallet,pending,1,31.400000,0.050000,29.830000,1700308790,1700309323
orders-row-0003432,ord-0003432,ord-0003432,user-00182,electronics,card,shipped,3,33.200000,0.000000,99.600000,1700308880,1700309426
orders-row-0003433,ord-0003433,ord-0003433,user-00183,books,paypal,refunded,5,34.600000,0.150000,147.050000,1700308970,1700309529
orders-row-0003434,ord-0003434,ord-0003434,user-00184,grocery,,completed,2,36.200000,0.100000,65.160000,1700309060,1700309632
orders-row-0003435,ord-0003435,ord-0003435,user-00185,apparel,wallet,paid,4,37.800000,0.050000,143.640000,1700309150,1700309735
orders-row-0003436,ord-0003436,ord-0003436,user-00186,home,card,pending,1,39.500000,0.000000,39.500000,1700309240,1700309838
orders-row-0003437,ord-0003437,ord-0003437,user-00187,sports,paypal,shipped,3,41.100000,0.150000,104.810000,1700309330,1700309941
orders-row-0003438,ord-0003438,ord-0003438,user-00188,electronics,bank_transfer,refunded,5,42.800000,0.100000,192.600000,1700309420,1700310044
orders-row-0003439,ord-0003439,ord-0003439,user-00189,books,wallet,completed,2,44.800000,0.050000,85.120000,1700309510,1700309390
orders-row-0003440,ord-0003440,ord-0003440,user-00190,grocery,card,paid,4,46.200000,0.000000,184.800000,1700309600,1700310250
orders-row-0003441,ord-0003441,ord-0003441,user-00191,apparel,paypal,pending,1,47.700000,0.150000,40.550000,1700309690,1700310353
orders-row-0003442,ord-0003442,ord-0003442,user-00192,home,bank_transfer,shipped,3,50.000000,0.100000,135.000000,1700309780,1700310456
orders-row-0003443,ord-0003443,ord-0003443,user-00193,sports,wallet,refunded,5,51.400000,0.050000,244.150000,1700309870,1700310559
orders-row-0003444,ord-0003444,ord-0003444,user-00194,electronics,card,completed,2,53.200000,0.000000,106.400000,1700309960,1700310662
orders-row-0003445,ord-0003445,ord-0003445,user-00195,books,paypal,paid,4,55.100000,0.150000,187.340000,1700310050,1700310765
orders-row-0003446,ord-0003446,ord-0003446,user-00196,grocery,bank_transfer,pending,1,56.900000,0.100000,51.210000,1700310140,1700310868
orders-row-0003447,ord-0003447,ord-0003447,user-00197,apparel,wallet,shipped,3,58.000000,0.050000,165.300000,1700310230,1700310971
orders-row-0003448,ord-0003448,ord-0003448,user-00198,home,card,refunded,5,60.300000,0.000000,301.500000,1700310320,1700311074
orders-row-0003449,ord-0003449,ord-0003449,user-00199,sports,paypal,completed,2,61.500000,0.150000,104.550000,1700310410,1700311177
orders-row-0003450,ord-0003450,ord-0003450,user-00200,electronics,bank_transfer,paid,4,63.500000,0.100000,228.600000,1700310500,1700311280
orders-row-0003451,ord-0003451,ord-0003451,user-00201,books,wallet,pending,1,64.900000,0.050000,61.660000,1700310590,1700311383
orders-row-0003452,ord-0003452,ord-0003452,user-00202,grocery,card,shipped,3,66.900000,0.000000,200.700000,1700310680,1700311486
orders-row-0003453,ord-0003453,ord-0003453,user-00203,apparel,paypal,refunded,5,69.000000,0.150000,293.250000,1700310770,1700311589
orders-row-0003454,ord-0003454,ord-0003454,user-00204,home,bank_transfer,completed,2,70.100000,0.100000,126.180000,1700310860,1700311692
orders-row-0003455,ord-0003455,ord-0003455,user-00205,sports,wallet,paid,4,72.100000,0.050000,273.980000,1700310950,1700311795
orders-row-0003456,ord-0003456,ord-0003456,user-00206,electronics,card,pending,1,73.200000,0.000000,73.200000,1700311040,1700311898
orders-row-0003457,ord-0003457,ord-0003457,user-00207,books,paypal,shipped,3,75.700000,0.150000,193.040000,1700311130,1700312001
orders-row-0003458,ord-0003458,ord-0003458,user-00208,grocery,bank_transfer,refunded,5,76.800000,0.100000,345.600000,1700311220,1700312104
orders-row-0003459,ord-0003459,ord-0003459,user-00209,apparel,wallet,completed,2,8.600000,0.050000,16.340000,1700311310,1700312207
orders-row-0003460,ord-0003460,ord-0003460,user-00210,home,card,paid,4,10.600000,0.000000,42.400000,1700311400,1700312310
orders-row-0003461,ord-0003461,ord-0003461,user-00211,sports,paypal,pending,1,11.800000,0.150000,10.030000,1700311490,1700312413
orders-row-0003462,ord-0003462,ord-0003462,user-00212,electronics,bank_transfer,shipped,3,14.100000,0.100000,38.070000,1700311580,1700311616
orders-row-0003463,ord-0003463,ord-0003463,user-00213,books,wallet,refunded,5,15.800000,0.050000,75.050000,1700311670,1700311719
orders-row-0003464,ord-0003464,ord-0003464,user-00214,grocery,card,completed,2,17.300000,0.000000,34.600000,1700311760,1700311822
orders-row-0003465,ord-0003465,ord-0003465,user-00215,apparel,paypal,paid,4,19.400000,0.150000,65.960000,1700311850,1700311925
orders-row-0003466,ord-0003466,ord-0003466,user-00216,home,bank_transfer,pending,1,20.600000,0.100000,18.540000,1700311940,1700312028
orders-row-0003467,ord-0003467,ord-0003467,user-00217,sports,wallet,shipped,3,22.300000,0.050000,63.550000,1700312030,1700312131
orders-row-0003468,ord-0003468,ord-0003468,user-00218,electronics,card,refunded,5,23.900000,0.000000,119.500000,1700312120,1700312234
orders-row-0003469,ord-0003469,ord-0003469,user-00219,books,paypal,completed,2,25.400000,0.150000,43.180000,1700312210,1700312337
orders-row-0003470,ord-0003470,ord-0003470,user-00220,grocery,bank_transfer,paid,4,27.100000,0.100000,97.560000,1700312300,1700312440
orders-row-0003471,ord-0003471,ord-0003471,user-00221,apparel,wallet,pending,1,29.300000,0.050000,27.840000,1700312390,1700312543
orders-row-0003472,ord-0003472,ord-0003472,user-00222,home,card,shipped,3,31.300000,0.000000,93.900000,1700312480,1700312646
orders-row-0003473,ord-0003473,ord-0003473,user-00223,sports,paypal,refunded,5,32.100000,0.150000,136.420000,1700312570,1700312749
orders-row-0003474,ord-0003474,ord-0003474,user-00224,electronics,bank_transfer,completed,2,34.200000,0.100000,61.560000,1700312660,1700312852
orders-row-0003475,ord-0003475,ord-0003475,user-00225,books,wallet,paid,4,35.700000,0.050000,135.660000,1700312750,1700312955
orders-row-0003476,ord-0003476,ord-0003476,user-00226,grocery,card,pending,1,38.000000,0.000000,38.000000,1700312840,1700313058
orders-row-0003477,ord-0003477,ord-0003477,user-00227,apparel,paypal,shipped,3,38.900000,0.150000,99.190000,1700312930,1700313161
orders-row-0003478,ord-0003478,ord-0003478,user-00228,home,bank_transfer,refunded,5,40.700000,0.100000,183.150000,1700313020,1700313264
orders-row-0003479,ord-0003479,ord-0003479,user-00229,sports,wallet,completed,2,43.100000,0.050000,81.890000,1700313110,1700313367
orders-row-0003480,ord-0003480,ord-0003480,user-00230,electronics,card,paid,4,44.400000,0.000000,177.600000,1700313200,1700313470
orders-row-0003481,ord-0003481,ord-0003481,user-00231,books,paypal,pending,1,45.700000,0.150000,38.840000,1700313290,1700313573
orders-row-0003482,ord-0003482,ord-0003482,user-00232,grocery,bank_transfer,shipped,3,47.600000,0.100000,128.520000,1700313380,1700313676
orders-row-0003483,ord-0003483,ord-0003483,user-00233,apparel,wallet,refunded,5,49.100000,0.050000,233.220000,1700313470,1700313779
orders-row-0003484,ord-0003484,ord-0003484,user-00234,home,card,completed,2,51.100000,0.000000,102.200000,1700313560,1700313882
orders-row-0003485,ord-0003485,ord-0003485,user-00235,sports,paypal,paid,4,53.400000,0.150000,181.560000,1700313650,1700313985
orders-row-0003486,ord-0003486,ord-0003486,user-00236,electronics,bank_transfer,pending,1,54.800000,0.100000,49.320000,1700313740,1700314088
orders-row-0003487,ord-0003487,ord-0003487,user-00237,books,wallet,shipped,3,56.300000,0.050000,160.450000,1700313830,1700314191
orders-row-0003488,ord-0003488,ord-0003488,user-00238,grocery,card,refunded,5,58.200000,0.000000,291.000000,1700313920,1700314294
orders-row-0003489,ord-0003489,ord-0003489,user-00239,apparel,paypal,completed,2,59.600000,0.150000,101.320000,1700314010,1700314397
orders-row-0003490,ord-0003490,ord-0003490,user-00240,home,bank_transfer,paid,4,61.500000,0.100000,221.400000,1700314100,1700314500
orders-row-0003491,ord-0003491,ord-0003491,user-00241,sports,wallet,pending,1,62.800000,0.050000,59.660000,1700314190,1700314603
orders-row-0003492,ord-0003492,ord-0003492,user-00242,electronics,card,shipped,3,65.300000,0.000000,195.900000,1700314280,1700314706
orders-row-0003493,ord-0003493,ord-0003493,user-00243,books,paypal,refunded,5,66.100000,0.150000,280.930000,1700314370,1700314809
orders-row-0003494,ord-0003494,ord-0003494,user-00244,grocery,bank_transfer,completed,2,68.000000,0.100000,122.400000,1700314460,1700314912
orders-row-0003495,ord-0003495,ord-0003495,user-00245,apparel,wallet,paid,4,69.600000,0.050000,264.480000,1700314550,1700315015
orders-row-0003496,ord-0003496,ord-0003496,user-00246,home,card,pending,1,71.800000,0.000000,71.800000,1700314640,1700315118
orders-row-0003497,ord-0003497,ord-0003497,user-00247,sports,paypal,shipped,3,73.200000,0.150000,186.660000,1700314730,1700315221
orders-row-0003498,ord-0003498,ord-0003498,user-00248,electronics,bank_transfer,refunded,5,75.100000,0.100000,337.950000,1700314820,1700315324
orders-row-0003499,ord-0003499,ord-0003499,user-00249,books,wallet,completed,2,77.200000,0.050000,146.680000,1700314910,1700315427
orders-row-0003500,ord-0003500,ord-0003500,user-00000,grocery,card,paid,4,8.200000,0.000000,32.800000,1700315000,1700315530
orders-row-0003501,ord-0003501,ord-0003501,user-00001,apparel,paypal,pending,1,10.100000,0.150000,8.580000,1700315090,1700315633
orders-row-0003502,ord-0003502,ord-0003502,user-00002,home,bank_transfer,shipped,3,12.100000,0.100000,32.670000,1700315180,1700315736
orders-row-0003503,ord-0003503,ord-0003503,user-00003,sports,wallet,refunded,5,13.500000,0.050000,64.120000,1700315270,1700315839
orders-row-0003504,ord-0003504,ord-0003504,user-00004,electronics,card,completed,2,15.700000,0.000000,31.400000,1700315360,1700315942
orders-row-0003505,ord-0003505,ord-0003505,user-00005,books,paypal,paid,4,16.900000,0.150000,57.460000,1700315450,1700316045
orders-row-0003506,ord-0003506,ord-0003506,user-00006,grocery,bank_transfer,pending,1,18.300000,0.100000,16.470000,1700315540,1700316148
orders-row-0003507,ord-0003507,ord-0003507,user-00007,apparel,wallet,shipped,3,20.200000,0.050000,57.570000,1700315630,1700316251
orders-row-0003508,ord-0003508,ord-0003508,user-00008,home,card,__CD_RARE_ORDERS_TRANSACTIONS_ORDER_STATUS_011__,5,21.900000,0.000000,109.500000,1700315720,1700316354
orders-row-0003509,ord-0003509,ord-0003509,user-00009,sports,paypal,completed,2,24.200000,0.150000,41.140000,1700315810,1700316457
orders-row-0003510,ord-0003510,ord-0003510,user-00010,electronics,bank_transfer,paid,4,25.200000,0.100000,90.720000,1700315900,1700316560
orders-row-0003511,ord-0003511,ord-0003511,user-00011,__CD_RARE_ORDERS_TRANSACTIONS_PRODUCT_CATEGORY_012__,wallet,pending,1,26.900000,0.050000,25.550000,1700315990,1700316663
orders-row-0003512,ord-0003512,ord-0003512,user-00012,grocery,card,shipped,3,28.600000,0.000000,85.800000,1700316080,1700316766
orders-row-0003513,ord-0003513,ord-0003513,user-00013,apparel,paypal,refunded,5,30.100000,0.150000,127.920000,1700316170,1700316869
orders-row-0003514,ord-0003514,ord-0003514,user-00014,home,bank_transfer,completed,2,32.300000,0.100000,58.140000,1700316260,1700316972
orders-row-0003515,ord-0003515,ord-0003515,user-00015,sports,wallet,paid,4,34.100000,0.050000,129.580000,1700316350,1700317075
orders-row-0003516,ord-0003516,ord-0003516,user-00016,electronics,card,pending,1,35.400000,0.000000,35.400000,1700316440,1700317178
orders-row-0003517,ord-0003517,ord-0003517,user-00017,books,paypal,shipped,3,37.300000,0.150000,95.110000,1700316530,1700317281
orders-row-0003518,ord-0003518,ord-0003518,user-00018,grocery,bank_transfer,refunded,5,38.600000,0.100000,173.700000,1700316620,1700317384
orders-row-0003519,ord-0003519,ord-0003519,user-00019,apparel,wallet,completed,2,40.300000,0.050000,76.570000,1700316710,1700317487
orders-row-0003520,ord-0003520,ord-0003520,user-00020,home,card,paid,4,42.600000,0.000000,170.400000,1700316800,1700317590
orders-row-0003521,ord-0003521,ord-0003521,user-00021,sports,paypal,pending,1,43.700000,0.150000,37.150000,1700316890,1700317693
orders-row-0003522,ord-0003522,ord-0003522,user-00022,electronics,bank_transfer,shipped,3,46.300000,0.100000,125.010000,1700316980,1700317796
orders-row-0003523,ord-0003523,ord-0003523,user-00023,books,wallet,refunded,5,47.200000,0.050000,224.200000,1700317070,1700317899
orders-row-0003524,ord-0003524,ord-0003524,user-00024,grocery,card,completed,2,49.400000,0.000000,98.800000,1700317160,1700318002
orders-row-0003525,ord-0003525,ord-0003525,user-00025,apparel,paypal,paid,4,50.500000,0.150000,171.700000,1700317250,1700318105
orders-row-0003526,ord-0003526,ord-0003526,user-00026,home,bank_transfer,pending,1,53.100000,0.100000,47.790000,1700317340,1700318208
orders-row-0003527,ord-0003527,ord-0003527,user-00027,sports,wallet,shipped,3,54.400000,0.050000,155.040000,1700317430,1700318311
orders-row-0003528,ord-0003528,ord-0003528,user-00028,electronics,card,refunded,5,55.800000,0.000000,279.000000,1700317520,1700318414
orders-row-0003529,ord-0003529,ord-0003529,user-00029,books,paypal,completed,2,58.200000,0.150000,98.940000,1700317610,1700318517
orders-row-0003530,ord-0003530,ord-0003530,user-00030,grocery,bank_transfer,paid,4,59.100000,0.100000,212.760000,1700317700,1700318620
orders-row-0003531,ord-0003531,ord-0003531,user-00031,apparel,wallet,pending,1,61.000000,0.050000,57.950000,1700317790,1700317823
orders-row-0003532,ord-0003532,ord-0003532,user-00032,home,card,shipped,3,62.900000,0.000000,188.700000,1700317880,1700317926
orders-row-0003533,ord-0003533,ord-0003533,user-00033,sports,paypal,refunded,5,64.900000,0.150000,275.820000,1700317970,1700318029
orders-row-0003534,ord-0003534,ord-0003534,user-00034,electronics,bank_transfer,completed,2,66.200000,0.100000,119.160000,1700318060,1700318132
orders-row-0003535,ord-0003535,ord-0003535,user-00035,books,wallet,paid,4,67.600000,0.050000,256.880000,1700318150,1700318235
orders-row-0003536,ord-0003536,ord-0003536,user-00036,grocery,card,pending,1,69.200000,0.000000,69.200000,1700318240,1700318338
orders-row-0003537,ord-0003537,ord-0003537,user-00037,apparel,paypal,shipped,3,71.500000,0.150000,182.320000,1700318330,1700318441
orders-row-0003538,ord-0003538,ord-0003538,user-00038,home,bank_transfer,refunded,5,72.900000,0.100000,328.050000,1700318420,1700318544
orders-row-0003539,ord-0003539,ord-0003539,user-00039,sports,wallet,completed,2,75.200000,0.050000,142.880000,1700318510,1700318647
orders-row-0003540,ord-0003540,ord-0003540,user-00040,electronics,card,paid,4,76.600000,0.000000,306.400000,1700318600,1700318750
orders-row-0003541,ord-0003541,ord-0003541,user-00041,books,paypal,pending,1,8.300000,0.150000,7.060000,1700318690,1700318853
orders-row-0003542,ord-0003542,ord-0003542,user-00042,grocery,bank_transfer,shipped,3,9.400000,0.100000,25.380000,1700318780,1700318956
orders-row-0003543,ord-0003543,ord-0003543,user-00043,apparel,wallet,refunded,5,11.700000,0.050000,55.570000,1700318870,1700319059
orders-row-0003544,ord-0003544,ord-0003544,user-00044,home,card,completed,2,13.600000,0.000000,27.200000,1700318960,1700319162
orders-row-0003545,ord-0003545,ord-0003545,user-00045,sports,paypal,paid,4,15.300000,0.150000,52.020000,1700319050,1700319265
orders-row-0003546,ord-0003546,ord-0003546,user-00046,electronics,bank_transfer,pending,1,17.000000,0.100000,15.300000,1700319140,1700319368
orders-row-0003547,ord-0003547,ord-0003547,user-00047,books,wallet,shipped,3,18.700000,0.050000,53.290000,1700319230,1700319471
orders-row-0003548,ord-0003548,ord-0003548,user-00048,grocery,card,refunded,5,20.300000,0.000000,101.500000,1700319320,1700319574
orders-row-0003549,ord-0003549,ord-0003549,user-00049,apparel,paypal,completed,2,22.200000,0.150000,37.740000,1700319410,1700319677
orders-row-0003550,ord-0003550,ord-0003550,user-00050,home,bank_transfer,paid,4,23.500000,0.100000,84.600000,1700319500,1700319780
orders-row-0003551,ord-0003551,ord-0003551,user-00051,sports,wallet,pending,1,25.600000,0.050000,24.320000,1700319590,1700319883
orders-row-0003552,ord-0003552,ord-0003552,user-00052,electronics,card,shipped,3,27.300000,0.000000,81.900000,1700319680,1700319986
orders-row-0003553,ord-0003553,ord-0003553,user-00053,books,paypal,refunded,5,28.900000,0.150000,122.830000,1700319770,1700320089
orders-row-0003554,ord-0003554,ord-0003554,user-00054,grocery,bank_transfer,completed,2,30.100000,0.100000,54.180000,1700319860,1700320192
orders-row-0003555,ord-0003555,ord-0003555,user-00055,apparel,wallet,paid,4,32.300000,0.050000,122.740000,1700319950,1700320295
orders-row-0003556,ord-0003556,ord-0003556,user-00056,home,card,pending,1,33.300000,0.000000,33.300000,1700320040,1700320398
orders-row-0003557,ord-0003557,ord-0003557,user-00057,sports,paypal,shipped,3,35.500000,0.150000,90.520000,1700320130,1700320501
orders-row-0003558,ord-0003558,ord-0003558,user-00058,electronics,bank_transfer,refunded,5,37.200000,0.100000,167.400000,1700320220,1700320604
orders-row-0003559,ord-0003559,ord-0003559,user-00059,books,wallet,completed,2,38.400000,0.050000,72.960000,1700320310,1700320707
orders-row-0003560,ord-0003560,ord-0003560,user-00060,grocery,card,paid,4,40.100000,0.000000,160.400000,1700320400,1700320810
orders-row-0003561,ord-0003561,ord-0003561,user-00061,apparel,paypal,pending,1,42.600000,0.150000,36.210000,1700320490,1700320913
orders-row-0003562,ord-0003562,ord-0003562,user-00062,home,bank_transfer,shipped,3,43.400000,0.100000,117.180000,1700320580,1700321016
orders-row-0003563,ord-0003563,ord-0003563,user-00063,sports,wallet,refunded,5,45.700000,0.050000,217.070000,1700320670,1700321119
orders-row-0003564,ord-0003564,ord-0003564,user-00064,electronics,card,completed,2,47.700000,0.000000,95.400000,1700320760,1700321222
orders-row-0003565,ord-0003565,ord-0003565,user-00065,books,paypal,paid,4,49.200000,0.150000,167.280000,1700320850,1700321325
orders-row-0003566,ord-0003566,ord-0003566,user-00066,grocery,bank_transfer,pending,1,50.500000,0.100000,45.450000,1700320940,1700321428
orders-row-0003567,ord-0003567,ord-0003567,user-00067,apparel,wallet,shipped,3,52.200000,0.050000,148.770000,1700321030,1700321531
orders-row-0003568,ord-0003568,ord-0003568,user-00068,home,card,refunded,5,53.700000,0.000000,268.500000,1700321120,1700321634
orders-row-0003569,ord-0003569,ord-0003569,user-00069,sports,paypal,completed,2,56.000000,0.150000,95.200000,1700321210,1700321737
orders-row-0003570,ord-0003570,ord-0003570,user-00070,electronics,bank_transfer,paid,4,57.700000,0.100000,207.720000,1700321300,1700321840
orders-row-0003571,ord-0003571,ord-0003571,user-00071,books,wallet,pending,1,58.900000,0.050000,55.950000,1700321390,1700321943
orders-row-0003572,ord-0003572,ord-0003572,user-00072,grocery,card,shipped,3,61.000000,0.000000,183.000000,1700321480,1700322046
orders-row-0003573,ord-0003573,ord-0003573,user-00073,apparel,paypal,refunded,5,62.800000,0.150000,266.900000,1700321570,1700322149
orders-row-0003574,ord-0003574,ord-0003574,user-00074,home,bank_transfer,completed,2,64.400000,0.100000,115.920000,1700321660,1700322252
orders-row-0003575,ord-0003575,ord-0003575,user-00075,sports,wallet,paid,4,65.800000,0.050000,250.040000,1700321750,1700322355
orders-row-0003576,ord-0003576,ord-0003576,user-00076,electronics,card,pending,1,68.000000,0.000000,68.000000,1700321840,1700322458
orders-row-0003577,ord-0003577,ord-0003577,user-00077,books,paypal,shipped,3,69.800000,0.150000,177.990000,1700321930,1700322561
orders-row-0003578,ord-0003578,ord-0003578,user-00078,grocery,bank_transfer,refunded,5,71.500000,0.100000,321.750000,1700322020,1700322664
orders-row-0003579,ord-0003579,ord-0003579,user-00079,apparel,wallet,completed,2,72.700000,0.050000,138.130000,1700322110,1700322767
orders-row-0003580,ord-0003580,ord-0003580,user-00080,home,card,paid,4,74.400000,0.000000,297.600000,1700322200,1700322870
orders-row-0003581,ord-0003581,ord-0003581,user-00081,sports,paypal,pending,1,76.200000,0.150000,64.770000,1700322290,1700322973
orders-row-0003582,ord-0003582,ord-0003582,user-00082,electronics,bank_transfer,shipped,3,8.200000,0.100000,22.140000,1700322380,1700323076
orders-row-0003583,ord-0003583,ord-0003583,user-00083,books,wallet,refunded,5,9.600000,0.050000,45.600000,1700322470,1700323179
orders-row-0003584,ord-0003584,ord-0003584,user-00084,grocery,card,completed,2,10.800000,0.000000,21.600000,1700322560,1700323282
orders-row-0003585,ord-0003585,ord-0003585,user-00085,apparel,paypal,paid,4,12.900000,0.150000,43.860000,1700322650,1700323385
orders-row-0003586,ord-0003586,ord-0003586,user-00086,home,bank_transfer,pending,1,14.600000,0.100000,13.140000,1700322740,1700323488
orders-row-0003587,ord-0003587,ord-0003587,user-00087,sports,wallet,shipped,3,16.200000,0.050000,46.170000,1700322830,1700323591
orders-row-0003588,ord-0003588,ord-0003588,user-00088,electronics,card,refunded,5,17.800000,0.000000,89.000000,1700322920,1700323694
orders-row-0003589,ord-0003589,ord-0003589,user-00089,books,paypal,completed,2,20.200000,0.150000,34.340000,1700323010,1700323797
orders-row-0003590,ord-0003590,ord-0003590,user-00090,grocery,bank_transfer,paid,4,21.100000,0.100000,75.960000,1700323100,1700323900
orders-row-0003591,ord-0003591,ord-0003591,user-00091,apparel,wallet,pending,1,22.800000,0.050000,21.660000,1700323190,1700324003
orders-row-0003592,ord-0003592,ord-0003592,user-00092,home,card,shipped,3,25.300000,0.000000,75.900000,1700323280,1700324106
orders-row-0003593,ord-0003593,ord-0003593,user-00093,sports,paypal,refunded,5,26.600000,0.150000,113.050000,1700323370,1700324209
orders-row-0003594,ord-0003594,ord-0003594,user-00094,electronics,bank_transfer,completed,2,28.400000,0.100000,51.120000,1700323460,1700324312
orders-row-0003595,ord-0003595,ord-0003595,user-00095,books,wallet,paid,4,29.500000,0.050000,112.100000,1700323550,1700324415
orders-row-0003596,ord-0003596,ord-0003596,user-00096,grocery,card,pending,1,31.400000,0.000000,31.400000,1700323640,1700324518
orders-row-0003597,ord-0003597,ord-0003597,user-00097,apparel,paypal,shipped,3,33.200000,0.150000,84.660000,1700323730,1700324621
orders-row-0003598,ord-0003598,ord-0003598,user-00098,home,bank_transfer,refunded,5,34.800000,0.100000,156.600000,1700323820,1700324724
orders-row-0003599,ord-0003599,ord-0003599,user-00099,sports,wallet,completed,2,36.600000,0.050000,69.540000,1700323910,1700324827
orders-row-0003600,ord-0003600,ord-0003600,user-00100,electronics,card,paid,4,38.100000,0.000000,152.400000,1700324000,1700324030
orders-row-0003601,ord-0003601,ord-0003601,user-00101,books,paypal,pending,1,40.000000,0.150000,34.000000,1700324090,1700324133
orders-row-0003602,ord-0003602,ord-0003602,user-00102,grocery,bank_transfer,shipped,3,41.800000,0.100000,112.860000,1700324180,1700324236
orders-row-0003603,ord-0003603,ord-0003603,user-00103,apparel,wallet,refunded,5,43.100000,0.050000,204.720000,1700324270,1700324339
orders-row-0003604,ord-0003604,ord-0003604,user-00104,home,card,completed,2,45.600000,0.000000,91.200000,1700324360,1700324442
orders-row-0003605,ord-0003605,ord-0003605,user-00105,sports,paypal,paid,4,47.100000,0.150000,160.140000,1700324450,1700324545
orders-row-0003606,ord-0003606,ord-0003606,user-00106,electronics,bank_transfer,pending,1,48.500000,0.100000,43.650000,1700324540,1700324648
orders-row-0003607,ord-0003607,ord-0003607,user-00107,books,wallet,shipped,3,50.600000,0.050000,144.210000,1700324630,1700324751
orders-row-0003608,ord-0003608,ord-0003608,user-00108,grocery,card,refunded,5,52.200000,0.000000,261.000000,1700324720,1700324854
orders-row-0003609,ord-0003609,ord-0003609,user-00109,apparel,paypal,completed,2,53.300000,0.150000,90.610000,1700324810,1700324957
orders-row-0003610,ord-0003610,ord-0003610,user-00110,home,bank_transfer,paid,4,55.500000,0.100000,199.800000,1700324900,1700325060
orders-row-0003611,ord-0003611,ord-0003611,user-00111,sports,wallet,pending,1,57.500000,0.050000,54.620000,1700324990,1700325163
orders-row-0003612,ord-0003612,ord-0003612,user-00112,electronics,card,shipped,3,58.400000,0.000000,175.200000,1700325080,1700325266
orders-row-0003613,ord-0003613,ord-0003613,user-00113,books,paypal,refunded,5,60.800000,0.150000,258.400000,1700325170,1700325369
orders-row-0003614,ord-0003614,ord-0003614,user-00114,grocery,bank_transfer,completed,2,62.400000,0.100000,112.320000,1700325260,1700325472
orders-row-0003615,ord-0003615,ord-0003615,user-00115,apparel,wallet,paid,4,63.900000,0.050000,242.820000,1700325350,1700325575
orders-row-0003616,ord-0003616,ord-0003616,user-00116,home,card,pending,1,65.200000,0.000000,65.200000,1700325440,1700325678
orders-row-0003617,ord-0003617,ord-0003617,user-00117,sports,paypal,shipped,3,67.700000,0.150000,172.640000,1700325530,1700325781
orders-row-0003618,ord-0003618,ord-0003618,user-00118,electronics,bank_transfer,refunded,5,69.300000,0.100000,311.850000,1700325620,1700325884
orders-row-0003619,ord-0003619,ord-0003619,user-00119,books,wallet,completed,2,70.400000,0.050000,133.760000,1700325710,1700325987
orders-row-0003620,ord-0003620,ord-0003620,user-00120,grocery,card,paid,4,72.900000,0.000000,291.600000,1700325800,1700326090
orders-row-0003621,ord-0003621,ord-0003621,user-00121,apparel,paypal,pending,1,74.500000,0.150000,63.320000,1700325890,1700326193
orders-row-0003622,ord-0003622,ord-0003622,user-00122,home,bank_transfer,shipped,3,76.200000,0.100000,205.740000,1700325980,1700326296
orders-row-0003623,ord-0003623,ord-0003623,user-00123,sports,wallet,refunded,5,77.400000,0.050000,367.650000,1700326070,1700326399
orders-row-0003624,ord-0003624,ord-0003624,user-00124,electronics,card,completed,2,9.000000,0.000000,18.000000,1700326160,1700326502
orders-row-0003625,ord-0003625,ord-0003625,user-00125,books,paypal,paid,4,11.200000,0.150000,38.080000,1700326250,1700326605
orders-row-0003626,ord-0003626,ord-0003626,user-00126,grocery,bank_transfer,pending,1,12.600000,0.100000,11.340000,1700326340,1700326708
orders-row-0003627,ord-0003627,ord-0003627,user-00127,apparel,wallet,shipped,3,14.100000,0.050000,40.180000,1700326430,1700326811
orders-row-0003628,ord-0003628,ord-0003628,user-00128,home,card,refunded,5,16.200000,0.000000,81.000000,1700326520,1700326914
orders-row-0003629,ord-0003629,ord-0003629,user-00129,sports,paypal,completed,2,17.400000,0.150000,29.580000,1700326610,1700327017
orders-row-0003630,ord-0003630,ord-0003630,user-00130,electronics,bank_transfer,paid,4,19.100000,0.100000,68.760000,1700326700,1700327120
orders-row-0003631,ord-0003631,ord-0003631,user-00131,books,wallet,pending,1,20.900000,0.050000,19.850000,1700326790,1700327223
orders-row-0003632,ord-0003632,ord-0003632,user-00132,grocery,card,shipped,3,23.000000,0.000000,69.000000,1700326880,1700327326
orders-row-0003633,ord-0003633,ord-0003633,user-00133,apparel,paypal,refunded,5,24.300000,0.150000,103.270000,1700326970,1700327429
orders-row-0003634,ord-0003634,ord-0003634,user-00134,home,bank_transfer,completed,2,26.400000,0.100000,47.520000,1700327060,1700327532
orders-row-0003635,ord-0003635,ord-0003635,user-00135,sports,wallet,paid,4,27.800000,0.050000,105.640000,1700327150,1700327635
orders-row-0003636,ord-0003636,ord-0003636,user-00136,electronics,card,pending,1,29.700000,0.000000,29.700000,1700327240,1700327738
orders-row-0003637,ord-0003637,ord-0003637,user-00137,books,paypal,shipped,3,31.300000,0.150000,79.810000,1700327330,1700327841
orders-row-0003638,ord-0003638,ord-0003638,user-00138,grocery,bank_transfer,refunded,5,32.700000,0.100000,147.150000,1700327420,1700327944
orders-row-0003639,ord-0003639,ord-0003639,user-00139,apparel,wallet,completed,2,35.200000,0.050000,66.880000,1700327510,1700328047
orders-row-0003640,ord-0003640,ord-0003640,user-00140,home,card,paid,4,36.300000,0.000000,145.200000,1700327600,1700328150
orders-row-0003641,ord-0003641,ord-0003641,user-00141,sports,paypal,pending,1,38.500000,0.150000,32.730000,1700327690,1700328253
orders-row-0003642,ord-0003642,ord-0003642,user-00142,electronics,bank_transfer,shipped,3,40.100000,0.100000,108.270000,1700327780,1700328356
orders-row-0003643,ord-0003643,ord-0003643,user-00143,books,wallet,refunded,5,41.100000,0.050000,195.220000,1700327870,1700328459
orders-row-0003644,ord-0003644,ord-0003644,user-00144,grocery,card,completed,2,43.400000,0.000000,86.800000,1700327960,1700328562
orders-row-0003645,ord-0003645,ord-0003645,user-00145,apparel,paypal,paid,4,45.400000,0.150000,154.360000,1700328050,1700328665
orders-row-0003646,ord-0003646,ord-0003646,user-00146,home,bank_transfer,pending,1,,0.100000,42.030000,1700328140,1700328768
orders-row-0003647,ord-0003647,ord-0003647,user-00147,sports,wallet,shipped,3,48.700000,0.050000,138.800000,1700328230,1700328871
orders-row-0003648,ord-0003648,ord-0003648,user-00148,electronics,card,refunded,5,50.000000,0.000000,250.000000,1700328320,1700328974
orders-row-0003649,ord-0003649,ord-0003649,user-00149,books,paypal,completed,2,51.500000,0.150000,87.550000,1700328410,1700329077
orders-row-0003650,ord-0003650,ord-0003650,user-00150,grocery,bank_transfer,paid,4,53.000000,0.100000,190.800000,1700328500,1700329180
orders-row-0003651,ord-0003651,ord-0003651,user-00151,apparel,wallet,pending,1,55.300000,0.050000,52.530000,1700328590,1700329283
orders-row-0003652,ord-0003652,ord-0003652,user-00152,home,card,shipped,3,56.400000,0.000000,169.200000,1700328680,1700329386
orders-row-0003653,ord-0003653,ord-0003653,user-00153,sports,paypal,refunded,5,59.000000,0.150000,250.750000,1700328770,1700329489
orders-row-0003654,ord-0003654,ord-0003654,user-00154,electronics,bank_transfer,completed,2,60.300000,0.100000,108.540000,1700328860,1700329592
orders-row-0003655,ord-0003655,ord-0003655,user-00155,books,wallet,paid,4,62.000000,0.050000,235.600000,1700328950,1700329695
orders-row-0003656,ord-0003656,ord-0003656,user-00156,grocery,card,pending,1,63.800000,0.000000,63.800000,1700329040,1700329798
orders-row-0003657,ord-0003657,ord-0003657,user-00157,apparel,paypal,shipped,3,65.600000,0.150000,167.280000,1700329130,1700329901
orders-row-0003658,ord-0003658,ord-0003658,user-00158,home,bank_transfer,refunded,5,66.600000,0.100000,299.700000,1700329220,1700330004
orders-row-0003659,ord-0003659,ord-0003659,user-00159,sports,wallet,completed,2,68.600000,0.050000,130.340000,1700329310,1700330107
orders-row-0003660,ord-0003660,ord-0003660,user-00160,electronics,card,paid,4,70.900000,0.000000,283.600000,1700329400,1700330210
orders-row-0003661,ord-0003661,ord-0003661,user-00161,books,paypal,pending,1,72.300000,0.150000,61.450000,1700329490,1700330313
orders-row-0003662,ord-0003662,ord-0003662,user-00162,grocery,bank_transfer,shipped,3,73.800000,0.100000,199.260000,1700329580,1700330416
orders-row-0003663,ord-0003663,ord-0003663,user-00163,apparel,wallet,refunded,5,75.500000,0.050000,358.620000,1700329670,1700330519
orders-row-0003664,ord-0003664,ord-0003664,user-00164,home,card,completed,2,77.700000,0.000000,155.400000,1700329760,1700330622
orders-row-0003665,ord-0003665,ord-0003665,user-00165,sports,paypal,paid,4,8.700000,0.150000,29.580000,1700329850,1700330725
orders-row-0003666,ord-0003666,ord-0003666,user-00166,electronics,bank_transfer,pending,1,10.400000,0.100000,9.360000,1700329940,1700330828
orders-row-0003667,ord-0003667,ord-0003667,user-00167,books,wallet,shipped,3,12.500000,0.050000,35.620000,1700330030,1700330931
orders-row-0003668,ord-0003668,ord-0003668,user-00168,grocery,card,refunded,5,14.000000,0.000000,70.000000,1700330120,1700331034
orders-row-0003669,ord-0003669,ord-0003669,user-00169,apparel,paypal,completed,2,16.200000,0.150000,27.540000,1700330210,1700331137
orders-row-0003670,ord-0003670,ord-0003670,user-00170,home,bank_transfer,paid,4,17.100000,0.100000,61.560000,1700330300,1700330340
orders-row-0003671,ord-0003671,ord-0003671,user-00171,sports,wallet,pending,1,19.300000,0.050000,18.340000,1700330390,1700330443
orders-row-0003672,ord-0003672,ord-0003672,user-00172,electronics,card,shipped,3,20.400000,0.000000,61.200000,1700330480,1700330546
orders-row-0003673,ord-0003673,ord-0003673,user-00173,books,paypal,refunded,5,22.800000,0.150000,96.900000,1700330570,1700330649
orders-row-0003674,ord-0003674,ord-0003674,user-00174,grocery,bank_transfer,completed,2,24.500000,0.100000,44.100000,1700330660,1700330752
orders-row-0003675,ord-0003675,ord-0003675,user-00175,apparel,wallet,paid,4,26.300000,0.050000,99.940000,1700330750,1700330855
orders-row-0003676,ord-0003676,ord-0003676,user-00176,home,card,pending,1,27.200000,0.000000,27.200000,1700330840,1700330958
orders-row-0003677,ord-0003677,ord-0003677,user-00177,sports,paypal,shipped,3,29.100000,0.150000,74.210000,1700330930,1700331061
orders-row-0003678,ord-0003678,ord-0003678,user-00178,,bank_transfer,refunded,5,31.100000,0.100000,139.950000,1700331020,1700331164
orders-row-0003679,ord-0003679,ord-0003679,user-00179,books,wallet,completed,2,32.600000,0.050000,61.940000,1700331110,1700331267
orders-row-0003680,ord-0003680,ord-0003680,user-00180,grocery,card,paid,4,34.000000,0.000000,136.000000,1700331200,1700331370
orders-row-0003681,ord-0003681,ord-0003681,user-00181,apparel,paypal,pending,1,36.300000,0.150000,30.850000,1700331290,1700331473
orders-row-0003682,ord-0003682,ord-0003682,user-00182,home,bank_transfer,shipped,3,37.900000,0.100000,102.330000,1700331380,1700331576
orders-row-0003683,ord-0003683,ord-0003683,user-00183,sports,wallet,refunded,5,39.300000,0.050000,186.670000,1700331470,1700331679
orders-row-0003684,ord-0003684,ord-0003684,user-00184,electronics,card,completed,2,40.800000,0.000000,81.600000,1700331560,1700331782
orders-row-0003685,ord-0003685,ord-0003685,user-00185,books,paypal,paid,4,43.200000,0.150000,146.880000,1700331650,1700331885
orders-row-0003686,ord-0003686,ord-0003686,user-00186,grocery,bank_transfer,pending,1,44.200000,0.100000,39.780000,1700331740,1700331988
orders-row-0003687,ord-0003687,ord-0003687,user-00187,apparel,wallet,shipped,3,46.300000,0.050000,131.950000,1700331830,1700332091
orders-row-0003688,ord-0003688,ord-0003688,user-00188,home,card,refunded,5,48.400000,0.000000,242.000000,1700331920,1700332194
orders-row-0003689,ord-0003689,ord-0003689,user-00189,sports,paypal,completed,2,49.700000,0.150000,84.490000,1700332010,1700332297
orders-row-0003690,ord-0003690,ord-0003690,user-00190,electronics,bank_transfer,paid,4,51.500000,0.100000,185.400000,1700332100,1700332400
orders-row-0003691,ord-0003691,ord-0003691,user-00191,books,wallet,pending,1,53.600000,0.050000,50.920000,1700332190,1700332503
orders-row-0003692,ord-0003692,ord-0003692,user-00192,grocery,card,shipped,3,55.000000,0.000000,165.000000,1700332280,1700332606
orders-row-0003693,ord-0003693,ord-0003693,user-00193,apparel,paypal,refunded,5,56.300000,0.150000,239.280000,1700332370,1700332709
orders-row-0003694,ord-0003694,ord-0003694,user-00194,home,bank_transfer,completed,2,58.500000,0.100000,105.300000,1700332460,1700332812
orders-row-0003695,ord-0003695,ord-0003695,user-00195,sports,wallet,paid,4,60.300000,0.050000,229.140000,1700332550,1700332915
orders-row-0003696,ord-0003696,ord-0003696,user-00196,electronics,card,pending,1,61.400000,0.000000,61.400000,1700332640,1700333018
orders-row-0003697,ord-0003697,ord-0003697,user-00197,books,paypal,shipped,3,63.600000,0.150000,162.180000,1700332730,1700333121
orders-row-0003698,ord-0003698,ord-0003698,user-00198,grocery,bank_transfer,refunded,5,64.600000,0.100000,290.700000,1700332820,1700333224
orders-row-0003699,ord-0003699,ord-0003699,user-00199,apparel,wallet,completed,2,66.400000,0.050000,126.160000,1700332910,1700333327
orders-row-0003700,ord-0003700,ord-0003700,user-00200,home,card,paid,4,68.200000,0.000000,272.800000,1700333000,1700333430
orders-row-0003701,ord-0003701,ord-0003701,user-00201,sports,paypal,pending,1,70.500000,0.150000,59.920000,1700333090,1700333533
orders-row-0003702,ord-0003702,ord-0003702,user-00202,electronics,bank_transfer,shipped,3,71.600000,0.100000,193.320000,1700333180,1700333636
orders-row-0003703,ord-0003703,ord-0003703,user-00203,books,wallet,refunded,5,73.600000,0.050000,349.600000,1700333270,1700333739
orders-row-0003704,ord-0003704,ord-0003704,user-00204,grocery,card,completed,2,75.100000,0.000000,150.200000,1700333360,1700333842
orders-row-0003705,ord-0003705,ord-0003705,user-00205,apparel,paypal,paid,4,77.100000,0.150000,262.140000,1700333450,1700333945
orders-row-0003706,ord-0003706,ord-0003706,user-00206,home,bank_transfer,pending,1,9.100000,0.100000,8.190000,1700333540,1700334048
orders-row-0003707,ord-0003707,ord-0003707,user-00207,sports,wallet,shipped,3,10.200000,0.050000,29.070000,1700333630,1700334151
orders-row-0003708,ord-0003708,ord-0003708,user-00208,electronics,card,refunded,5,11.700000,0.000000,58.500000,1700333720,1700334254
orders-row-0003709,ord-0003709,ord-0003709,user-00209,books,paypal,completed,2,14.100000,0.150000,23.970000,1700333810,1700334357
orders-row-0003710,ord-0003710,ord-0003710,user-00210,grocery,bank_transfer,paid,4,15.300000,,55.080000,1700333900,1700334460
orders-row-0003711,ord-0003711,ord-0003711,user-00211,apparel,wallet,pending,1,16.800000,0.050000,15.960000,1700333990,1700334563
orders-row-0003712,ord-0003712,ord-0003712,user-00212,home,card,shipped,3,19.000000,0.000000,57.000000,1700334080,1700334666
orders-row-0003713,ord-0003713,ord-0003713,user-00213,sports,paypal,refunded,5,20.700000,0.150000,87.970000,1700334170,1700334769
orders-row-0003714,ord-0003714,ord-0003714,user-00214,electronics,bank_transfer,completed,2,21.900000,0.100000,39.420000,1700334260,1700334872
orders-row-0003715,ord-0003715,ord-0003715,user-00215,books,wallet,paid,4,24.000000,0.050000,91.200000,1700334350,1700334975
orders-row-0003716,ord-0003716,ord-0003716,user-00216,grocery,card,pending,1,26.100000,0.000000,26.100000,1700334440,1700335078
orders-row-0003717,ord-0003717,ord-0003717,user-00217,apparel,paypal,shipped,3,27.700000,0.150000,70.630000,1700334530,1700335181
orders-row-0003718,ord-0003718,ord-0003718,user-00218,home,bank_transfer,refunded,5,29.300000,0.100000,131.850000,1700334620,1700335284
orders-row-0003719,ord-0003719,ord-0003719,user-00219,sports,wallet,completed,2,30.600000,0.050000,58.140000,1700334710,1700335387
orders-row-0003720,ord-0003720,ord-0003720,user-00220,electronics,card,paid,4,32.000000,0.000000,128.000000,1700334800,1700335490
orders-row-0003721,ord-0003721,ord-0003721,user-00221,books,paypal,pending,1,33.700000,0.150000,28.650000,1700334890,1700335593
orders-row-0003722,ord-0003722,ord-0003722,user-00222,grocery,bank_transfer,shipped,3,35.600000,0.100000,96.120000,1700334980,1700335696
orders-row-0003723,ord-0003723,ord-0003723,user-00223,apparel,wallet,refunded,5,37.800000,0.050000,179.550000,1700335070,1700335799
orders-row-0003724,ord-0003724,ord-0003724,user-00224,home,card,completed,2,39.600000,0.000000,79.200000,1700335160,1700335902
orders-row-0003725,ord-0003725,ord-0003725,user-00225,sports,paypal,paid,4,41.200000,0.150000,140.080000,1700335250,1700336005
orders-row-0003726,ord-0003726,ord-0003726,user-00226,electronics,bank_transfer,pending,1,42.700000,0.100000,38.430000,1700335340,1700336108
orders-row-0003727,ord-0003727,ord-0003727,user-00227,books,wallet,shipped,3,44.700000,0.050000,127.400000,1700335430,1700336211
orders-row-0003728,ord-0003728,ord-0003728,user-00228,grocery,card,refunded,5,45.600000,0.000000,228.000000,1700335520,1700336314
orders-row-0003729,ord-0003729,ord-0003729,user-00229,apparel,paypal,completed,2,47.300000,0.150000,80.410000,1700335610,1700336417
orders-row-0003730,ord-0003730,ord-0003730,user-00230,home,bank_transfer,paid,4,49.100000,0.100000,176.760000,1700335700,1700336520
orders-row-0003731,ord-0003731,ord-0003731,user-00231,sports,wallet,pending,1,50.900000,0.050000,48.350000,1700335790,1700336623
orders-row-0003732,ord-0003732,ord-0003732,user-00232,electronics,card,shipped,3,52.400000,0.000000,157.200000,1700335880,1700336726
orders-row-0003733,ord-0003733,ord-0003733,user-00233,books,paypal,refunded,5,54.500000,0.150000,231.620000,1700335970,1700336829
orders-row-0003734,ord-0003734,ord-0003734,user-00234,grocery,bank_transfer,completed,2,56.300000,0.100000,101.340000,1700336060,1700336932
orders-row-0003735,ord-0003735,ord-0003735,user-00235,apparel,wallet,paid,4,,0.050000,220.400000,1700336150,1700337035
orders-row-0003736,ord-0003736,ord-0003736,user-00236,home,card,pending,1,59.900000,0.000000,59.900000,1700336240,1700337138
orders-row-0003737,ord-0003737,ord-0003737,user-00237,sports,paypal,shipped,3,61.300000,0.150000,156.310000,1700336330,1700337241
orders-row-0003738,ord-0003738,ord-0003738,user-00238,electronics,bank_transfer,refunded,5,63.100000,0.100000,283.950000,1700336420,1700337344
orders-row-0003739,ord-0003739,ord-0003739,user-00239,books,wallet,completed,2,64.900000,0.050000,123.310000,1700336510,1700336547
orders-row-0003740,ord-0003740,ord-0003740,user-00240,grocery,card,paid,4,66.400000,0.000000,265.600000,1700336600,1700336650
orders-row-0003741,ord-0003741,ord-0003741,user-00241,apparel,paypal,pending,1,68.000000,0.150000,57.800000,1700336690,1700336753
orders-row-0003742,ord-0003742,ord-0003742,user-00242,home,bank_transfer,shipped,3,70.300000,0.100000,189.810000,1700336780,1700336856
orders-row-0003743,ord-0003743,ord-0003743,user-00243,sports,wallet,refunded,5,71.600000,0.050000,340.100000,1700336870,1700336959
orders-row-0003744,ord-0003744,ord-0003744,user-00244,electronics,card,completed,2,73.100000,0.000000,146.200000,1700336960,1700337062
orders-row-0003745,ord-0003745,ord-0003745,user-00245,books,paypal,paid,4,75.000000,0.150000,255.000000,1700337050,1700337165
orders-row-0003746,ord-0003746,ord-0003746,user-00246,grocery,bank_transfer,pending,1,76.700000,0.100000,69.030000,1700337140,1700337268
orders-row-0003747,ord-0003747,ord-0003747,user-00247,apparel,wallet,shipped,3,77.900000,0.050000,222.020000,1700337230,1700337371
orders-row-0003748,ord-0003748,ord-0003748,user-00248,home,card,refunded,5,9.800000,0.000000,49.000000,1700337320,1700337474
orders-row-0003749,ord-0003749,ord-0003749,user-00249,sports,paypal,completed,2,11.900000,0.150000,20.230000,1700337410,1700337577
orders-row-0003750,ord-0003750,ord-0003750,user-00000,electronics,bank_transfer,paid,4,13.700000,0.100000,49.320000,1700337500,1700337680
orders-row-0003751,ord-0003751,ord-0003751,user-00001,books,wallet,pending,1,14.900000,0.050000,14.150000,1700337590,1700337783
orders-row-0003752,ord-0003752,ord-0003752,user-00002,grocery,card,shipped,3,17.000000,0.000000,51.000000,1700337680,1700337886
orders-row-0003753,ord-0003753,ord-0003753,user-00003,apparel,paypal,refunded,5,18.600000,0.150000,79.050000,1700337770,1700337989
orders-row-0003754,ord-0003754,ord-0003754,user-00004,home,bank_transfer,completed,2,20.200000,0.100000,36.360000,1700337860,1700338092
orders-row-0003755,ord-0003755,ord-0003755,user-00005,sports,wallet,paid,4,21.600000,0.050000,82.080000,1700337950,1700338195
orders-row-0003756,ord-0003756,ord-0003756,user-00006,electronics,card,pending,1,23.600000,0.000000,23.600000,1700338040,1700338298
orders-row-0003757,ord-0003757,ord-0003757,user-00007,books,paypal,shipped,3,25.800000,0.150000,65.790000,1700338130,1700338401
orders-row-0003758,ord-0003758,ord-0003758,user-00008,grocery,bank_transfer,refunded,5,26.900000,0.100000,121.050000,1700338220,1700338504
orders-row-0003759,ord-0003759,ord-0003759,user-00009,apparel,wallet,completed,2,28.500000,0.050000,54.150000,1700338310,1700338607
orders-row-0003760,ord-0003760,ord-0003760,user-00010,home,card,paid,4,30.300000,0.000000,121.200000,1700338400,1700338710
orders-row-0003761,ord-0003761,ord-0003761,user-00011,sports,paypal,pending,1,32.300000,0.150000,27.450000,1700338490,1700338813
orders-row-0003762,ord-0003762,ord-0003762,user-00012,electronics,bank_transfer,shipped,3,33.800000,0.100000,91.260000,1700338580,1700338916
orders-row-0003763,ord-0003763,ord-0003763,user-00013,books,wallet,refunded,5,36.000000,0.050000,171.000000,1700338670,1700339019
orders-row-0003764,ord-0003764,ord-0003764,user-00014,grocery,card,completed,2,36.800000,0.000000,73.600000,1700338760,1700339122
orders-row-0003765,ord-0003765,ord-0003765,user-00015,apparel,paypal,paid,4,38.800000,0.150000,131.920000,1700338850,1700339225
orders-row-0003766,ord-0003766,ord-0003766,user-00016,home,bank_transfer,pending,1,40.300000,0.100000,36.270000,1700338940,1700339328
orders-row-0003767,ord-0003767,ord-0003767,user-00017,sports,wallet,shipped,3,42.600000,0.050000,121.410000,1700339030,1700339431
orders-row-0003768,ord-0003768,ord-0003768,user-00018,electronics,card,refunded,5,44.000000,0.000000,220.000000,1700339120,1700339534
orders-row-0003769,ord-0003769,ord-0003769,user-00019,books,paypal,completed,2,45.700000,0.150000,77.690000,1700339210,1700339637
orders-row-0003770,ord-0003770,ord-0003770,user-00020,grocery,bank_transfer,paid,4,47.500000,0.100000,171.000000,1700339300,1700339740
orders-row-0003771,ord-0003771,ord-0003771,user-00021,apparel,wallet,pending,1,49.400000,0.050000,46.930000,1700339390,1700339843
orders-row-0003772,ord-0003772,ord-0003772,user-00022,home,card,shipped,3,51.100000,0.000000,153.300000,1700339480,1700339946
orders-row-0003773,ord-0003773,ord-0003773,user-00023,sports,paypal,refunded,5,52.500000,0.150000,223.120000,1700339570,1700340049
orders-row-0003774,ord-0003774,ord-0003774,user-00024,electronics,bank_transfer,completed,2,54.700000,0.100000,98.460000,1700339660,1700340152
orders-row-0003775,ord-0003775,ord-0003775,user-00025,books,wallet,paid,4,55.500000,0.050000,210.900000,1700339750,1700340255
orders-row-0003776,ord-0003776,ord-0003776,user-00026,grocery,card,pending,1,57.500000,0.000000,57.500000,1700339840,1700340358
orders-row-0003777,ord-0003777,ord-0003777,user-00027,apparel,paypal,shipped,3,59.500000,0.150000,151.720000,1700339930,1700340461
orders-row-0003778,ord-0003778,ord-0003778,user-00028,home,bank_transfer,refunded,5,61.000000,0.100000,274.500000,1700340020,1700340564
orders-row-0003779,ord-0003779,ord-0003779,user-00029,sports,wallet,completed,2,62.700000,0.050000,119.130000,1700340110,1700340667
orders-row-0003780,ord-0003780,ord-0003780,user-00030,electronics,card,paid,4,64.000000,0.000000,256.000000,1700340200,1700340770
orders-row-0003781,ord-0003781,ord-0003781,user-00031,books,paypal,pending,1,66.100000,0.150000,56.180000,1700340290,1700340873
orders-row-0003782,ord-0003782,ord-0003782,user-00032,grocery,bank_transfer,shipped,3,67.600000,0.100000,182.520000,1700340380,1700340976
orders-row-0003783,ord-0003783,ord-0003783,user-00033,apparel,wallet,refunded,5,69.300000,0.050000,329.180000,1700340470,1700341079
orders-row-0003784,ord-0003784,ord-0003784,user-00034,home,card,completed,2,71.200000,0.000000,142.400000,1700340560,1700341182
orders-row-0003785,ord-0003785,ord-0003785,user-00035,sports,paypal,paid,4,72.900000,0.150000,247.860000,1700340650,1700341285
orders-row-0003786,ord-0003786,ord-0003786,user-00036,electronics,bank_transfer,pending,1,74.800000,0.100000,67.320000,1700340740,1700341388
orders-row-0003787,ord-0003787,ord-0003787,user-00037,books,wallet,shipped,3,76.200000,0.050000,217.170000,1700340830,1700341491
orders-row-0003788,ord-0003788,ord-0003788,user-00038,grocery,card,refunded,5,77.900000,0.000000,389.500000,1700340920,1700341594
orders-row-0003789,ord-0003789,ord-0003789,user-00039,apparel,paypal,completed,2,9.700000,0.150000,16.490000,1700341010,1700341697
orders-row-0003790,ord-0003790,ord-0003790,user-00040,home,bank_transfer,paid,4,11.800000,0.100000,42.480000,1700341100,1700341800
orders-row-0003791,ord-0003791,ord-0003791,user-00041,sports,wallet,pending,1,13.400000,0.050000,12.730000,1700341190,1700341903
orders-row-0003792,ord-0003792,ord-0003792,user-00042,electronics,card,shipped,3,15.300000,0.000000,45.900000,1700341280,1700342006
orders-row-0003793,ord-0003793,ord-0003793,user-00043,books,paypal,refunded,5,16.400000,0.150000,69.700000,1700341370,1700342109
orders-row-0003794,ord-0003794,ord-0003794,user-00044,grocery,bank_transfer,completed,2,17.900000,0.100000,32.220000,1700341460,1700342212
orders-row-0003795,ord-0003795,ord-0003795,user-00045,apparel,wallet,paid,4,20.000000,0.050000,76.000000,1700341550,1700342315
orders-row-0003796,ord-0003796,ord-0003796,user-00046,home,card,pending,1,21.400000,0.000000,21.400000,1700341640,1700342418
orders-row-0003797,ord-0003797,ord-0003797,user-00047,sports,paypal,shipped,3,23.800000,0.150000,60.690000,1700341730,1700342521
orders-row-0003798,ord-0003798,ord-0003798,user-00048,electronics,bank_transfer,refunded,5,25.300000,0.100000,113.850000,1700341820,1700342624
orders-row-0003799,ord-0003799,ord-0003799,user-00049,books,wallet,completed,2,26.400000,0.050000,50.160000,1700341910,1700342727
orders-row-0003800,ord-0003800,ord-0003800,user-00050,grocery,card,paid,4,28.700000,0.000000,114.800000,1700342000,1700342830
orders-row-0003801,ord-0003801,ord-0003801,user-00051,apparel,paypal,pending,1,30.000000,0.150000,25.500000,1700342090,1700342933
orders-row-0003802,ord-0003802,ord-0003802,user-00052,home,bank_transfer,shipped,3,31.700000,0.100000,85.590000,1700342180,1700343036
orders-row-0003803,ord-0003803,ord-0003803,user-00053,sports,wallet,refunded,5,33.500000,0.050000,159.120000,1700342270,1700343139
orders-row-0003804,ord-0003804,ord-0003804,user-00054,electronics,card,completed,2,34.800000,0.000000,69.600000,1700342360,1700343242
orders-row-0003805,ord-0003805,ord-0003805,user-00055,books,paypal,paid,4,37.400000,0.150000,127.160000,1700342450,1700343345
orders-row-0003806,ord-0003806,ord-0003806,user-00056,grocery,bank_transfer,pending,1,38.400000,0.100000,34.560000,1700342540,1700343448
orders-row-0003807,ord-0003807,ord-0003807,user-00057,apparel,wallet,shipped,3,40.300000,0.050000,114.850000,1700342630,1700343551
orders-row-0003808,ord-0003808,ord-0003808,user-00058,home,card,refunded,5,42.200000,0.000000,211.000000,1700342720,1700342754
orders-row-0003809,ord-0003809,ord-0003809,user-00059,sports,paypal,completed,2,43.500000,0.150000,73.950000,1700342810,1700342857
orders-row-0003810,ord-0003810,ord-0003810,user-00060,electronics,bank_transfer,paid,4,45.200000,0.100000,162.720000,1700342900,1700342960
orders-row-0003811,ord-0003811,ord-0003811,user-00061,books,wallet,pending,1,47.100000,0.050000,44.740000,1700342990,1700343063
orders-row-0003812,ord-0003812,ord-0003812,user-00062,grocery,card,shipped,3,49.100000,0.000000,147.300000,1700343080,1700343166
orders-row-0003813,ord-0003813,ord-0003813,user-00063,apparel,paypal,refunded,5,50.700000,0.150000,215.470000,1700343170,1700343269
orders-row-0003814,ord-0003814,ord-0003814,user-00064,home,bank_transfer,completed,2,52.600000,0.100000,94.680000,1700343260,1700343372
orders-row-0003815,ord-0003815,ord-0003815,user-00065,sports,wallet,paid,4,53.500000,0.050000,203.300000,1700343350,1700343475
orders-row-0003816,ord-0003816,ord-0003816,user-00066,electronics,card,pending,1,55.500000,0.000000,55.500000,1700343440,1700343578
orders-row-0003817,ord-0003817,ord-0003817,user-00067,books,paypal,shipped,3,57.700000,0.150000,147.140000,1700343530,1700343681
orders-row-0003818,ord-0003818,ord-0003818,user-00068,grocery,bank_transfer,refunded,5,58.600000,0.100000,263.700000,1700343620,1700343784
orders-row-0003819,ord-0003819,ord-0003819,user-00069,apparel,wallet,completed,2,60.300000,0.050000,114.570000,1700343710,1700343887
orders-row-0003820,ord-0003820,ord-0003820,user-00070,home,card,paid,4,62.400000,0.000000,249.600000,1700343800,1700343990
orders-row-0003821,ord-0003821,ord-0003821,user-00071,sports,paypal,pending,1,64.500000,0.150000,54.820000,1700343890,1700344093
orders-row-0003822,ord-0003822,ord-0003822,user-00072,electronics,bank_transfer,shipped,3,66.200000,0.100000,178.740000,1700343980,1700344196
orders-row-0003823,ord-0003823,ord-0003823,user-00073,books,wallet,refunded,5,67.900000,0.050000,322.520000,1700344070,1700344299
orders-row-0003824,ord-0003824,ord-0003824,user-00074,grocery,card,completed,2,69.600000,0.000000,139.200000,1700344160,1700344402
orders-row-0003825,ord-0003825,ord-0003825,user-00075,apparel,paypal,paid,4,70.900000,0.150000,241.060000,1700344250,1700344505
orders-row-0003826,ord-0003826,ord-0003826,user-00076,home,bank_transfer,pending,1,73.000000,0.100000,65.700000,1700344340,1700344608
orders-row-0003827,ord-0003827,ord-0003827,user-00077,sports,wallet,shipped,3,74.800000,0.050000,213.180000,1700344430,1700344711
orders-row-0003828,ord-0003828,ord-0003828,user-00078,electronics,card,refunded,5,76.400000,0.000000,382.000000,1700344520,1700344814
orders-row-0003829,ord-0003829,ord-0003829,user-00079,books,paypal,completed,2,77.400000,0.150000,131.580000,1700344610,1700344917
orders-row-0003830,ord-0003830,ord-0003830,user-00080,grocery,bank_transfer,paid,4,9.300000,0.100000,33.480000,1700344700,1700345020
orders-row-0003831,ord-0003831,ord-0003831,user-00081,apparel,wallet,pending,1,11.500000,0.050000,10.920000,1700344790,1700345123
orders-row-0003832,ord-0003832,ord-0003832,user-00082,home,card,shipped,3,12.800000,0.000000,38.400000,1700344880,1700345226
orders-row-0003833,ord-0003833,ord-0003833,user-00083,sports,paypal,refunded,5,14.300000,0.150000,60.770000,1700344970,1700345329
orders-row-0003834,ord-0003834,ord-0003834,user-00084,electronics,bank_transfer,completed,2,16.300000,0.100000,29.340000,1700345060,1700345432
orders-row-0003835,ord-0003835,ord-0003835,user-00085,books,wallet,paid,4,18.000000,0.050000,68.400000,1700345150,1700345535
orders-row-0003836,ord-0003836,ord-0003836,user-00086,grocery,card,pending,1,20.000000,0.000000,20.000000,1700345240,1700345638
orders-row-0003837,ord-0003837,ord-0003837,user-00087,apparel,paypal,shipped,3,21.800000,0.150000,55.590000,1700345330,1700345741
orders-row-0003838,ord-0003838,ord-0003838,user-00088,home,bank_transfer,refunded,5,23.500000,0.100000,105.750000,1700345420,1700345844
orders-row-0003839,ord-0003839,ord-0003839,user-00089,sports,wallet,completed,2,25.100000,0.050000,47.690000,1700345510,1700345947
orders-row-0003840,ord-0003840,ord-0003840,user-00090,electronics,card,paid,4,26.600000,0.000000,106.400000,1700345600,1700346050
orders-row-0003841,ord-0003841,ord-0003841,user-00091,books,paypal,pending,1,28.400000,0.150000,24.140000,1700345690,1700346153
orders-row-0003842,ord-0003842,ord-0003842,user-00092,grocery,bank_transfer,shipped,3,30.000000,0.100000,81.000000,1700345780,1700346256
orders-row-0003843,ord-0003843,ord-0003843,user-00093,apparel,wallet,refunded,5,31.800000,0.050000,151.050000,1700345870,1700346359
orders-row-0003844,ord-0003844,ord-0003844,user-00094,home,card,completed,2,33.500000,0.000000,67.000000,1700345960,1700346462
orders-row-0003845,ord-0003845,ord-0003845,user-00095,sports,paypal,paid,4,34.800000,0.150000,118.320000,1700346050,1700345930
orders-row-0003846,ord-0003846,ord-0003846,user-00096,electronics,bank_transfer,pending,1,36.900000,0.100000,33.210000,1700346140,1700346668
orders-row-0003847,ord-0003847,ord-0003847,user-00097,books,wallet,shipped,3,38.800000,0.050000,110.580000,1700346230,1700346771
orders-row-0003848,ord-0003848,ord-0003848,user-00098,grocery,card,refunded,5,39.900000,0.000000,199.500000,1700346320,1700346874
orders-row-0003849,ord-0003849,ord-0003849,user-00099,apparel,paypal,completed,2,41.500000,0.150000,70.550000,1700346410,1700346977
orders-row-0003850,ord-0003850,ord-0003850,user-00100,home,bank_transfer,paid,4,43.200000,0.100000,155.520000,1700346500,1700347080
orders-row-0003851,ord-0003851,ord-0003851,user-00101,sports,wallet,pending,1,45.500000,0.050000,43.230000,1700346590,1700347183
orders-row-0003852,ord-0003852,ord-0003852,user-00102,electronics,card,shipped,3,46.400000,0.000000,139.200000,1700346680,1700347286
orders-row-0003853,ord-0003853,ord-0003853,user-00103,books,paypal,refunded,5,48.800000,0.150000,207.400000,1700346770,1700347389
orders-row-0003854,ord-0003854,ord-0003854,user-00104,grocery,bank_transfer,completed,2,50.300000,0.100000,90.540000,1700346860,1700347492
orders-row-0003855,ord-0003855,ord-0003855,user-00105,apparel,wallet,paid,4,51.600000,0.050000,196.080000,1700346950,1700347595
orders-row-0003856,ord-0003856,ord-0003856,user-00106,home,card,pending,1,53.900000,0.000000,53.900000,1700347040,1700347698
orders-row-0003857,ord-0003857,ord-0003857,user-00107,sports,paypal,shipped,3,55.300000,0.150000,141.010000,1700347130,1700347801
orders-row-0003858,ord-0003858,ord-0003858,user-00108,electronics,bank_transfer,refunded,5,57.400000,0.100000,258.300000,1700347220,1700347904
orders-row-0003859,ord-0003859,ord-0003859,user-00109,books,wallet,completed,2,58.700000,0.050000,111.530000,1700347310,1700348007
orders-row-0003860,ord-0003860,ord-0003860,user-00110,grocery,card,paid,4,60.700000,0.000000,242.800000,1700347400,1700348110
orders-row-0003861,ord-0003861,ord-0003861,user-00111,apparel,paypal,pending,1,62.300000,0.150000,52.950000,1700347490,1700348213
orders-row-0003862,ord-0003862,ord-0003862,user-00112,home,bank_transfer,shipped,3,64.300000,0.100000,173.610000,1700347580,1700348316
orders-row-0003863,ord-0003863,ord-0003863,user-00113,sports,wallet,refunded,5,65.800000,0.050000,999999.000000,1700347670,1700348419
orders-row-0003864,ord-0003864,ord-0003864,user-00114,electronics,card,completed,2,67.600000,0.000000,135.200000,1700347760,1700348522
orders-row-0003865,ord-0003865,ord-0003865,user-00115,books,paypal,paid,4,68.600000,0.150000,233.240000,1700347850,1700348625
orders-row-0003866,ord-0003866,ord-0003866,user-00116,grocery,bank_transfer,pending,1,71.100000,0.100000,63.990000,1700347940,1700348728
orders-row-0003867,ord-0003867,ord-0003867,user-00117,apparel,wallet,shipped,3,72.300000,0.050000,206.050000,1700348030,1700348831
orders-row-0003868,ord-0003868,ord-0003868,user-00118,home,card,refunded,5,74.400000,0.000000,372.000000,1700348120,1700348934
orders-row-0003869,ord-0003869,ord-0003869,user-00119,sports,paypal,completed,2,75.800000,0.150000,128.860000,1700348210,1700349037
orders-row-0003870,ord-0003870,ord-0003870,user-00120,electronics,bank_transfer,paid,4,77.800000,0.100000,280.080000,1700348300,1700349140
orders-row-0003871,ord-0003871,ord-0003871,user-00121,books,wallet,pending,1,9.000000,0.050000,8.550000,1700348390,1700349243
orders-row-0003872,ord-0003872,ord-0003872,user-00122,grocery,card,shipped,3,10.400000,0.000000,31.200000,1700348480,1700349346
orders-row-0003873,ord-0003873,ord-0003873,user-00123,apparel,paypal,refunded,5,12.600000,0.150000,53.550000,1700348570,1700349449
orders-row-0003874,ord-0003874,ord-0003874,user-00124,home,bank_transfer,completed,2,13.900000,0.100000,25.020000,1700348660,1700349552
orders-row-0003875,ord-0003875,ord-0003875,user-00125,sports,wallet,paid,4,15.900000,0.050000,60.420000,1700348750,1700349655
orders-row-0003876,ord-0003876,ord-0003876,user-00126,electronics,card,pending,1,17.800000,0.000000,17.800000,1700348840,1700349758
orders-row-0003877,ord-0003877,ord-0003877,user-00127,books,paypal,shipped,3,19.300000,0.150000,49.220000,1700348930,1700348961
orders-row-0003878,ord-0003878,ord-0003878,user-00128,grocery,bank_transfer,refunded,5,20.700000,0.100000,93.150000,1700349020,1700349064
orders-row-0003879,ord-0003879,ord-0003879,user-00129,apparel,wallet,completed,2,23.200000,0.050000,44.080000,1700349110,1700349167
orders-row-0003880,ord-0003880,ord-0003880,user-00130,home,card,paid,4,24.700000,0.000000,98.800000,1700349200,1700349270
orders-row-0003881,ord-0003881,ord-0003881,user-00131,sports,paypal,pending,1,25.700000,0.150000,21.840000,1700349290,1700349373
orders-row-0003882,ord-0003882,ord-0003882,user-00132,electronics,bank_transfer,shipped,3,28.000000,0.100000,75.600000,1700349380,1700349476
orders-row-0003883,ord-0003883,ord-0003883,user-00133,books,wallet,refunded,5,29.300000,0.050000,139.170000,1700349470,1700349579
orders-row-0003884,ord-0003884,ord-0003884,user-00134,grocery,card,completed,2,31.300000,0.000000,62.600000,1700349560,1700349682
orders-row-0003885,ord-0003885,ord-0003885,user-00135,apparel,paypal,paid,4,33.400000,0.150000,113.560000,1700349650,1700349785
orders-row-0003886,ord-0003886,ord-0003886,user-00136,home,bank_transfer,pending,1,34.800000,0.100000,31.320000,1700349740,1700349888
orders-row-0003887,ord-0003887,ord-0003887,user-00137,sports,wallet,shipped,3,36.200000,0.050000,103.170000,1700349830,1700349991
orders-row-0003888,ord-0003888,ord-0003888,user-00138,electronics,card,refunded,5,38.500000,0.000000,192.500000,1700349920,1700350094
orders-row-0003889,ord-0003889,ord-0003889,user-00139,books,paypal,completed,2,39.600000,0.150000,67.320000,1700350010,1700350197
orders-row-0003890,ord-0003890,ord-0003890,user-00140,grocery,bank_transfer,paid,4,41.100000,0.100000,147.960000,1700350100,1700350300
orders-row-0003891,ord-0003891,ord-0003891,user-00141,apparel,wallet,pending,1,43.300000,0.050000,41.130000,1700350190,1700350403
orders-row-0003892,ord-0003892,ord-0003892,user-00142,home,card,shipped,3,44.900000,0.000000,134.700000,1700350280,1700350506
orders-row-0003893,ord-0003893,ord-0003893,user-00143,sports,paypal,refunded,5,46.500000,0.150000,197.620000,1700350370,1700350609
orders-row-0003894,ord-0003894,ord-0003894,user-00144,electronics,bank_transfer,completed,2,47.900000,0.100000,86.220000,1700350460,1700350712
orders-row-0003895,ord-0003895,ord-0003895,user-00145,books,wallet,paid,4,49.600000,0.050000,188.480000,1700350550,1700350815
orders-row-0003896,ord-0003896,ord-0003896,user-00146,grocery,card,pending,1,51.300000,0.000000,51.300000,1700350640,1700350918
orders-row-0003897,ord-0003897,ord-0003897,user-00147,apparel,paypal,shipped,3,53.500000,0.150000,136.420000,1700350730,1700351021
orders-row-0003898,ord-0003898,ord-0003898,user-00148,home,bank_transfer,refunded,5,55.300000,0.100000,248.850000,1700350820,1700351124
orders-row-0003899,ord-0003899,ord-0003899,user-00149,sports,wallet,completed,2,57.200000,0.050000,108.680000,1700350910,1700351227
orders-row-0003900,ord-0003900,ord-0003900,user-00150,electronics,card,paid,4,58.300000,0.000000,233.200000,1700351000,1700351330
orders-row-0003901,ord-0003901,ord-0003901,user-00151,books,paypal,pending,1,60.600000,0.150000,51.510000,1700351090,1700350970
orders-row-0003902,ord-0003902,ord-0003902,user-00152,grocery,bank_transfer,shipped,3,62.300000,0.100000,168.210000,1700351180,1700351536
orders-row-0003903,ord-0003903,ord-0003903,user-00153,apparel,wallet,refunded,5,63.900000,0.050000,303.520000,1700351270,1700351639
orders-row-0003904,ord-0003904,ord-0003904,user-00154,home,card,completed,2,65.400000,0.000000,130.800000,1700351360,1700351742
orders-row-0003905,ord-0003905,ord-0003905,user-00155,sports,paypal,paid,4,66.700000,0.150000,226.780000,1700351450,1700351845
orders-row-0003906,ord-0003906,ord-0003906,user-00156,electronics,bank_transfer,pending,1,69.000000,0.100000,62.100000,1700351540,1700351948
orders-row-0003907,ord-0003907,ord-0003907,user-00157,books,wallet,shipped,3,70.600000,0.050000,201.210000,1700351630,1700352051
orders-row-0003908,ord-0003908,ord-0003908,user-00158,grocery,card,refunded,5,72.000000,0.000000,360.000000,1700351720,1700352154
orders-row-0003909,ord-0003909,ord-0003909,user-00159,apparel,paypal,completed,2,73.400000,0.150000,124.780000,1700351810,1700352257
orders-row-0003910,ord-0003910,ord-0003910,user-00160,home,bank_transfer,paid,4,75.500000,0.100000,271.800000,1700351900,1700352360
orders-row-0003911,ord-0003911,ord-0003911,user-00161,sports,wallet,pending,1,77.100000,0.050000,73.240000,1700351990,1700352463
orders-row-0003912,ord-0003912,ord-0003912,user-00162,electronics,card,shipped,3,8.500000,0.000000,25.500000,1700352080,1700352566
orders-row-0003913,ord-0003913,ord-0003913,user-00163,books,paypal,refunded,5,10.900000,0.150000,46.320000,1700352170,1700352669
orders-row-0003914,ord-0003914,ord-0003914,user-00164,grocery,bank_transfer,completed,2,12.600000,0.100000,22.680000,1700352260,1700352772
orders-row-0003915,ord-0003915,ord-0003915,user-00165,apparel,wallet,paid,4,13.600000,0.050000,51.680000,1700352350,1700352875
orders-row-0003916,ord-0003916,ord-0003916,user-00166,home,card,pending,1,16.100000,0.000000,16.100000,1700352440,1700352978
orders-row-0003917,ord-0003917,ord-0003917,user-00167,sports,paypal,shipped,3,17.700000,0.150000,45.130000,1700352530,1700353081
orders-row-0003918,ord-0003918,ord-0003918,user-00168,electronics,bank_transfer,refunded,5,19.100000,0.100000,85.950000,1700352620,1700353184
orders-row-0003919,ord-0003919,ord-0003919,user-00169,books,wallet,completed,2,21.200000,0.050000,40.280000,1700352710,1700353287
orders-row-0003920,ord-0003920,ord-0003920,user-00170,grocery,card,paid,4,22.200000,0.000000,88.800000,1700352800,1700353390
orders-row-0003921,ord-0003921,ord-0003921,user-00171,apparel,paypal,pending,1,23.800000,0.150000,20.230000,1700352890,1700353493
orders-row-0003922,ord-0003922,ord-0003922,user-00172,home,bank_transfer,shipped,3,25.700000,0.100000,69.390000,1700352980,1700353596
orders-row-0003923,ord-0003923,ord-0003923,user-00173,sports,wallet,refunded,5,27.800000,0.050000,132.050000,1700353070,1700353699
orders-row-0003924,ord-0003924,ord-0003924,user-00174,electronics,card,completed,2,29.000000,0.000000,58.000000,1700353160,1700353802
orders-row-0003925,ord-0003925,ord-0003925,user-00175,books,paypal,paid,4,30.800000,0.150000,104.720000,1700353250,1700353905
orders-row-0003926,ord-0003926,ord-0003926,user-00176,grocery,bank_transfer,pending,1,33.000000,0.100000,29.700000,1700353340,1700354008
orders-row-0003927,ord-0003927,ord-0003927,user-00177,apparel,wallet,shipped,3,34.000000,0.050000,96.900000,1700353430,1700354111
orders-row-0003928,ord-0003928,ord-0003928,user-00178,home,card,refunded,5,35.800000,0.000000,179.000000,1700353520,1700354214
orders-row-0003929,ord-0003929,ord-0003929,user-00179,sports,paypal,completed,2,37.300000,0.150000,63.410000,1700353610,1700354317
orders-row-0003930,ord-0003930,ord-0003930,user-00180,electronics,bank_transfer,paid,4,39.800000,0.100000,143.280000,1700353700,1700354420
orders-row-0003931,ord-0003931,ord-0003931,user-00181,books,wallet,pending,1,41.200000,0.050000,39.140000,1700353790,1700354523
orders-row-0003932,ord-0003932,ord-0003932,user-00182,grocery,card,shipped,3,42.400000,0.000000,127.200000,1700353880,1700354626
orders-row-0003933,ord-0003933,ord-0003933,user-00183,apparel,paypal,refunded,5,44.300000,0.150000,188.280000,1700353970,1700354729
orders-row-0003934,ord-0003934,ord-0003934,user-00184,home,bank_transfer,completed,2,46.700000,0.100000,84.060000,1700354060,1700354832
orders-row-0003935,ord-0003935,ord-0003935,user-00185,sports,wallet,paid,4,47.500000,0.050000,180.500000,1700354150,1700354935
orders-row-0003936,ord-0003936,ord-0003936,user-00186,electronics,card,pending,1,49.900000,0.000000,49.900000,1700354240,1700355038
orders-row-0003937,ord-0003937,ord-0003937,user-00187,books,paypal,shipped,3,51.200000,0.150000,130.560000,1700354330,1700355141
orders-row-0003938,ord-0003938,ord-0003938,user-00188,grocery,bank_transfer,refunded,5,53.200000,0.100000,239.400000,1700354420,1700355244
orders-row-0003939,ord-0003939,ord-0003939,user-00189,apparel,wallet,completed,2,54.300000,0.050000,103.170000,1700354510,1700355347
orders-row-0003940,ord-0003940,ord-0003940,user-00190,home,card,paid,4,56.700000,0.000000,226.800000,1700354600,1700355450
orders-row-0003941,ord-0003941,ord-0003941,user-00191,sports,paypal,pending,1,57.700000,0.150000,49.050000,1700354690,1700355553
orders-row-0003942,ord-0003942,ord-0003942,user-00192,electronics,bank_transfer,shipped,3,60.000000,0.100000,162.000000,1700354780,1700355656
orders-row-0003943,ord-0003943,ord-0003943,user-00193,books,wallet,refunded,5,61.300000,0.050000,291.180000,1700354870,1700355759
orders-row-0003944,ord-0003944,ord-0003944,user-00194,grocery,card,completed,2,63.100000,0.000000,126.200000,1700354960,1700355862
orders-row-0003945,ord-0003945,ord-0003945,user-00195,apparel,paypal,paid,4,65.200000,0.150000,221.680000,1700355050,1700355965
orders-row-0003946,ord-0003946,ord-0003946,user-00196,home,bank_transfer,pending,1,66.400000,0.100000,59.760000,1700355140,1700356068
orders-row-0003947,ord-0003947,ord-0003947,user-00197,sports,wallet,shipped,3,68.700000,0.050000,195.800000,1700355230,1700355271
orders-row-0003948,ord-0003948,ord-0003948,user-00198,electronics,card,refunded,5,69.700000,0.000000,348.500000,1700355320,1700355374
orders-row-0003949,ord-0003949,ord-0003949,user-00199,books,paypal,completed,2,71.300000,0.150000,121.210000,1700355410,1700355477
orders-row-0003950,ord-0003950,ord-0003950,user-00200,grocery,bank_transfer,paid,4,73.700000,0.100000,265.320000,1700355500,1700355580
orders-row-0003951,ord-0003951,ord-0003951,user-00201,apparel,wallet,pending,1,74.700000,0.050000,70.970000,1700355590,1700355683
orders-row-0003952,ord-0003952,ord-0003952,user-00202,home,card,shipped,3,76.400000,0.000000,229.200000,1700355680,1700355786
orders-row-0003953,ord-0003953,ord-0003953,user-00203,sports,paypal,refunded,5,8.400000,0.150000,35.700000,1700355770,1700355889
orders-row-0003954,ord-0003954,ord-0003954,user-00204,electronics,bank_transfer,completed,2,10.300000,0.100000,18.540000,1700355860,1700355992
orders-row-0003955,ord-0003955,ord-0003955,user-00205,books,wallet,paid,4,12.200000,0.050000,46.360000,1700355950,1700356095
orders-row-0003956,ord-0003956,ord-0003956,user-00206,grocery,card,pending,1,13.400000,0.000000,13.400000,1700356040,1700356198
orders-row-0003957,ord-0003957,ord-0003957,user-00207,apparel,paypal,shipped,3,15.500000,0.150000,39.520000,1700356130,1700356301
orders-row-0003958,ord-0003958,ord-0003958,user-00208,home,bank_transfer,refunded,5,16.800000,0.100000,75.600000,1700356220,1700356404
orders-row-0003959,ord-0003959,ord-0003959,user-00209,sports,wallet,completed,2,19.000000,0.050000,36.100000,1700356310,1700356507
orders-row-0003960,ord-0003960,ord-0003960,user-00210,electronics,card,paid,4,20.200000,0.000000,80.800000,1700356400,1700356610
orders-row-0003961,ord-0003961,ord-0003961,user-00211,books,paypal,pending,1,22.200000,0.150000,18.870000,1700356490,1700356713
orders-row-0003962,ord-0003962,ord-0003962,user-00212,grocery,bank_transfer,shipped,3,24.200000,0.100000,65.340000,1700356580,1700356816
orders-row-0003963,ord-0003963,ord-0003963,user-00213,apparel,wallet,refunded,5,25.700000,0.050000,122.070000,1700356670,1700356919
orders-row-0003964,ord-0003964,ord-0003964,user-00214,home,card,completed,2,27.600000,0.000000,55.200000,1700356760,1700357022
orders-row-0003965,ord-0003965,ord-0003965,user-00215,sports,paypal,paid,4,28.800000,0.150000,97.920000,1700356850,1700357125
orders-row-0003966,ord-0003966,ord-0003966,user-00216,electronics,bank_transfer,pending,1,30.700000,0.100000,27.630000,1700356940,1700357228
orders-row-0003967,ord-0003967,ord-0003967,user-00217,books,wallet,shipped,3,32.600000,0.050000,92.910000,1700357030,1700357331
orders-row-0003968,ord-0003968,ord-0003968,user-00218,grocery,card,refunded,5,34.200000,0.000000,171.000000,1700357120,1700357434
orders-row-0003969,ord-0003969,ord-0003969,user-00219,apparel,paypal,completed,2,35.400000,0.150000,60.180000,1700357210,1700357537
orders-row-0003970,ord-0003970,ord-0003970,user-00220,home,bank_transfer,paid,4,37.300000,0.100000,134.280000,1700357300,1700357640
orders-row-0003971,ord-0003971,ord-0003971,user-00221,sports,wallet,pending,1,39.400000,0.050000,37.430000,1700357390,1700357743
orders-row-0003972,ord-0003972,ord-0003972,user-00222,electronics,card,shipped,3,41.000000,0.000000,123.000000,1700357480,1700357846
orders-row-0003973,ord-0003973,ord-0003973,user-00223,books,paypal,refunded,5,42.700000,0.150000,181.470000,1700357570,1700357949
orders-row-0003974,ord-0003974,ord-0003974,user-00224,grocery,bank_transfer,completed,2,44.600000,0.100000,80.280000,1700357660,1700358052
orders-row-0003975,ord-0003975,ord-0003975,user-00225,apparel,wallet,paid,4,46.300000,0.050000,175.940000,1700357750,1700358155
orders-row-0003976,ord-0003976,ord-0003976,user-00226,home,card,pending,1,47.700000,0.000000,47.700000,1700357840,1700358258
orders-row-0003977,ord-0003977,ord-0003977,user-00227,sports,paypal,shipped,3,49.300000,0.150000,125.710000,1700357930,1700358361
orders-row-0003978,ord-0003978,ord-0003978,user-00228,electronics,bank_transfer,refunded,5,51.300000,0.100000,230.850000,1700358020,1700358464
orders-row-0003979,ord-0003979,ord-0003979,user-00229,books,wallet,completed,2,52.600000,0.050000,99.940000,1700358110,1700358567
orders-row-0003980,ord-0003980,ord-0003980,user-00230,grocery,card,paid,4,54.800000,0.000000,219.200000,1700358200,1700358670
orders-row-0003981,ord-0003981,ord-0003981,user-00231,apparel,paypal,pending,1,56.400000,0.150000,47.940000,1700358290,1700358773
orders-row-0003982,ord-0003982,ord-0003982,user-00232,home,bank_transfer,shipped,3,58.200000,0.100000,157.140000,1700358380,1700358876
orders-row-0003983,ord-0003983,ord-0003983,user-00233,sports,wallet,refunded,5,59.400000,0.050000,282.150000,1700358470,1700358979
orders-row-0003984,ord-0003984,ord-0003984,user-00234,electronics,card,completed,2,61.300000,0.000000,122.600000,1700358560,1700359082
orders-row-0003985,ord-0003985,ord-0003985,user-00235,books,paypal,paid,4,63.400000,0.150000,215.560000,1700358650,1700359185
orders-row-0003986,ord-0003986,ord-0003986,user-00236,grocery,bank_transfer,pending,1,64.200000,0.100000,57.780000,1700358740,1700359288
orders-row-0003987,ord-0003987,ord-0003987,user-00237,apparel,wallet,shipped,3,66.600000,0.050000,189.810000,1700358830,1700359391
orders-row-0003988,ord-0003988,ord-0003988,user-00238,home,card,refunded,5,68.500000,0.000000,342.500000,1700358920,1700359494
orders-row-0003989,ord-0003989,ord-0003989,user-00239,sports,paypal,completed,2,69.900000,0.150000,118.830000,1700359010,1700359597
orders-row-0003990,ord-0003990,ord-0003990,user-00240,electronics,bank_transfer,paid,4,71.700000,0.100000,258.120000,1700359100,1700359700
orders-row-0003991,ord-0003991,ord-0003991,user-00241,books,wallet,pending,1,72.800000,0.050000,69.160000,1700359190,1700359803
orders-row-0003992,ord-0003992,ord-0003992,user-00242,grocery,card,shipped,3,74.800000,0.000000,224.400000,1700359280,1700359906
orders-row-0003993,ord-0003993,ord-0003993,user-00243,apparel,paypal,refunded,5,76.400000,0.150000,324.700000,1700359370,1700360009
orders-row-0003994,ord-0003994,ord-0003994,user-00244,home,bank_transfer,completed,2,8.400000,0.100000,15.120000,1700359460,1700360112
orders-row-0003995,ord-0003995,ord-0003995,user-00245,sports,wallet,paid,4,9.900000,0.050000,37.620000,1700359550,1700360215
orders-row-0003996,ord-0003996,ord-0003996,user-00246,electronics,card,pending,1,11.400000,0.000000,11.400000,1700359640,1700360318
orders-row-0003997,ord-0003997,ord-0003997,user-00247,books,paypal,shipped,3,13.800000,0.150000,35.190000,1700359730,1700360421
orders-row-0003998,ord-0003998,ord-0003998,user-00248,grocery,bank_transfer,refunded,5,15.500000,0.100000,69.750000,1700359820,1700360524
orders-row-0003999,ord-0003999,ord-0003999,user-00249,apparel,wallet,completed,2,16.900000,0.050000,32.110000,1700359910,1700360627
orders-row-0004000,ord-0004000,ord-0004000,user-00000,home,card,paid,4,18.700000,0.000000,74.800000,1700360000,1700360730
orders-row-0004001,ord-0004001,ord-0004001,user-00001,sports,paypal,pending,1,20.100000,0.150000,17.090000,1700360090,1700360833
orders-row-0004002,ord-0004002,ord-0004002,user-00002,electronics,bank_transfer,shipped,3,22.100000,0.100000,59.670000,1700360180,1700360936
orders-row-0004003,ord-0004003,ord-0004003,user-00003,books,wallet,refunded,5,23.800000,0.050000,113.050000,1700360270,1700361039
orders-row-0004004,ord-0004004,ord-0004004,user-00004,grocery,card,completed,2,25.100000,0.000000,50.200000,1700360360,1700360240
orders-row-0004005,ord-0004005,ord-0004005,user-00005,apparel,paypal,paid,4,26.700000,0.150000,90.780000,1700360450,1700361245
orders-row-0004006,ord-0004006,ord-0004006,user-00006,home,bank_transfer,pending,1,28.300000,0.100000,25.470000,1700360540,1700361348
orders-row-0004007,ord-0004007,ord-0004007,user-00007,sports,wallet,shipped,3,30.000000,0.050000,85.500000,1700360630,1700361451
orders-row-0004008,ord-0004008,ord-0004008,user-00008,electronics,card,refunded,5,31.900000,0.000000,159.500000,1700360720,1700361554
orders-row-0004009,ord-0004009,ord-0004009,user-00009,books,paypal,completed,2,34.200000,0.150000,58.140000,1700360810,1700361657
orders-row-0004010,ord-0004010,ord-0004010,user-00010,grocery,bank_transfer,paid,4,35.400000,0.100000,127.440000,1700360900,1700361760
orders-row-0004011,ord-0004011,ord-0004011,user-00011,apparel,wallet,pending,1,37.300000,0.050000,35.430000,1700360990,1700361863
orders-row-0004012,ord-0004012,ord-0004012,user-00012,home,card,shipped,3,38.600000,0.000000,115.800000,1700361080,1700361966
orders-row-0004013,ord-0004013,ord-0004013,user-00013,sports,paypal,refunded,5,40.800000,0.150000,173.400000,1700361170,1700362069
orders-row-0004014,ord-0004014,ord-0004014,user-00014,electronics,bank_transfer,completed,2,41.900000,0.100000,75.420000,1700361260,1700362172
orders-row-0004015,ord-0004015,ord-0004015,user-00015,books,wallet,paid,4,44.000000,0.050000,167.200000,1700361350,1700362275
orders-row-0004016,ord-0004016,ord-0004016,user-00016,grocery,card,pending,1,45.300000,0.000000,45.300000,1700361440,1700361478
orders-row-0004017,ord-0004017,ord-0004017,user-00017,apparel,paypal,shipped,3,47.800000,0.150000,121.890000,1700361530,1700361581
orders-row-0004018,ord-0004018,ord-0004018,user-00018,home,bank_transfer,refunded,5,48.900000,0.100000,220.050000,1700361620,1700361684
orders-row-0004019,ord-0004019,ord-0004019,user-00019,sports,wallet,completed,2,51.200000,0.050000,97.280000,1700361710,1700361787
orders-row-0004020,ord-0004020,ord-0004020,user-00020,electronics,card,paid,4,52.300000,0.000000,209.200000,1700361800,1700361890
orders-row-0004021,ord-0004021,ord-0004021,user-00021,books,paypal,pending,1,53.800000,0.150000,45.730000,1700361890,1700361993
orders-row-0004022,ord-0004022,ord-0004022,user-00022,grocery,bank_transfer,shipped,3,56.300000,0.100000,152.010000,1700361980,1700362096
orders-row-0004023,ord-0004023,ord-0004023,user-00023,apparel,wallet,refunded,5,58.000000,0.050000,275.500000,1700362070,1700362199
orders-row-0004024,ord-0004024,ord-0004024,user-00024,home,card,completed,2,59.400000,0.000000,118.800000,1700362160,1700362302
orders-row-0004025,ord-0004025,ord-0004025,user-00025,sports,paypal,paid,4,60.600000,0.150000,206.040000,1700362250,1700362405
orders-row-0004026,ord-0004026,ord-0004026,user-00026,electronics,bank_transfer,pending,1,62.400000,0.100000,56.160000,1700362340,1700362508
orders-row-0004027,ord-0004027,ord-0004027,user-00027,books,wallet,shipped,3,64.400000,0.050000,183.540000,1700362430,1700362611
orders-row-0004028,ord-0004028,ord-0004028,user-00028,grocery,card,refunded,5,65.900000,0.000000,329.500000,1700362520,1700362714
orders-row-0004029,ord-0004029,ord-0004029,user-00029,apparel,paypal,completed,2,67.900000,0.150000,115.430000,1700362610,1700362817
orders-row-0004030,ord-0004030,ord-0004030,user-00030,home,bank_transfer,paid,4,69.400000,0.100000,249.840000,1700362700,1700362920
orders-row-0004031,ord-0004031,ord-0004031,user-00031,sports,wallet,pending,1,71.300000,0.050000,67.730000,1700362790,1700363023
orders-row-0004032,ord-0004032,ord-0004032,user-00032,electronics,card,shipped,3,73.100000,0.000000,219.300000,1700362880,1700363126
orders-row-0004033,ord-0004033,ord-0004033,user-00033,books,paypal,refunded,5,75.000000,0.150000,318.750000,1700362970,1700363229
orders-row-0004034,ord-0004034,ord-0004034,user-00034,grocery,bank_transfer,completed,2,76.600000,0.100000,137.880000,1700363060,1700363332
orders-row-0004035,ord-0004035,ord-0004035,user-00035,apparel,wallet,paid,4,77.600000,0.050000,294.880000,1700363150,1700363435
orders-row-0004036,ord-0004036,ord-0004036,user-00036,home,card,pending,1,9.700000,0.000000,9.700000,1700363240,1700363538
orders-row-0004037,ord-0004037,ord-0004037,user-00037,sports,paypal,shipped,3,11.600000,0.150000,29.580000,1700363330,1700363641
orders-row-0004038,ord-0004038,ord-0004038,user-00038,electronics,bank_transfer,refunded,5,13.000000,0.100000,58.500000,1700363420,1700363744
orders-row-0004039,ord-0004039,ord-0004039,user-00039,books,wallet,completed,2,14.800000,0.050000,28.120000,1700363510,1700363847
orders-row-0004040,ord-0004040,ord-0004040,user-00040,grocery,card,paid,4,16.500000,0.000000,66.000000,1700363600,1700363950
orders-row-0004041,ord-0004041,ord-0004041,user-00041,apparel,paypal,pending,1,18.500000,0.150000,15.720000,1700363690,1700364053
orders-row-0004042,ord-0004042,ord-0004042,user-00042,home,bank_transfer,shipped,3,20.100000,0.100000,54.270000,1700363780,1700364156
orders-row-0004043,ord-0004043,ord-0004043,user-00043,sports,wallet,refunded,5,21.800000,0.050000,103.550000,1700363870,1700364259
orders-row-0004044,ord-0004044,ord-0004044,user-00044,electronics,card,completed,2,23.600000,0.000000,47.200000,1700363960,1700364362
orders-row-0004045,ord-0004045,ord-0004045,user-00045,books,paypal,paid,4,25.300000,0.150000,86.020000,1700364050,1700364465
orders-row-0004046,ord-0004046,ord-0004046,user-00046,grocery,bank_transfer,pending,1,26.700000,0.100000,24.030000,1700364140,1700364568
orders-row-0004047,ord-0004047,ord-0004047,user-00047,apparel,wallet,shipped,3,28.000000,0.050000,79.800000,1700364230,1700364671
orders-row-0004048,ord-0004048,ord-0004048,user-00048,home,card,refunded,5,30.500000,0.000000,152.500000,1700364320,1700364774
orders-row-0004049,ord-0004049,ord-0004049,user-00049,sports,paypal,completed,2,31.800000,0.150000,54.060000,1700364410,1700364877
orders-row-0004050,ord-0004050,ord-0004050,user-00050,electronics,bank_transfer,paid,4,33.900000,0.100000,122.040000,1700364500,1700364980
orders-row-0004051,ord-0004051,ord-0004051,user-00051,books,wallet,pending,1,35.100000,0.050000,33.340000,1700364590,1700365083
orders-row-0004052,ord-0004052,ord-0004052,user-00052,grocery,card,shipped,3,37.300000,0.000000,111.900000,1700364680,1700365186
orders-row-0004053,ord-0004053,ord-0004053,user-00053,apparel,paypal,refunded,5,38.400000,0.150000,163.200000,1700364770,1700365289
orders-row-0004054,ord-0004054,ord-0004054,user-00054,home,bank_transfer,completed,2,39.900000,0.100000,71.820000,1700364860,1700365392
orders-row-0004055,ord-0004055,ord-0004055,user-00055,sports,wallet,paid,4,42.000000,0.050000,999999.000000,1700364950,1700365495
orders-row-0004056,ord-0004056,ord-0004056,user-00056,electronics,card,pending,1,43.700000,0.000000,43.700000,1700365040,1700365598
orders-row-0004057,ord-0004057,ord-0004057,user-00057,books,paypal,shipped,3,45.600000,0.150000,116.280000,1700365130,1700365701
orders-row-0004058,ord-0004058,ord-0004058,user-00058,grocery,bank_transfer,refunded,5,47.400000,0.100000,213.300000,1700365220,1700365804
orders-row-0004059,ord-0004059,ord-0004059,user-00059,apparel,wallet,completed,2,48.300000,0.050000,91.770000,1700365310,1700365907
orders-row-0004060,ord-0004060,ord-0004060,user-00060,home,card,paid,4,50.400000,0.000000,201.600000,1700365400,1700366010
orders-row-0004061,ord-0004061,ord-0004061,user-00061,sports,paypal,pending,1,51.900000,0.150000,44.110000,1700365490,1700366113
orders-row-0004062,ord-0004062,ord-0004062,user-00062,electronics,bank_transfer,shipped,3,53.600000,0.100000,144.720000,1700365580,1700366216
orders-row-0004063,ord-0004063,ord-0004063,user-00063,books,wallet,refunded,5,55.500000,0.050000,263.620000,1700365670,1700366319
orders-row-0004064,ord-0004064,ord-0004064,user-00064,grocery,card,completed,2,57.300000,0.000000,114.600000,1700365760,1700366422
orders-row-0004065,ord-0004065,ord-0004065,user-00065,apparel,paypal,paid,4,58.800000,0.150000,199.920000,1700365850,1700366525
orders-row-0004066,ord-0004066,ord-0004066,user-00066,home,bank_transfer,pending,1,60.700000,0.100000,54.630000,1700365940,1700366628
orders-row-0004067,ord-0004067,ord-0004067,user-00067,sports,wallet,shipped,3,62.200000,0.050000,177.270000,1700366030,1700366731
orders-row-0004068,ord-0004068,ord-0004068,user-00068,electronics,card,refunded,5,64.100000,0.000000,320.500000,1700366120,1700366834
orders-row-0004069,ord-0004069,ord-0004069,user-00069,books,paypal,completed,2,66.000000,0.150000,112.200000,1700366210,1700366937
orders-row-0004070,ord-0004070,ord-0004070,user-00070,grocery,bank_transfer,paid,4,67.000000,0.100000,241.200000,1700366300,1700367040
orders-row-0004071,ord-0004071,ord-0004071,user-00071,apparel,wallet,pending,1,68.700000,0.050000,65.270000,1700366390,1700367143
orders-row-0004072,ord-0004072,ord-0004072,user-00072,home,card,shipped,3,70.400000,0.000000,211.200000,1700366480,1700367246
orders-row-0004073,ord-0004073,ord-0004073,user-00073,sports,paypal,refunded,5,73.000000,0.150000,310.250000,1700366570,1700367349
orders-row-0004074,ord-0004074,ord-0004074,user-00074,electronics,bank_transfer,completed,2,73.800000,0.100000,132.840000,1700366660,1700367452
orders-row-0004075,ord-0004075,ord-0004075,user-00075,books,wallet,paid,4,75.900000,0.050000,288.420000,1700366750,1700367555
orders-row-0004076,ord-0004076,ord-0004076,user-00076,grocery,card,pending,1,8.100000,0.000000,8.100000,1700366840,1700367658
orders-row-0004077,ord-0004077,ord-0004077,user-00077,apparel,paypal,shipped,3,9.000000,0.150000,22.950000,1700366930,1700367761
orders-row-0004078,ord-0004078,ord-0004078,user-00078,home,bank_transfer,refunded,5,10.600000,0.100000,47.700000,1700367020,1700367864
orders-row-0004079,ord-0004079,ord-0004079,user-00079,sports,wallet,completed,2,12.800000,0.050000,24.320000,1700367110,1700367967
orders-row-0004080,ord-0004080,ord-0004080,user-00080,electronics,card,paid,4,14.100000,0.000000,56.400000,1700367200,1700368070
orders-row-0004081,ord-0004081,ord-0004081,user-00081,books,paypal,pending,1,16.300000,0.150000,13.860000,1700367290,1700368173
orders-row-0004082,ord-0004082,ord-0004082,user-00082,grocery,bank_transfer,shipped,3,18.200000,0.100000,49.140000,1700367380,1700368276
orders-row-0004083,ord-0004083,ord-0004083,user-00083,apparel,wallet,refunded,5,19.800000,0.050000,94.050000,1700367470,1700368379
orders-row-0004084,ord-0004084,ord-0004084,user-00084,home,card,completed,2,21.300000,0.000000,42.600000,1700367560,1700368482
orders-row-0004085,ord-0004085,ord-0004085,user-00085,sports,paypal,paid,4,23.000000,0.150000,78.200000,1700367650,1700367685
orders-row-0004086,ord-0004086,ord-0004086,user-00086,electronics,bank_transfer,pending,1,24.400000,0.100000,21.960000,1700367740,1700367788
orders-row-0004087,ord-0004087,ord-0004087,user-00087,books,wallet,shipped,3,26.600000,0.050000,75.810000,1700367830,1700367891
orders-row-0004088,ord-0004088,ord-0004088,user-00088,grocery,card,refunded,5,28.500000,0.000000,142.500000,1700367920,1700367994
orders-row-0004089,ord-0004089,ord-0004089,user-00089,apparel,paypal,completed,2,29.900000,0.150000,50.830000,1700368010,1700368097
orders-row-0004090,ord-0004090,ord-0004090,user-00090,home,bank_transfer,paid,4,31.800000,0.100000,114.480000,1700368100,1700368200
orders-row-0004091,ord-0004091,ord-0004091,user-00091,sports,wallet,pending,1,32.700000,0.050000,31.070000,1700368190,1700368303
orders-row-0004092,ord-0004092,ord-0004092,user-00092,electronics,card,shipped,3,34.800000,0.000000,104.400000,1700368280,1700368406
orders-row-0004093,ord-0004093,ord-0004093,user-00093,books,paypal,refunded,5,36.700000,0.150000,155.970000,1700368370,1700368509
orders-row-0004094,ord-0004094,ord-0004094,user-00094,grocery,bank_transfer,completed,2,38.400000,0.100000,69.120000,1700368460,1700368612
orders-row-0004095,ord-0004095,ord-0004095,user-00095,apparel,wallet,paid,4,39.500000,0.050000,150.100000,1700368550,1700368715
orders-row-0004096,ord-0004096,ord-0004096,user-00096,home,card,pending,1,41.600000,0.000000,41.600000,1700368640,1700368818
orders-row-0004097,ord-0004097,ord-0004097,user-00097,sports,paypal,shipped,3,43.500000,0.150000,110.920000,1700368730,1700368921
orders-row-0004098,ord-0004098,ord-0004098,user-00098,electronics,bank_transfer,refunded,5,44.600000,0.100000,200.700000,1700368820,1700369024
orders-row-0004099,ord-0004099,ord-0004099,user-00099,books,wallet,completed,2,46.500000,0.050000,88.350000,1700368910,1700369127
orders-row-0004100,ord-0004100,ord-0004100,user-00100,grocery,card,paid,4,48.800000,0.000000,195.200000,1700369000,1700369230
orders-row-0004101,ord-0004101,ord-0004101,user-00101,apparel,paypal,pending,1,50.600000,0.150000,43.010000,1700369090,1700369333
orders-row-0004102,ord-0004102,ord-0004102,user-00102,home,bank_transfer,shipped,3,52.200000,0.100000,140.940000,1700369180,1700369436
orders-row-0004103,ord-0004103,ord-0004103,user-00103,sports,wallet,refunded,5,53.400000,0.050000,253.650000,1700369270,1700369539
orders-row-0004104,ord-0004104,ord-0004104,user-00104,electronics,card,completed,2,54.900000,0.000000,109.800000,1700369360,1700369642
orders-row-0004105,ord-0004105,ord-0004105,user-00105,books,paypal,paid,4,57.100000,0.150000,194.140000,1700369450,1700369745
orders-row-0004106,ord-0004106,ord-0004106,user-00106,grocery,bank_transfer,pending,1,58.600000,0.100000,52.740000,1700369540,1700369848
orders-row-0004107,ord-0004107,ord-0004107,user-00107,apparel,wallet,shipped,3,60.600000,0.050000,172.710000,1700369630,1700369951
orders-row-0004108,ord-0004108,ord-0004108,user-00108,home,card,refunded,5,62.000000,0.000000,310.000000,1700369720,1700370054
orders-row-0004109,ord-0004109,ord-0004109,user-00109,sports,paypal,completed,2,63.400000,0.150000,107.780000,1700369810,1700370157
orders-row-0004110,ord-0004110,ord-0004110,user-00110,electronics,bank_transfer,paid,4,65.600000,0.100000,236.160000,1700369900,1700370260
orders-row-0004111,ord-0004111,ord-0004111,user-00111,books,wallet,pending,1,66.900000,0.050000,63.550000,1700369990,1700370363
orders-row-0004112,ord-0004112,ord-0004112,user-00112,grocery,card,shipped,3,68.700000,0.000000,206.100000,1700370080,1700370466
orders-row-0004113,ord-0004113,ord-0004113,user-00113,apparel,paypal,refunded,5,70.600000,0.150000,300.050000,1700370170,1700370569
orders-row-0004114,ord-0004114,ord-0004114,user-00114,home,bank_transfer,completed,2,71.800000,0.100000,129.240000,1700370260,1700370672
orders-row-0004115,ord-0004115,ord-0004115,user-00115,sports,wallet,paid,4,74.300000,0.050000,282.340000,1700370350,1700370775
orders-row-0004116,ord-0004116,ord-0004116,user-00116,electronics,card,pending,1,75.600000,0.000000,75.600000,1700370440,1700370878
orders-row-0004117,ord-0004117,ord-0004117,user-00117,books,paypal,shipped,3,77.600000,0.150000,197.880000,1700370530,1700370981
orders-row-0004118,ord-0004118,ord-0004118,user-00118,grocery,bank_transfer,refunded,5,8.900000,0.100000,40.050000,1700370620,1700371084
orders-row-0004119,ord-0004119,ord-0004119,user-00119,apparel,wallet,completed,2,11.200000,0.050000,21.280000,1700370710,1700371187
orders-row-0004120,ord-0004120,ord-0004120,user-00120,home,card,paid,4,12.900000,0.000000,51.600000,1700370800,1700371290
orders-row-0004121,ord-0004121,ord-0004121,user-00121,sports,paypal,pending,1,14.100000,0.150000,11.980000,1700370890,1700371393
orders-row-0004122,ord-0004122,ord-0004122,user-00122,electronics,bank_transfer,shipped,3,15.500000,0.100000,41.850000,1700370980,1700371496
orders-row-0004123,ord-0004123,ord-0004123,user-00123,books,wallet,refunded,5,17.900000,0.050000,85.020000,1700371070,1700371599
orders-row-0004124,ord-0004124,ord-0004124,user-00124,grocery,card,completed,2,18.800000,0.000000,37.600000,1700371160,1700371702
orders-row-0004125,ord-0004125,ord-0004125,user-00125,apparel,paypal,paid,4,21.000000,0.150000,71.400000,1700371250,1700371805
orders-row-0004126,ord-0004126,ord-0004126,user-00126,home,bank_transfer,pending,1,23.000000,0.100000,20.700000,1700371340,1700371908
orders-row-0004127,ord-0004127,ord-0004127,user-00127,sports,wallet,shipped,3,24.100000,0.050000,68.690000,1700371430,1700372011
orders-row-0004128,ord-0004128,ord-0004128,user-00128,electronics,card,refunded,5,26.200000,0.000000,131.000000,1700371520,1700372114
orders-row-0004129,ord-0004129,ord-0004129,user-00129,books,paypal,completed,2,27.700000,0.150000,47.090000,1700371610,1700372217
orders-row-0004130,ord-0004130,ord-0004130,user-00130,grocery,bank_transfer,paid,4,29.000000,0.100000,104.400000,1700371700,1700372320
orders-row-0004131,ord-0004131,ord-0004131,user-00131,apparel,wallet,pending,1,31.000000,0.050000,29.450000,1700371790,1700372423
orders-row-0004132,ord-0004132,ord-0004132,user-00132,home,card,shipped,3,32.700000,0.000000,98.100000,1700371880,1700372526
orders-row-0004133,ord-0004133,ord-0004133,user-00133,sports,paypal,refunded,5,34.400000,0.150000,146.200000,1700371970,1700372629
orders-row-0004134,ord-0004134,ord-0004134,user-00134,electronics,bank_transfer,completed,2,36.700000,0.100000,66.060000,1700372060,1700372732
orders-row-0004135,ord-0004135,ord-0004135,user-00135,books,wallet,paid,4,38.100000,0.050000,144.780000,1700372150,1700372835
orders-row-0004136,ord-0004136,ord-0004136,user-00136,grocery,card,pending,1,39.400000,0.000000,39.400000,1700372240,1700372938
orders-row-0004137,ord-0004137,ord-0004137,user-00137,apparel,paypal,shipped,3,41.400000,0.150000,105.570000,1700372330,1700373041
orders-row-0004138,ord-0004138,ord-0004138,user-00138,home,bank_transfer,refunded,5,43.100000,0.100000,193.950000,1700372420,1700373144
orders-row-0004139,ord-0004139,ord-0004139,user-00139,sports,wallet,completed,2,44.500000,0.050000,84.550000,1700372510,1700373247
orders-row-0004140,ord-0004140,ord-0004140,user-00140,electronics,card,paid,4,46.700000,0.000000,186.800000,1700372600,1700373350
orders-row-0004141,ord-0004141,ord-0004141,user-00141,books,paypal,pending,1,47.700000,0.150000,40.550000,1700372690,1700373453
orders-row-0004142,ord-0004142,ord-0004142,user-00142,grocery,bank_transfer,shipped,3,49.500000,0.100000,133.650000,1700372780,1700373556
orders-row-0004143,ord-0004143,ord-0004143,user-00143,apparel,wallet,refunded,5,52.000000,0.050000,247.000000,1700372870,1700373659
orders-row-0004144,ord-0004144,ord-0004144,user-00144,home,card,completed,2,53.500000,0.000000,107.000000,1700372960,1700373762
orders-row-0004145,ord-0004145,ord-0004145,user-00145,sports,paypal,paid,4,55.000000,0.150000,187.000000,1700373050,1700373865
orders-row-0004146,ord-0004146,ord-0004146,user-00146,electronics,bank_transfer,pending,1,56.500000,0.100000,50.850000,1700373140,1700373968
orders-row-0004147,ord-0004147,ord-0004147,user-00147,books,wallet,shipped,3,58.000000,0.050000,165.300000,1700373230,1700374071
orders-row-0004148,ord-0004148,ord-0004148,user-00148,grocery,card,refunded,5,59.600000,0.000000,298.000000,1700373320,1700374174
orders-row-0004149,ord-0004149,ord-0004149,user-00149,apparel,paypal,completed,2,61.400000,0.150000,104.380000,1700373410,1700374277
orders-row-0004150,ord-0004150,ord-0004150,user-00150,home,bank_transfer,paid,4,63.900000,0.100000,230.040000,1700373500,1700374380
orders-row-0004151,ord-0004151,ord-0004151,user-00151,sports,wallet,pending,1,64.900000,0.050000,61.660000,1700373590,1700374483
orders-row-0004152,ord-0004152,ord-0004152,user-00152,electronics,card,shipped,3,67.000000,0.000000,201.000000,1700373680,1700374586
orders-row-0004153,ord-0004153,ord-0004153,user-00153,books,paypal,refunded,5,68.600000,0.150000,291.550000,1700373770,1700374689
orders-row-0004154,ord-0004154,ord-0004154,user-00154,grocery,bank_transfer,completed,2,70.100000,0.100000,126.180000,1700373860,1700373892
orders-row-0004155,ord-0004155,ord-0004155,user-00155,apparel,wallet,paid,4,72.400000,0.050000,275.120000,1700373950,1700373995
orders-row-0004156,ord-0004156,ord-0004156,user-00156,home,card,pending,1,73.700000,0.000000,73.700000,1700374040,1700374098
orders-row-0004157,ord-0004157,ord-0004157,user-00157,sports,paypal,shipped,3,75.500000,0.150000,192.530000,1700374130,1700374201
orders-row-0004158,ord-0004158,ord-0004158,user-00158,electronics,bank_transfer,refunded,5,77.300000,0.100000,347.850000,1700374220,1700374304
orders-row-0004159,ord-0004159,ord-0004159,user-00159,books,wallet,completed,2,9.000000,0.050000,17.100000,1700374310,1700374407
orders-row-0004160,ord-0004160,ord-0004160,user-00160,grocery,card,paid,4,10.200000,0.000000,40.800000,1700374400,1700374510
orders-row-0004161,ord-0004161,ord-0004161,user-00161,apparel,paypal,pending,1,12.200000,0.150000,10.370000,1700374490,1700374613
orders-row-0004162,ord-0004162,ord-0004162,user-00162,home,bank_transfer,shipped,3,13.500000,0.100000,36.450000,1700374580,1700374716
orders-row-0004163,ord-0004163,ord-0004163,user-00163,sports,wallet,__CD_RARE_ORDERS_TRANSACTIONS_ORDER_STATUS_010__,5,15.900000,0.050000,75.520000,1700374670,1700374819
orders-row-0004164,ord-0004164,ord-0004164,user-00164,electronics,card,completed,2,17.700000,0.000000,35.400000,1700374760,1700374922
orders-row-0004165,ord-0004165,ord-0004165,user-00165,books,paypal,paid,4,18.500000,0.150000,62.900000,1700374850,1700375025
orders-row-0004166,ord-0004166,ord-0004166,user-00166,grocery,bank_transfer,pending,1,21.000000,0.100000,18.900000,1700374940,1700375128
orders-row-0004167,ord-0004167,ord-0004167,user-00167,apparel,wallet,shipped,3,22.400000,0.050000,63.840000,1700375030,1700375231
orders-row-0004168,ord-0004168,ord-0004168,user-00168,home,card,refunded,5,24.500000,0.000000,122.500000,1700375120,1700375334
orders-row-0004169,ord-0004169,ord-0004169,user-00169,sports,paypal,completed,2,25.900000,0.150000,44.030000,1700375210,1700375437
orders-row-0004170,ord-0004170,ord-0004170,user-00170,electronics,bank_transfer,paid,4,27.400000,0.100000,98.640000,1700375300,1700375540
orders-row-0004171,ord-0004171,ord-0004171,user-00171,books,wallet,pending,1,28.800000,0.050000,27.360000,1700375390,1700375643
orders-row-0004172,ord-0004172,ord-0004172,user-00172,grocery,card,shipped,3,31.200000,0.000000,93.600000,1700375480,1700375746
orders-row-0004173,ord-0004173,ord-0004173,user-00173,apparel,paypal,refunded,5,32.200000,0.150000,136.850000,1700375570,1700375849
orders-row-0004174,ord-0004174,ord-0004174,user-00174,home,bank_transfer,completed,2,34.600000,0.100000,62.280000,1700375660,1700375952
orders-row-0004175,ord-0004175,ord-0004175,user-00175,sports,wallet,paid,4,35.900000,0.050000,136.420000,1700375750,1700376055
orders-row-0004176,ord-0004176,ord-0004176,user-00176,electronics,card,pending,1,38.100000,0.000000,38.100000,1700375840,1700376158
orders-row-0004177,ord-0004177,ord-0004177,user-00177,books,paypal,shipped,3,39.700000,0.150000,101.230000,1700375930,1700376261
orders-row-0004178,ord-0004178,ord-0004178,user-00178,grocery,bank_transfer,refunded,5,41.000000,0.100000,184.500000,1700376020,1700376364
orders-row-0004179,ord-0004179,ord-0004179,user-00179,apparel,wallet,completed,2,42.700000,0.050000,81.130000,1700376110,1700376467
orders-row-0004180,ord-0004180,ord-0004180,user-00180,home,card,paid,4,44.900000,0.000000,179.600000,1700376200,1700376570
orders-row-0004181,ord-0004181,ord-0004181,user-00181,sports,paypal,pending,1,46.400000,0.150000,39.440000,1700376290,1700376673
orders-row-0004182,ord-0004182,ord-0004182,user-00182,electronics,bank_transfer,shipped,3,47.700000,0.100000,128.790000,1700376380,1700376776
orders-row-0004183,ord-0004183,ord-0004183,user-00183,books,wallet,refunded,5,49.600000,0.050000,235.600000,1700376470,1700376879
orders-row-0004184,ord-0004184,ord-0004184,user-00184,grocery,card,completed,2,51.200000,0.000000,102.400000,1700376560,1700376982
orders-row-0004185,ord-0004185,ord-0004185,user-00185,apparel,paypal,paid,4,53.300000,0.150000,181.220000,1700376650,1700377085
orders-row-0004186,ord-0004186,ord-0004186,user-00186,home,bank_transfer,pending,1,54.700000,0.100000,49.230000,1700376740,1700377188
orders-row-0004187,ord-0004187,ord-0004187,user-00187,sports,wallet,shipped,3,56.200000,0.050000,160.170000,1700376830,1700377291
orders-row-0004188,ord-0004188,ord-0004188,user-00188,electronics,card,refunded,5,58.300000,0.000000,291.500000,1700376920,1700377394
orders-row-0004189,ord-0004189,ord-0004189,user-00189,books,paypal,completed,2,60.200000,0.150000,102.340000,1700377010,1700377497
orders-row-0004190,ord-0004190,ord-0004190,user-00190,grocery,bank_transfer,paid,4,61.600000,0.100000,221.760000,1700377100,1700377600
orders-row-0004191,ord-0004191,ord-0004191,user-00191,apparel,wallet,pending,1,62.900000,0.050000,59.750000,1700377190,1700377703
orders-row-0004192,ord-0004192,ord-0004192,user-00192,home,card,shipped,3,64.900000,0.000000,194.700000,1700377280,1700377806
orders-row-0004193,ord-0004193,ord-0004193,user-00193,sports,paypal,refunded,5,66.600000,0.150000,283.050000,1700377370,1700377909
orders-row-0004194,ord-0004194,ord-0004194,user-00194,electronics,bank_transfer,completed,2,68.000000,0.100000,122.400000,1700377460,1700378012
orders-row-0004195,ord-0004195,ord-0004195,user-00195,books,wallet,paid,4,70.000000,0.050000,266.000000,1700377550,1700378115
orders-row-0004196,ord-0004196,ord-0004196,user-00196,grocery,card,pending,1,71.800000,0.000000,71.800000,1700377640,1700378218
orders-row-0004197,ord-0004197,ord-0004197,user-00197,apparel,paypal,shipped,3,73.300000,0.150000,186.910000,1700377730,1700378321
orders-row-0004198,ord-0004198,ord-0004198,user-00198,home,bank_transfer,refunded,5,74.700000,0.100000,336.150000,1700377820,1700378424
orders-row-0004199,ord-0004199,ord-0004199,user-00199,sports,wallet,completed,2,77.200000,0.050000,146.680000,1700377910,1700378527
orders-row-0004200,ord-0004200,ord-0004200,user-00200,electronics,card,paid,4,8.300000,0.000000,33.200000,1700378000,1700378630
orders-row-0004201,ord-0004201,ord-0004201,user-00201,books,paypal,pending,1,10.000000,0.150000,8.500000,1700378090,1700378733
orders-row-0004202,ord-0004202,ord-0004202,user-00202,grocery,bank_transfer,shipped,3,11.800000,0.100000,31.860000,1700378180,1700378836
orders-row-0004203,ord-0004203,ord-0004203,user-00203,apparel,wallet,refunded,5,13.800000,0.050000,65.550000,1700378270,1700378939
orders-row-0004204,ord-0004204,ord-0004204,user-00204,home,card,completed,2,15.600000,0.000000,31.200000,1700378360,1700379042
orders-row-0004205,ord-0004205,ord-0004205,user-00205,sports,paypal,paid,4,16.700000,0.150000,56.780000,1700378450,1700379145
orders-row-0004206,ord-0004206,ord-0004206,user-00206,electronics,bank_transfer,pending,1,19.100000,0.100000,17.190000,1700378540,1700379248
orders-row-0004207,ord-0004207,ord-0004207,user-00207,books,wallet,shipped,3,20.000000,0.050000,57.000000,1700378630,1700379351
orders-row-0004208,ord-0004208,ord-0004208,user-00208,grocery,card,refunded,5,22.200000,0.000000,111.000000,1700378720,1700379454
orders-row-0004209,ord-0004209,ord-0004209,user-00209,apparel,paypal,completed,2,23.800000,0.150000,40.460000,1700378810,1700379557
orders-row-0004210,ord-0004210,ord-0004210,user-00210,home,bank_transfer,paid,4,25.700000,0.100000,92.520000,1700378900,1700379660
orders-row-0004211,ord-0004211,ord-0004211,user-00211,sports,wallet,pending,1,26.800000,0.050000,25.460000,1700378990,1700379763
orders-row-0004212,ord-0004212,ord-0004212,user-00212,electronics,card,shipped,3,29.300000,0.000000,87.900000,1700379080,1700379866
orders-row-0004213,ord-0004213,ord-0004213,user-00213,books,paypal,refunded,5,30.700000,0.150000,130.470000,1700379170,1700379969
orders-row-0004214,ord-0004214,ord-0004214,user-00214,grocery,bank_transfer,completed,2,31.900000,0.100000,57.420000,1700379260,1700380072
orders-row-0004215,ord-0004215,ord-0004215,user-00215,apparel,wallet,paid,4,33.500000,0.050000,127.300000,1700379350,1700380175
orders-row-0004216,ord-0004216,ord-0004216,user-00216,home,card,pending,1,35.200000,0.000000,35.200000,1700379440,1700380278
orders-row-0004217,ord-0004217,ord-0004217,user-00217,sports,paypal,shipped,3,37.400000,0.150000,95.370000,1700379530,1700380381
orders-row-0004218,ord-0004218,ord-0004218,user-00218,electronics,bank_transfer,refunded,5,39.300000,0.100000,176.850000,1700379620,1700380484
orders-row-0004219,ord-0004219,ord-0004219,user-00219,books,wallet,completed,2,40.700000,0.050000,77.330000,1700379710,1700380587
orders-row-0004220,ord-0004220,ord-0004220,user-00220,grocery,card,paid,4,42.400000,0.000000,169.600000,1700379800,1700380690
orders-row-0004221,ord-0004221,ord-0004221,user-00221,apparel,paypal,pending,1,44.600000,0.150000,37.910000,1700379890,1700380793
orders-row-0004222,ord-0004222,ord-0004222,user-00222,home,bank_transfer,shipped,3,45.500000,0.100000,122.850000,1700379980,1700380896
orders-row-0004223,ord-0004223,ord-0004223,user-00223,sports,wallet,refunded,5,47.200000,0.050000,224.200000,1700380070,1700380999
orders-row-0004224,ord-0004224,ord-0004224,user-00224,electronics,card,completed,2,49.200000,0.000000,98.400000,1700380160,1700380202
orders-row-0004225,ord-0004225,ord-0004225,user-00225,books,paypal,paid,4,51.100000,0.150000,173.740000,1700380250,1700380305
orders-row-0004226,ord-0004226,ord-0004226,user-00226,grocery,bank_transfer,pending,1,53.100000,0.100000,47.790000,1700380340,1700380408
orders-row-0004227,ord-0004227,ord-0004227,user-00227,apparel,wallet,shipped,3,54.500000,0.050000,155.320000,1700380430,1700380511
orders-row-0004228,ord-0004228,ord-0004228,user-00228,home,card,refunded,5,55.900000,0.000000,279.500000,1700380520,1700380614
orders-row-0004229,ord-0004229,ord-0004229,user-00229,sports,paypal,completed,2,57.700000,0.150000,98.090000,1700380610,1700380717
orders-row-0004230,ord-0004230,ord-0004230,user-00230,electronics,bank_transfer,paid,4,59.700000,0.100000,214.920000,1700380700,1700380820
orders-row-0004231,ord-0004231,ord-0004231,user-00231,books,wallet,pending,1,61.300000,0.050000,58.230000,1700380790,1700380923
orders-row-0004232,ord-0004232,ord-0004232,user-00232,grocery,card,shipped,3,63.200000,0.000000,189.600000,1700380880,1700381026
orders-row-0004233,ord-0004233,ord-0004233,user-00233,apparel,paypal,refunded,5,64.800000,0.150000,275.400000,1700380970,1700381129
orders-row-0004234,ord-0004234,ord-0004234,user-00234,home,bank_transfer,completed,2,66.700000,0.100000,120.060000,1700381060,1700381232
orders-row-0004235,ord-0004235,ord-0004235,user-00235,sports,wallet,paid,4,67.900000,0.050000,258.020000,1700381150,1700381335
orders-row-0004236,ord-0004236,ord-0004236,user-00236,electronics,card,pending,1,69.900000,0.000000,69.900000,1700381240,1700381438
orders-row-0004237,ord-0004237,ord-0004237,user-00237,books,paypal,shipped,3,70.900000,0.150000,180.800000,1700381330,1700381541
orders-row-0004238,ord-0004238,ord-0004238,user-00238,grocery,bank_transfer,refunded,5,73.000000,0.100000,328.500000,1700381420,1700381644
orders-row-0004239,ord-0004239,ord-0004239,user-00239,apparel,wallet,completed,2,74.300000,0.050000,141.170000,1700381510,1700381747
orders-row-0004240,ord-0004240,ord-0004240,user-00240,home,card,paid,4,76.800000,0.000000,307.200000,1700381600,1700381850
orders-row-0004241,ord-0004241,ord-0004241,user-00241,sports,paypal,pending,1,8.200000,0.150000,6.970000,1700381690,1700381953
orders-row-0004242,ord-0004242,ord-0004242,user-00242,electronics,bank_transfer,shipped,3,9.400000,0.100000,25.380000,1700381780,1700382056
orders-row-0004243,ord-0004243,ord-0004243,user-00243,books,wallet,refunded,5,11.900000,0.050000,56.520000,1700381870,1700382159
orders-row-0004244,ord-0004244,ord-0004244,user-00244,grocery,card,completed,2,13.400000,0.000000,26.800000,1700381960,1700382262
orders-row-0004245,ord-0004245,ord-0004245,user-00245,apparel,paypal,paid,4,15.000000,0.150000,51.000000,1700382050,1700382365
orders-row-0004246,ord-0004246,ord-0004246,user-00246,home,bank_transfer,pending,1,16.900000,0.100000,15.210000,1700382140,1700382468
orders-row-0004247,ord-0004247,ord-0004247,user-00247,sports,wallet,shipped,3,18.600000,0.050000,53.010000,1700382230,1700382571
orders-row-0004248,ord-0004248,ord-0004248,user-00248,electronics,card,refunded,5,20.300000,0.000000,101.500000,1700382320,1700382674
orders-row-0004249,ord-0004249,ord-0004249,user-00249,books,paypal,completed,2,22.200000,0.150000,37.740000,1700382410,1700382777
orders-row-0004250,ord-0004250,ord-0004250,user-00000,grocery,,paid,4,23.900000,0.100000,86.040000,1700382500,1700382880
orders-row-0004251,ord-0004251,ord-0004251,user-00001,apparel,wallet,pending,1,25.000000,0.050000,23.750000,1700382590,1700382983
orders-row-0004252,ord-0004252,ord-0004252,user-00002,home,card,shipped,3,27.300000,0.000000,81.900000,1700382680,1700383086
orders-row-0004253,ord-0004253,ord-0004253,user-00003,sports,paypal,refunded,5,29.000000,0.150000,123.250000,1700382770,1700383189
orders-row-0004254,ord-0004254,ord-0004254,user-00004,electronics,bank_transfer,completed,2,30.600000,0.100000,55.080000,1700382860,1700383292
orders-row-0004255,ord-0004255,ord-0004255,user-00005,books,wallet,paid,4,32.200000,0.050000,122.360000,1700382950,1700383395
orders-row-0004256,ord-0004256,ord-0004256,user-00006,grocery,card,pending,1,34.100000,0.000000,34.100000,1700383040,1700383498
orders-row-0004257,ord-0004257,ord-0004257,user-00007,apparel,paypal,shipped,3,35.200000,0.150000,89.760000,1700383130,1700383601
orders-row-0004258,ord-0004258,ord-0004258,user-00008,home,bank_transfer,refunded,5,37.500000,0.100000,168.750000,1700383220,1700383704
orders-row-0004259,ord-0004259,ord-0004259,user-00009,sports,wallet,completed,2,39.100000,0.050000,74.290000,1700383310,1700383807
orders-row-0004260,ord-0004260,ord-0004260,user-00010,electronics,card,paid,4,40.900000,0.000000,163.600000,1700383400,1700383910
orders-row-0004261,ord-0004261,ord-0004261,user-00011,books,paypal,pending,1,42.300000,0.150000,35.950000,1700383490,1700384013
orders-row-0004262,ord-0004262,ord-0004262,user-00012,grocery,bank_transfer,shipped,3,44.200000,0.100000,119.340000,1700383580,1700384116
orders-row-0004263,ord-0004263,ord-0004263,user-00013,apparel,wallet,refunded,5,45.900000,0.050000,218.020000,1700383670,1700384219
orders-row-0004264,ord-0004264,ord-0004264,user-00014,home,card,completed,2,47.300000,0.000000,94.600000,1700383760,1700384322
orders-row-0004265,ord-0004265,ord-0004265,user-00015,sports,paypal,paid,4,48.800000,0.150000,165.920000,1700383850,1700384425
orders-row-0004266,ord-0004266,ord-0004266,user-00016,electronics,bank_transfer,pending,1,50.500000,0.100000,45.450000,1700383940,1700384528
orders-row-0004267,ord-0004267,ord-0004267,user-00017,books,wallet,shipped,3,52.600000,0.050000,149.910000,1700384030,1700384631
orders-row-0004268,ord-0004268,ord-0004268,user-00018,grocery,card,refunded,5,53.800000,0.000000,269.000000,1700384120,1700384734
orders-row-0004269,ord-0004269,ord-0004269,user-00019,apparel,paypal,completed,2,56.000000,0.150000,95.200000,1700384210,1700384837
orders-row-0004270,ord-0004270,ord-0004270,user-00020,home,bank_transfer,paid,4,57.900000,0.100000,208.440000,1700384300,1700384940
orders-row-0004271,ord-0004271,ord-0004271,user-00021,sports,wallet,pending,1,59.600000,0.050000,56.620000,1700384390,1700385043
orders-row-0004272,ord-0004272,ord-0004272,user-00022,electronics,card,shipped,3,61.200000,0.000000,183.600000,1700384480,1700385146
orders-row-0004273,ord-0004273,ord-0004273,user-00023,books,paypal,refunded,5,62.800000,0.150000,266.900000,1700384570,1700385249
orders-row-0004274,ord-0004274,ord-0004274,user-00024,grocery,bank_transfer,completed,2,64.400000,0.100000,115.920000,1700384660,1700385352
orders-row-0004275,ord-0004275,ord-0004275,user-00025,apparel,wallet,paid,4,65.800000,0.050000,250.040000,1700384750,1700385455
orders-row-0004276,ord-0004276,ord-0004276,user-00026,home,card,pending,1,67.700000,0.000000,67.700000,1700384840,1700385558
orders-row-0004277,ord-0004277,ord-0004277,user-00027,sports,paypal,shipped,3,68.900000,0.150000,175.700000,1700384930,1700385661
orders-row-0004278,ord-0004278,ord-0004278,user-00028,electronics,bank_transfer,refunded,5,70.700000,0.100000,318.150000,1700385020,1700385764
orders-row-0004279,ord-0004279,ord-0004279,user-00029,books,wallet,completed,2,72.600000,0.050000,137.940000,1700385110,1700385867
orders-row-0004280,ord-0004280,ord-0004280,user-00030,grocery,card,paid,4,74.700000,0.000000,298.800000,1700385200,1700385970
orders-row-0004281,ord-0004281,ord-0004281,user-00031,apparel,paypal,pending,1,76.000000,0.150000,64.600000,1700385290,1700386073
orders-row-0004282,ord-0004282,ord-0004282,user-00032,home,bank_transfer,shipped,3,8.000000,0.100000,21.600000,1700385380,1700386176
orders-row-0004283,ord-0004283,ord-0004283,user-00033,sports,wallet,refunded,5,9.100000,0.050000,43.230000,1700385470,1700386279
orders-row-0004284,ord-0004284,ord-0004284,user-00034,electronics,card,completed,2,11.700000,0.000000,23.400000,1700385560,1700386382
orders-row-0004285,ord-0004285,ord-0004285,user-00035,books,paypal,paid,4,13.300000,0.150000,45.220000,1700385650,1700386485
orders-row-0004286,ord-0004286,ord-0004286,user-00036,grocery,bank_transfer,pending,1,14.700000,0.100000,13.230000,1700385740,1700386588
orders-row-0004287,ord-0004287,ord-0004287,user-00037,apparel,wallet,shipped,3,16.000000,0.050000,45.600000,1700385830,1700386691
orders-row-0004288,ord-0004288,ord-0004288,user-00038,home,card,refunded,5,17.800000,0.000000,89.000000,1700385920,1700386794
orders-row-0004289,ord-0004289,ord-0004289,user-00039,sports,paypal,completed,2,20.100000,0.150000,34.170000,1700386010,1700386897
orders-row-0004290,ord-0004290,ord-0004290,user-00040,electronics,bank_transfer,paid,4,21.700000,0.100000,78.120000,1700386100,1700387000
orders-row-0004291,ord-0004291,ord-0004291,user-00041,books,wallet,pending,1,23.300000,0.050000,22.130000,1700386190,1700387103
orders-row-0004292,ord-0004292,ord-0004292,user-00042,grocery,card,shipped,3,25.200000,0.000000,75.600000,1700386280,1700387206
orders-row-0004293,ord-0004293,ord-0004293,user-00043,apparel,paypal,refunded,5,27.000000,0.150000,114.750000,1700386370,1700386409
orders-row-0004294,ord-0004294,ord-0004294,user-00044,home,bank_transfer,completed,2,28.100000,0.100000,50.580000,1700386460,1700386512
orders-row-0004295,ord-0004295,ord-0004295,user-00045,sports,wallet,paid,4,30.300000,0.050000,115.140000,1700386550,1700386615
orders-row-0004296,ord-0004296,ord-0004296,user-00046,electronics,card,pending,1,31.500000,0.000000,31.500000,1700386640,1700386718
orders-row-0004297,ord-0004297,ord-0004297,user-00047,books,paypal,shipped,3,33.200000,0.150000,84.660000,1700386730,1700386821
orders-row-0004298,ord-0004298,ord-0004298,user-00048,grocery,bank_transfer,refunded,5,34.600000,0.100000,155.700000,1700386820,1700386924
orders-row-0004299,ord-0004299,ord-0004299,user-00049,apparel,wallet,completed,2,36.900000,0.050000,70.110000,1700386910,1700387027
orders-row-0004300,ord-0004300,ord-0004300,user-00050,home,card,paid,4,38.100000,0.000000,152.400000,1700387000,1700387130
orders-row-0004301,ord-0004301,ord-0004301,user-00051,sports,paypal,pending,1,39.800000,0.150000,33.830000,1700387090,1700387233
orders-row-0004302,ord-0004302,ord-0004302,user-00052,electronics,bank_transfer,shipped,3,41.800000,0.100000,112.860000,1700387180,1700387336
orders-row-0004303,ord-0004303,ord-0004303,user-00053,books,wallet,refunded,5,43.600000,0.050000,207.100000,1700387270,1700387439
orders-row-0004304,ord-0004304,ord-0004304,user-00054,grocery,card,completed,2,45.200000,0.000000,90.400000,1700387360,1700387542
orders-row-0004305,ord-0004305,ord-0004305,user-00055,apparel,paypal,paid,4,46.900000,0.150000,159.460000,1700387450,1700387645
orders-row-0004306,ord-0004306,ord-0004306,user-00056,home,bank_transfer,pending,1,48.800000,0.100000,43.920000,1700387540,1700387748
orders-row-0004307,ord-0004307,ord-0004307,user-00057,sports,wallet,shipped,3,50.400000,0.050000,143.640000,1700387630,1700387851
orders-row-0004308,ord-0004308,ord-0004308,user-00058,electronics,card,refunded,5,52.000000,0.000000,260.000000,1700387720,1700387954
orders-row-0004309,ord-0004309,ord-0004309,user-00059,books,paypal,completed,2,53.900000,0.150000,91.630000,1700387810,1700388057
orders-row-0004310,ord-0004310,ord-0004310,user-00060,grocery,bank_transfer,paid,4,55.100000,0.100000,198.360000,1700387900,1700388160
orders-row-0004311,ord-0004311,ord-0004311,user-00061,apparel,wallet,pending,1,56.900000,0.050000,54.050000,1700387990,1700388263
orders-row-0004312,ord-0004312,ord-0004312,user-00062,home,card,shipped,3,59.000000,0.000000,177.000000,1700388080,1700388366
orders-row-0004313,ord-0004313,ord-0004313,user-00063,sports,paypal,refunded,5,60.400000,0.150000,256.700000,1700388170,1700388469
orders-row-0004314,ord-0004314,ord-0004314,user-00064,electronics,bank_transfer,completed,2,62.200000,0.100000,111.960000,1700388260,1700388572
orders-row-0004315,ord-0004315,ord-0004315,user-00065,books,wallet,paid,4,64.300000,0.050000,244.340000,1700388350,1700388675
orders-row-0004316,ord-0004316,ord-0004316,user-00066,grocery,card,pending,1,65.300000,0.000000,65.300000,1700388440,1700388778
orders-row-0004317,ord-0004317,ord-0004317,user-00067,apparel,paypal,shipped,3,67.600000,0.150000,172.380000,1700388530,1700388881
orders-row-0004318,ord-0004318,ord-0004318,user-00068,home,bank_transfer,refunded,5,68.600000,0.100000,308.700000,1700388620,1700388984
orders-row-0004319,ord-0004319,ord-0004319,user-00069,sports,wallet,completed,2,70.900000,0.050000,134.710000,1700388710,1700389087
orders-row-0004320,ord-0004320,ord-0004320,user-00070,electronics,card,paid,4,72.900000,0.000000,291.600000,1700388800,1700389190
orders-row-0004321,ord-0004321,ord-0004321,user-00071,books,paypal,pending,1,73.700000,0.150000,62.650000,1700388890,1700389293
orders-row-0004322,ord-0004322,ord-0004322,user-00072,grocery,__CD_RARE_ORDERS_TRANSACTIONS_PAYMENT_METHOD_004__,shipped,3,76.200000,0.100000,205.740000,1700388980,1700389396
orders-row-0004323,ord-0004323,ord-0004323,user-00073,apparel,wallet,refunded,5,77.900000,0.050000,370.020000,1700389070,1700389499
orders-row-0004324,ord-0004324,ord-0004324,user-00074,home,card,completed,2,9.600000,0.000000,19.200000,1700389160,1700389602
orders-row-0004325,ord-0004325,ord-0004325,user-00075,sports,paypal,paid,4,11.000000,0.150000,37.400000,1700389250,1700389705
orders-row-0004326,ord-0004326,ord-0004326,user-00076,electronics,bank_transfer,pending,1,12.300000,0.100000,11.070000,1700389340,1700389808
orders-row-0004327,ord-0004327,ord-0004327,user-00077,books,wallet,shipped,3,14.100000,0.050000,40.180000,1700389430,1700389911
orders-row-0004328,ord-0004328,ord-0004328,user-00078,grocery,card,refunded,5,15.900000,0.000000,79.500000,1700389520,1700390014
orders-row-0004329,ord-0004329,ord-0004329,user-00079,apparel,paypal,completed,2,17.400000,0.150000,29.580000,1700389610,1700390117
orders-row-0004330,ord-0004330,ord-0004330,user-00080,home,bank_transfer,paid,4,19.400000,0.100000,69.840000,1700389700,1700390220
orders-row-0004331,ord-0004331,ord-0004331,user-00081,sports,wallet,pending,1,21.400000,0.050000,20.330000,1700389790,1700390323
orders-row-0004332,ord-0004332,ord-0004332,user-00082,electronics,card,shipped,3,22.500000,0.000000,67.500000,1700389880,1700390426
orders-row-0004333,ord-0004333,ord-0004333,user-00083,books,paypal,refunded,5,24.400000,0.150000,103.700000,1700389970,1700390529
orders-row-0004334,ord-0004334,ord-0004334,user-00084,grocery,bank_transfer,completed,2,26.700000,0.100000,48.060000,1700390060,1700390632
orders-row-0004335,ord-0004335,ord-0004335,user-00085,apparel,wallet,paid,4,28.300000,0.050000,107.540000,1700390150,1700390735
orders-row-0004336,ord-0004336,ord-0004336,user-00086,home,card,pending,1,29.600000,0.000000,29.600000,1700390240,1700390838
orders-row-0004337,ord-0004337,ord-0004337,user-00087,sports,paypal,shipped,3,31.800000,0.150000,81.090000,1700390330,1700390941
orders-row-0004338,ord-0004338,ord-0004338,user-00088,electronics,bank_transfer,refunded,5,32.700000,0.100000,147.150000,1700390420,1700391044
orders-row-0004339,ord-0004339,ord-0004339,user-00089,books,wallet,completed,2,35.000000,0.050000,66.500000,1700390510,1700391147
orders-row-0004340,ord-0004340,ord-0004340,user-00090,grocery,card,paid,4,36.100000,0.000000,144.400000,1700390600,1700391250
orders-row-0004341,ord-0004341,ord-0004341,user-00091,apparel,paypal,pending,1,38.100000,0.150000,32.380000,1700390690,1700391353
orders-row-0004342,ord-0004342,ord-0004342,user-00092,home,bank_transfer,shipped,3,40.100000,0.100000,108.270000,1700390780,1700391456
orders-row-0004343,ord-0004343,ord-0004343,user-00093,sports,wallet,refunded,5,42.000000,0.050000,199.500000,1700390870,1700391559
orders-row-0004344,ord-0004344,ord-0004344,user-00094,electronics,card,completed,2,42.800000,0.000000,85.600000,1700390960,1700391662
orders-row-0004345,ord-0004345,ord-0004345,user-00095,books,paypal,paid,4,44.700000,0.150000,151.980000,1700391050,1700391765
orders-row-0004346,ord-0004346,ord-0004346,user-00096,grocery,bank_transfer,pending,1,46.400000,0.100000,41.760000,1700391140,1700391868
orders-row-0004347,ord-0004347,ord-0004347,user-00097,apparel,wallet,shipped,3,47.900000,0.050000,136.510000,1700391230,1700391971
orders-row-0004348,ord-0004348,ord-0004348,user-00098,home,card,refunded,5,49.700000,0.000000,248.500000,1700391320,1700392074
orders-row-0004349,ord-0004349,ord-0004349,user-00099,sports,paypal,completed,2,9999.000000,0.150000,88.570000,1700391410,1700392177
orders-row-0004350,ord-0004350,ord-0004350,user-00100,electronics,bank_transfer,paid,4,53.900000,0.100000,194.040000,1700391500,1700392280
orders-row-0004351,ord-0004351,ord-0004351,user-00101,books,wallet,pending,1,55.400000,0.050000,52.630000,1700391590,1700392383
orders-row-0004352,ord-0004352,ord-0004352,user-00102,grocery,card,shipped,3,57.200000,0.000000,171.600000,1700391680,1700392486
orders-row-0004353,ord-0004353,ord-0004353,user-00103,apparel,paypal,refunded,5,58.300000,0.150000,247.780000,1700391770,1700392589
orders-row-0004354,ord-0004354,ord-0004354,user-00104,home,bank_transfer,completed,2,59.800000,0.100000,107.640000,1700391860,1700392692
orders-row-0004355,ord-0004355,ord-0004355,user-00105,sports,wallet,paid,4,62.200000,0.050000,236.360000,1700391950,1700392795
orders-row-0004356,ord-0004356,ord-0004356,user-00106,electronics,card,pending,1,63.600000,0.000000,63.600000,1700392040,1700392898
orders-row-0004357,ord-0004357,ord-0004357,user-00107,books,paypal,shipped,3,64.900000,0.150000,165.500000,1700392130,1700393001
orders-row-0004358,ord-0004358,ord-0004358,user-00108,grocery,bank_transfer,refunded,5,66.700000,0.100000,300.150000,1700392220,1700393104
orders-row-0004359,ord-0004359,ord-0004359,user-00109,apparel,wallet,completed,2,69.000000,0.050000,131.100000,1700392310,1700393207
orders-row-0004360,ord-0004360,ord-0004360,user-00110,home,card,paid,4,70.500000,0.000000,282.000000,1700392400,1700393310
orders-row-0004361,ord-0004361,ord-0004361,user-00111,sports,paypal,pending,1,71.700000,0.150000,60.950000,1700392490,1700393413
orders-row-0004362,ord-0004362,ord-0004362,user-00112,electronics,bank_transfer,shipped,3,73.500000,0.100000,198.450000,1700392580,1700392616
orders-row-0004363,ord-0004363,ord-0004363,user-00113,books,wallet,refunded,5,75.600000,0.050000,359.100000,1700392670,1700392719
orders-row-0004364,ord-0004364,ord-0004364,user-00114,grocery,card,completed,2,77.300000,0.000000,154.600000,1700392760,1700392822
orders-row-0004365,ord-0004365,ord-0004365,user-00115,apparel,paypal,paid,4,8.800000,0.150000,29.920000,1700392850,1700392925
orders-row-0004366,ord-0004366,ord-0004366,user-00116,home,bank_transfer,pending,1,10.700000,0.100000,9.630000,1700392940,1700393028
orders-row-0004367,ord-0004367,ord-0004367,user-00117,sports,wallet,shipped,3,12.600000,0.050000,35.910000,1700393030,1700393131
orders-row-0004368,ord-0004368,ord-0004368,user-00118,electronics,card,refunded,5,14.100000,0.000000,70.500000,1700393120,1700393234
orders-row-0004369,ord-0004369,ord-0004369,user-00119,books,paypal,completed,2,15.400000,0.150000,26.180000,1700393210,1700393337
orders-row-0004370,ord-0004370,ord-0004370,user-00120,grocery,bank_transfer,paid,4,17.900000,0.100000,64.440000,1700393300,1700393440
orders-row-0004371,ord-0004371,ord-0004371,user-00121,apparel,wallet,pending,1,19.300000,0.050000,18.340000,1700393390,1700393543
orders-row-0004372,ord-0004372,ord-0004372,user-00122,home,card,shipped,3,21.100000,0.000000,63.300000,1700393480,1700393646
orders-row-0004373,ord-0004373,ord-0004373,user-00123,sports,paypal,refunded,5,22.700000,0.150000,96.470000,1700393570,1700393749
orders-row-0004374,ord-0004374,ord-0004374,user-00124,electronics,bank_transfer,completed,2,24.300000,0.100000,43.740000,1700393660,1700393852
orders-row-0004375,ord-0004375,ord-0004375,user-00125,books,wallet,paid,4,25.500000,0.050000,96.900000,1700393750,1700393955
orders-row-0004376,ord-0004376,ord-0004376,user-00126,grocery,card,pending,1,27.700000,0.000000,27.700000,1700393840,1700394058
orders-row-0004377,ord-0004377,ord-0004377,user-00127,apparel,paypal,shipped,3,29.600000,0.150000,75.480000,1700393930,1700394161
orders-row-0004378,ord-0004378,ord-0004378,user-00128,home,bank_transfer,refunded,5,30.800000,0.100000,138.600000,1700394020,1700394264
orders-row-0004379,ord-0004379,ord-0004379,user-00129,sports,wallet,completed,2,33.100000,0.050000,62.890000,1700394110,1700394367
orders-row-0004380,ord-0004380,ord-0004380,user-00130,electronics,card,paid,4,34.100000,0.000000,136.400000,1700394200,1700394470
orders-row-0004381,ord-0004381,ord-0004381,user-00131,books,paypal,pending,1,36.200000,0.150000,30.770000,1700394290,1700394573
orders-row-0004382,ord-0004382,ord-0004382,user-00132,grocery,bank_transfer,shipped,3,38.000000,0.100000,102.600000,1700394380,1700394676
orders-row-0004383,ord-0004383,ord-0004383,user-00133,apparel,wallet,refunded,5,39.400000,0.050000,187.150000,1700394470,1700394779
orders-row-0004384,ord-0004384,ord-0004384,user-00134,home,card,completed,2,40.800000,0.000000,81.600000,1700394560,1700394882
orders-row-0004385,ord-0004385,ord-0004385,user-00135,sports,paypal,paid,4,42.600000,0.150000,144.840000,1700394650,1700394985
orders-row-0004386,ord-0004386,ord-0004386,user-00136,electronics,bank_transfer,pending,1,44.300000,0.100000,39.870000,1700394740,1700395088
orders-row-0004387,ord-0004387,ord-0004387,user-00137,books,wallet,shipped,3,46.700000,0.050000,133.100000,1700394830,1700395191
orders-row-0004388,ord-0004388,ord-0004388,user-00138,grocery,card,refunded,5,48.200000,0.000000,241.000000,1700394920,1700395294
orders-row-0004389,ord-0004389,ord-0004389,user-00139,apparel,paypal,completed,2,49.300000,0.150000,83.810000,1700395010,1700395397
orders-row-0004390,ord-0004390,ord-0004390,user-00140,home,bank_transfer,paid,4,51.200000,0.100000,184.320000,1700395100,1700395500
orders-row-0004391,ord-0004391,ord-0004391,user-00141,sports,wallet,pending,1,53.100000,0.050000,50.450000,1700395190,1700395603
orders-row-0004392,ord-0004392,ord-0004392,user-00142,electronics,card,shipped,3,55.300000,0.000000,165.900000,1700395280,1700395706
orders-row-0004393,ord-0004393,ord-0004393,user-00143,books,paypal,refunded,5,56.700000,0.150000,240.970000,1700395370,1700395809
orders-row-0004394,ord-0004394,ord-0004394,user-00144,grocery,bank_transfer,completed,2,58.400000,0.100000,105.120000,1700395460,1700395912
orders-row-0004395,ord-0004395,ord-0004395,user-00145,apparel,wallet,paid,4,59.500000,0.050000,226.100000,1700395550,1700396015
orders-row-0004396,ord-0004396,ord-0004396,user-00146,home,card,pending,1,61.700000,0.000000,61.700000,1700395640,1700396118
orders-row-0004397,ord-0004397,ord-0004397,user-00147,sports,paypal,shipped,3,63.400000,0.150000,161.670000,1700395730,1700396221
orders-row-0004398,ord-0004398,ord-0004398,user-00148,electronics,bank_transfer,refunded,5,65.400000,0.100000,294.300000,1700395820,1700396324
orders-row-0004399,ord-0004399,ord-0004399,user-00149,books,wallet,completed,2,66.800000,0.050000,126.920000,1700395910,1700396427
orders-row-0004400,ord-0004400,ord-0004400,user-00150,grocery,card,paid,4,68.900000,0.000000,275.600000,1700396000,1700396530
orders-row-0004401,ord-0004401,ord-0004401,user-00151,apparel,paypal,pending,1,70.400000,0.150000,59.840000,1700396090,1700396633
orders-row-0004402,ord-0004402,ord-0004402,user-00152,home,bank_transfer,shipped,3,71.800000,0.100000,193.860000,1700396180,1700396736
orders-row-0004403,ord-0004403,ord-0004403,user-00153,sports,wallet,refunded,5,73.100000,0.050000,347.220000,1700396270,1700396839
orders-row-0004404,ord-0004404,ord-0004404,user-00154,electronics,card,completed,2,75.300000,0.000000,150.600000,1700396360,1700396942
orders-row-0004405,ord-0004405,ord-0004405,user-00155,books,paypal,paid,4,77.400000,0.150000,263.160000,1700396450,1700397045
orders-row-0004406,ord-0004406,ord-0004406,user-00156,grocery,bank_transfer,pending,1,8.600000,0.100000,7.740000,1700396540,1700397148
orders-row-0004407,ord-0004407,ord-0004407,user-00157,apparel,wallet,shipped,3,10.800000,0.050000,30.780000,1700396630,1700397251
orders-row-0004408,ord-0004408,ord-0004408,user-00158,home,card,refunded,5,12.000000,0.000000,60.000000,1700396720,1700397354
orders-row-0004409,ord-0004409,ord-0004409,user-00159,sports,paypal,completed,2,14.200000,0.150000,24.140000,1700396810,1700397457
orders-row-0004410,ord-0004410,ord-0004410,user-00160,electronics,bank_transfer,paid,4,15.800000,0.100000,56.880000,1700396900,1700397560
orders-row-0004411,ord-0004411,ord-0004411,user-00161,books,wallet,pending,1,16.900000,0.050000,16.050000,1700396990,1700397663
orders-row-0004412,ord-0004412,ord-0004412,user-00162,grocery,card,shipped,3,19.000000,0.000000,57.000000,1700397080,1700397766
orders-row-0004413,ord-0004413,ord-0004413,user-00163,apparel,paypal,refunded,5,20.400000,0.150000,86.700000,1700397170,1700397869
orders-row-0004414,ord-0004414,ord-0004414,user-00164,home,bank_transfer,completed,2,21.900000,0.100000,39.420000,1700397260,1700397972
orders-row-0004415,ord-0004415,ord-0004415,user-00165,sports,wallet,paid,4,24.400000,0.050000,92.720000,1700397350,1700398075
orders-row-0004416,ord-0004416,ord-0004416,user-00166,electronics,card,pending,1,25.700000,0.000000,25.700000,1700397440,1700398178
orders-row-0004417,ord-0004417,ord-0004417,user-00167,books,paypal,shipped,3,27.100000,0.150000,69.110000,1700397530,1700398281
orders-row-0004418,ord-0004418,ord-0004418,user-00168,grocery,bank_transfer,refunded,5,29.100000,0.100000,130.950000,1700397620,1700398384
orders-row-0004419,ord-0004419,ord-0004419,user-00169,apparel,wallet,completed,2,31.100000,0.050000,59.090000,1700397710,1700398487
orders-row-0004420,ord-0004420,ord-0004420,user-00170,home,card,paid,4,32.000000,0.000000,128.000000,1700397800,1700398590
orders-row-0004421,ord-0004421,ord-0004421,user-00171,sports,paypal,pending,1,34.100000,0.150000,28.980000,1700397890,1700398693
orders-row-0004422,ord-0004422,ord-0004422,user-00172,electronics,bank_transfer,shipped,3,35.900000,0.100000,96.930000,1700397980,1700398796
orders-row-0004423,ord-0004423,ord-0004423,user-00173,books,wallet,refunded,5,37.300000,0.050000,177.170000,1700398070,1700398899
orders-row-0004424,ord-0004424,ord-0004424,user-00174,grocery,card,completed,2,39.500000,0.000000,79.000000,1700398160,1700399002
orders-row-0004425,ord-0004425,ord-0004425,user-00175,apparel,paypal,paid,4,41.000000,0.150000,139.400000,1700398250,1700399105
orders-row-0004426,ord-0004426,ord-0004426,user-00176,home,bank_transfer,pending,1,42.300000,0.100000,38.070000,1700398340,1700399208
orders-row-0004427,ord-0004427,ord-0004427,user-00177,sports,wallet,shipped,3,44.300000,0.050000,126.250000,1700398430,1700399311
orders-row-0004428,ord-0004428,ord-0004428,user-00178,electronics,card,refunded,5,46.400000,0.000000,232.000000,1700398520,1700399414
orders-row-0004429,ord-0004429,ord-0004429,user-00179,books,paypal,completed,2,47.300000,0.150000,80.410000,1700398610,1700399517
orders-row-0004430,ord-0004430,ord-0004430,user-00180,grocery,bank_transfer,paid,4,49.200000,0.100000,177.120000,1700398700,1700399620
orders-row-0004431,ord-0004431,ord-0004431,user-00181,apparel,wallet,pending,1,51.600000,0.050000,49.020000,1700398790,1700398823
orders-row-0004432,ord-0004432,ord-0004432,user-00182,home,card,shipped,3,53.100000,0.000000,159.300000,1700398880,1700398926
orders-row-0004433,ord-0004433,ord-0004433,user-00183,sports,paypal,refunded,5,55.000000,0.150000,233.750000,1700398970,1700399029
orders-row-0004434,ord-0004434,ord-0004434,user-00184,electronics,bank_transfer,completed,2,56.500000,0.100000,101.700000,1700399060,1700399132
orders-row-0004435,ord-0004435,ord-0004435,user-00185,books,wallet,paid,4,57.600000,0.050000,218.880000,1700399150,1700399235
orders-row-0004436,ord-0004436,ord-0004436,user-00186,grocery,card,pending,1,59.200000,0.000000,59.200000,1700399240,1700399338
orders-row-0004437,ord-0004437,ord-0004437,user-00187,apparel,paypal,shipped,3,61.700000,0.150000,157.340000,1700399330,1700399441
orders-row-0004438,ord-0004438,ord-0004438,user-00188,home,bank_transfer,refunded,5,63.000000,0.100000,283.500000,1700399420,1700399544
orders-row-0004439,ord-0004439,ord-0004439,user-00189,sports,wallet,completed,2,64.900000,0.050000,123.310000,1700399510,1700399647
orders-row-0004440,ord-0004440,ord-0004440,user-00190,electronics,card,paid,4,66.500000,0.000000,266.000000,1700399600,1700399750
orders-row-0004441,ord-0004441,ord-0004441,user-00191,books,paypal,pending,1,67.700000,0.150000,57.550000,1700399690,1700399853
orders-row-0004442,ord-0004442,ord-0004442,user-00192,grocery,bank_transfer,shipped,3,70.100000,0.100000,189.270000,1700399780,1700399956
orders-row-0004443,ord-0004443,ord-0004443,user-00193,apparel,wallet,refunded,5,71.100000,0.050000,337.720000,1700399870,1700400059
orders-row-0004444,ord-0004444,ord-0004444,user-00194,home,card,completed,2,73.600000,0.000000,147.200000,1700399960,1700400162
orders-row-0004445,ord-0004445,ord-0004445,user-00195,sports,paypal,paid,4,74.600000,0.150000,253.640000,1700400050,1700400265
orders-row-0004446,ord-0004446,ord-0004446,user-00196,electronics,bank_transfer,pending,1,76.200000,0.100000,68.580000,1700400140,1700400368
orders-row-0004447,ord-0004447,ord-0004447,user-00197,books,wallet,shipped,3,8.800000,0.050000,25.080000,1700400230,1700400471
orders-row-0004448,ord-0004448,ord-0004448,user-00198,grocery,card,refunded,5,9.700000,0.000000,48.500000,1700400320,1700400574
orders-row-0004449,ord-0004449,ord-0004449,user-00199,apparel,paypal,completed,2,11.400000,0.150000,19.380000,1700400410,1700400677
orders-row-0004450,ord-0004450,ord-0004450,user-00200,home,bank_transfer,paid,4,13.500000,0.100000,48.600000,1700400500,1700400780
orders-row-0004451,ord-0004451,ord-0004451,user-00201,sports,wallet,pending,1,15.500000,0.050000,14.720000,1700400590,1700400883
orders-row-0004452,ord-0004452,ord-0004452,user-00202,electronics,card,shipped,3,17.200000,0.000000,51.600000,1700400680,1700400986
orders-row-0004453,ord-0004453,ord-0004453,user-00203,books,paypal,refunded,5,18.300000,0.150000,77.770000,1700400770,1700401089
orders-row-0004454,ord-0004454,ord-0004454,user-00204,grocery,bank_transfer,completed,2,20.700000,0.100000,37.260000,1700400860,1700401192
orders-row-0004455,ord-0004455,ord-0004455,user-00205,apparel,wallet,paid,4,22.200000,0.050000,84.360000,1700400950,1700401295
orders-row-0004456,ord-0004456,ord-0004456,user-00206,home,card,pending,1,23.900000,0.000000,23.900000,1700401040,1700401398
orders-row-0004457,ord-0004457,ord-0004457,user-00207,sports,paypal,shipped,3,25.500000,0.150000,65.020000,1700401130,1700401501
orders-row-0004458,ord-0004458,ord-0004458,user-00208,electronics,bank_transfer,refunded,5,27.400000,0.100000,123.300000,1700401220,1700401604
orders-row-0004459,ord-0004459,ord-0004459,user-00209,books,wallet,completed,2,28.500000,0.050000,54.150000,1700401310,1700401707
orders-row-0004460,ord-0004460,ord-0004460,user-00210,grocery,card,paid,4,30.700000,0.000000,122.800000,1700401400,1700401810
orders-row-0004461,ord-0004461,ord-0004461,user-00211,apparel,paypal,pending,1,32.300000,0.150000,27.450000,1700401490,1700401913
orders-row-0004462,ord-0004462,ord-0004462,user-00212,home,bank_transfer,shipped,3,33.700000,0.100000,90.990000,1700401580,1700402016
orders-row-0004463,ord-0004463,ord-0004463,user-00213,sports,wallet,refunded,5,35.300000,0.050000,167.670000,1700401670,1700402119
orders-row-0004464,ord-0004464,ord-0004464,user-00214,electronics,card,completed,2,37.300000,0.000000,74.600000,1700401760,1700402222
orders-row-0004465,ord-0004465,ord-0004465,user-00215,books,paypal,paid,4,38.500000,0.150000,130.900000,1700401850,1700402325
orders-row-0004466,ord-0004466,ord-0004466,user-00216,grocery,bank_transfer,pending,1,40.600000,0.100000,36.540000,1700401940,1700402428
orders-row-0004467,ord-0004467,ord-0004467,user-00217,apparel,wallet,shipped,3,42.100000,0.050000,119.980000,1700402030,1700402531
orders-row-0004468,ord-0004468,ord-0004468,user-00218,home,card,refunded,5,43.700000,0.000000,218.500000,1700402120,1700402634
orders-row-0004469,ord-0004469,ord-0004469,user-00219,sports,paypal,completed,2,46.100000,0.150000,78.370000,1700402210,1700402737
orders-row-0004470,ord-0004470,ord-0004470,user-00220,electronics,bank_transfer,paid,4,47.300000,0.100000,170.280000,1700402300,1700402840
orders-row-0004471,ord-0004471,ord-0004471,user-00221,books,wallet,pending,1,49.600000,0.050000,47.120000,1700402390,1700402943
orders-row-0004472,ord-0004472,ord-0004472,user-00222,grocery,card,shipped,3,50.800000,0.000000,152.400000,1700402480,1700403046
orders-row-0004473,ord-0004473,ord-0004473,user-00223,apparel,paypal,refunded,5,52.800000,0.150000,224.400000,1700402570,1700403149
orders-row-0004474,ord-0004474,ord-0004474,user-00224,home,bank_transfer,completed,2,54.000000,0.100000,97.200000,1700402660,1700403252
orders-row-0004475,ord-0004475,ord-0004475,user-00225,sports,wallet,paid,4,55.800000,0.050000,212.040000,1700402750,1700403355
orders-row-0004476,ord-0004476,ord-0004476,user-00226,electronics,card,pending,1,58.100000,0.000000,58.100000,1700402840,1700403458
orders-row-0004477,ord-0004477,ord-0004477,user-00227,books,paypal,shipped,3,59.100000,0.150000,150.710000,1700402930,1700403561
orders-row-0004478,ord-0004478,ord-0004478,user-00228,grocery,bank_transfer,refunded,5,60.700000,0.100000,273.150000,1700403020,1700403664
orders-row-0004479,ord-0004479,ord-0004479,user-00229,apparel,wallet,completed,2,62.600000,0.050000,118.940000,1700403110,1700403767
orders-row-0004480,ord-0004480,ord-0004480,user-00230,home,card,paid,4,64.300000,0.000000,257.200000,1700403200,1700403870
orders-row-0004481,ord-0004481,ord-0004481,user-00231,sports,paypal,pending,1,65.800000,0.150000,55.930000,1700403290,1700403973
orders-row-0004482,ord-0004482,ord-0004482,user-00232,electronics,bank_transfer,shipped,3,68.200000,0.100000,184.140000,1700403380,1700404076
orders-row-0004483,ord-0004483,ord-0004483,user-00233,books,wallet,refunded,5,69.700000,0.050000,331.070000,1700403470,1700404179
orders-row-0004484,ord-0004484,ord-0004484,user-00234,grocery,card,completed,2,70.900000,0.000000,141.800000,1700403560,1700404282
orders-row-0004485,ord-0004485,ord-0004485,user-00235,apparel,paypal,paid,4,73.300000,0.150000,249.220000,1700403650,1700404385
orders-row-0004486,ord-0004486,ord-0004486,user-00236,home,bank_transfer,pending,1,74.600000,0.100000,67.140000,1700403740,1700404488
orders-row-0004487,ord-0004487,ord-0004487,user-00237,sports,wallet,shipped,3,76.200000,0.050000,217.170000,1700403830,1700404591
orders-row-0004488,ord-0004488,ord-0004488,user-00238,electronics,card,refunded,5,77.600000,0.000000,388.000000,1700403920,1700404694
orders-row-0004489,ord-0004489,ord-0004489,user-00239,books,paypal,completed,2,9.800000,0.150000,16.660000,1700404010,1700404797
orders-row-0004490,ord-0004490,ord-0004490,user-00240,grocery,bank_transfer,paid,4,11.300000,0.100000,40.680000,1700404100,1700404900
orders-row-0004491,ord-0004491,ord-0004491,user-00241,apparel,wallet,pending,1,13.100000,0.050000,12.440000,1700404190,1700405003
orders-row-0004492,ord-0004492,ord-0004492,user-00242,home,card,shipped,3,15.300000,0.000000,45.900000,1700404280,1700405106
orders-row-0004493,ord-0004493,ord-0004493,user-00243,sports,paypal,refunded,5,16.900000,0.150000,71.830000,1700404370,1700405209
orders-row-0004494,ord-0004494,ord-0004494,user-00244,electronics,bank_transfer,completed,2,17.800000,0.100000,32.040000,1700404460,1700405312
orders-row-0004495,ord-0004495,ord-0004495,user-00245,books,wallet,paid,4,19.800000,0.050000,75.240000,1700404550,1700405415
orders-row-0004496,ord-0004496,ord-0004496,user-00246,grocery,card,pending,1,21.300000,1.500000,21.300000,1700404640,1700405518
orders-row-0004497,ord-0004497,ord-0004497,user-00247,apparel,paypal,shipped,3,23.000000,0.150000,58.650000,1700404730,1700405621
orders-row-0004498,ord-0004498,ord-0004498,user-00248,home,bank_transfer,refunded,5,24.600000,0.100000,110.700000,1700404820,1700405724
orders-row-0004499,ord-0004499,ord-0004499,user-00249,sports,wallet,completed,2,26.700000,0.050000,50.730000,1700404910,1700405827
orders-row-0004500,ord-0004500,ord-0004500,user-00000,electronics,card,paid,4,28.800000,0.000000,115.200000,1700405000,1700405030
orders-row-0004501,ord-0004501,ord-0004501,user-00001,books,paypal,pending,1,29.800000,0.150000,25.330000,1700405090,1700405133
orders-row-0004502,ord-0004502,ord-0004502,user-00002,grocery,bank_transfer,shipped,3,32.100000,0.100000,86.670000,1700405180,1700405236
orders-row-0004503,ord-0004503,ord-0004503,user-00003,apparel,wallet,refunded,5,33.700000,0.050000,160.070000,1700405270,1700405339
orders-row-0004504,ord-0004504,ord-0004504,user-00004,home,card,completed,2,35.400000,0.000000,70.800000,1700405360,1700405442
orders-row-0004505,ord-0004505,ord-0004505,user-00005,sports,paypal,paid,4,36.600000,0.150000,124.440000,1700405450,1700405545
orders-row-0004506,ord-0004506,ord-0004506,user-00006,electronics,bank_transfer,pending,1,39.100000,0.100000,35.190000,1700405540,1700405648
orders-row-0004507,ord-0004507,ord-0004507,user-00007,books,wallet,shipped,3,40.100000,0.050000,114.290000,1700405630,1700405751
orders-row-0004508,ord-0004508,ord-0004508,user-00008,grocery,card,refunded,5,41.800000,0.000000,209.000000,1700405720,1700405854
orders-row-0004509,ord-0004509,ord-0004509,user-00009,apparel,paypal,completed,2,44.200000,0.150000,75.140000,1700405810,1700405957
orders-row-0004510,ord-0004510,ord-0004510,user-00010,home,bank_transfer,paid,4,45.000000,0.100000,162.000000,1700405900,1700406060
orders-row-0004511,ord-0004511,ord-0004511,user-00011,sports,wallet,pending,1,46.800000,0.050000,44.460000,1700405990,1700406163
orders-row-0004512,ord-0004512,ord-0004512,user-00012,electronics,card,shipped,3,48.400000,0.000000,145.200000,1700406080,1700406266
orders-row-0004513,ord-0004513,ord-0004513,user-00013,books,paypal,refunded,5,50.700000,0.150000,215.470000,1700406170,1700406369
orders-row-0004514,ord-0004514,ord-0004514,user-00014,grocery,bank_transfer,completed,2,51.900000,0.100000,93.420000,1700406260,1700406472
orders-row-0004515,ord-0004515,ord-0004515,user-00015,apparel,wallet,paid,4,53.600000,0.050000,203.680000,1700406350,1700406575
orders-row-0004516,ord-0004516,ord-0004516,user-00016,home,card,pending,1,55.400000,0.000000,55.400000,1700406440,1700406678
orders-row-0004517,ord-0004517,ord-0004517,user-00017,sports,paypal,shipped,3,57.800000,0.150000,147.390000,1700406530,1700406781
orders-row-0004518,ord-0004518,ord-0004518,user-00018,electronics,bank_transfer,refunded,5,58.700000,0.100000,264.150000,1700406620,1700406884
orders-row-0004519,ord-0004519,ord-0004519,user-00019,books,wallet,completed,2,61.200000,0.050000,116.280000,1700406710,1700406987
orders-row-0004520,ord-0004520,ord-0004520,user-00020,grocery,card,paid,4,62.000000,0.000000,248.000000,1700406800,1700407090
orders-row-0004521,ord-0004521,ord-0004521,user-00021,apparel,paypal,pending,1,64.300000,0.150000,54.650000,1700406890,1700407193
orders-row-0004522,ord-0004522,ord-0004522,user-00022,home,bank_transfer,shipped,3,65.800000,0.100000,177.660000,1700406980,1700407296
orders-row-0004523,ord-0004523,ord-0004523,user-00023,sports,wallet,refunded,5,67.100000,0.050000,318.720000,1700407070,1700407399
orders-row-0004524,ord-0004524,ord-0004524,user-00024,electronics,card,completed,2,69.500000,0.000000,139.000000,1700407160,1700407502
orders-row-0004525,ord-0004525,ord-0004525,user-00025,books,paypal,paid,4,71.400000,0.150000,242.760000,1700407250,1700407605
orders-row-0004526,ord-0004526,ord-0004526,user-00026,grocery,bank_transfer,pending,1,72.600000,0.100000,65.340000,1700407340,1700407708
orders-row-0004527,ord-0004527,ord-0004527,user-00027,apparel,wallet,shipped,3,74.100000,0.050000,211.180000,1700407430,1700407811
orders-row-0004528,ord-0004528,ord-0004528,user-00028,home,card,refunded,5,76.400000,0.000000,382.000000,1700407520,1700407914
orders-row-0004529,ord-0004529,ord-0004529,user-00029,sports,paypal,completed,2,77.900000,0.150000,132.430000,1700407610,1700408017
orders-row-0004530,ord-0004530,ord-0004530,user-00030,electronics,bank_transfer,paid,4,9.200000,0.100000,33.120000,1700407700,1700408120
orders-row-0004531,ord-0004531,ord-0004531,user-00031,books,wallet,pending,1,11.500000,0.050000,10.920000,1700407790,1700408223
orders-row-0004532,ord-0004532,ord-0004532,user-00032,grocery,card,shipped,3,12.700000,0.000000,38.100000,1700407880,1700408326
orders-row-0004533,ord-0004533,ord-0004533,user-00033,apparel,paypal,refunded,5,15.000000,0.150000,63.750000,1700407970,1700408429
orders-row-0004534,ord-0004534,ord-0004534,user-00034,home,bank_transfer,completed,2,16.200000,0.100000,29.160000,1700408060,1700408532
orders-row-0004535,ord-0004535,ord-0004535,user-00035,sports,wallet,paid,4,17.800000,0.050000,67.640000,1700408150,1700408635
orders-row-0004536,ord-0004536,ord-0004536,user-00036,electronics,card,pending,1,19.300000,0.000000,19.300000,1700408240,1700408738
orders-row-0004537,ord-0004537,ord-0004537,user-00037,books,paypal,shipped,3,21.200000,0.150000,54.060000,1700408330,1700408841
orders-row-0004538,ord-0004538,ord-0004538,user-00038,grocery,bank_transfer,refunded,5,22.800000,0.100000,102.600000,1700408420,1700408944
orders-row-0004539,ord-0004539,ord-0004539,user-00039,apparel,wallet,completed,2,25.100000,0.050000,47.690000,1700408510,1700409047
orders-row-0004540,ord-0004540,ord-0004540,user-00040,home,card,paid,4,26.700000,0.000000,106.800000,1700408600,1700409150
orders-row-0004541,ord-0004541,ord-0004541,user-00041,sports,paypal,pending,1,28.200000,0.150000,23.970000,1700408690,1700409253
orders-row-0004542,ord-0004542,ord-0004542,user-00042,electronics,bank_transfer,shipped,3,30.000000,0.100000,81.000000,1700408780,1700409356
orders-row-0004543,ord-0004543,ord-0004543,user-00043,books,wallet,refunded,5,,0.050000,148.200000,1700408870,1700409459
orders-row-0004544,ord-0004544,ord-0004544,user-00044,grocery,card,completed,2,33.300000,0.000000,66.600000,1700408960,1700409562
orders-row-0004545,ord-0004545,ord-0004545,user-00045,apparel,paypal,paid,4,35.200000,0.150000,119.680000,1700409050,1700409665
orders-row-0004546,ord-0004546,ord-0004546,user-00046,home,bank_transfer,pending,1,36.300000,0.100000,32.670000,1700409140,1700409768
orders-row-0004547,ord-0004547,ord-0004547,user-00047,sports,wallet,shipped,3,38.500000,0.050000,109.720000,1700409230,1700409871
orders-row-0004548,ord-0004548,ord-0004548,user-00048,electronics,card,refunded,5,40.000000,0.000000,200.000000,1700409320,1700409974
orders-row-0004549,ord-0004549,ord-0004549,user-00049,books,paypal,completed,2,41.900000,0.150000,71.230000,1700409410,1700410077
orders-row-0004550,ord-0004550,ord-0004550,user-00050,grocery,bank_transfer,paid,4,43.800000,0.100000,157.680000,1700409500,1700410180
orders-row-0004551,ord-0004551,ord-0004551,user-00051,apparel,wallet,pending,1,44.700000,0.050000,42.470000,1700409590,1700410283
orders-row-0004552,ord-0004552,ord-0004552,user-00052,home,card,shipped,3,47.200000,0.000000,141.600000,1700409680,1700410386
orders-row-0004553,ord-0004553,ord-0004553,user-00053,sports,paypal,refunded,5,48.600000,0.150000,206.550000,1700409770,1700410489
orders-row-0004554,ord-0004554,ord-0004554,user-00054,electronics,bank_transfer,completed,2,49.800000,0.100000,89.640000,1700409860,1700410592
orders-row-0004555,ord-0004555,ord-0004555,user-00055,books,wallet,paid,4,52.100000,0.050000,197.980000,1700409950,1700410695
orders-row-0004556,ord-0004556,ord-0004556,user-00056,grocery,card,pending,1,53.600000,0.000000,53.600000,1700410040,1700410798
orders-row-0004557,ord-0004557,ord-0004557,user-00057,apparel,paypal,shipped,3,55.300000,0.150000,141.010000,1700410130,1700410901
orders-row-0004558,ord-0004558,ord-0004558,user-00058,home,bank_transfer,refunded,5,56.600000,0.100000,254.700000,1700410220,1700411004
orders-row-0004559,ord-0004559,ord-0004559,user-00059,sports,wallet,completed,2,58.600000,0.050000,111.340000,1700410310,1700411107
orders-row-0004560,ord-0004560,ord-0004560,user-00060,electronics,card,paid,4,60.200000,0.000000,240.800000,1700410400,1700411210
orders-row-0004561,ord-0004561,ord-0004561,user-00061,books,paypal,pending,1,62.100000,0.150000,52.780000,1700410490,1700411313
orders-row-0004562,ord-0004562,ord-0004562,user-00062,grocery,bank_transfer,shipped,3,63.500000,0.100000,171.450000,1700410580,1700411416
orders-row-0004563,ord-0004563,ord-0004563,user-00063,apparel,wallet,refunded,5,65.500000,0.050000,311.120000,1700410670,1700411519
orders-row-0004564,ord-0004564,ord-0004564,user-00064,home,card,completed,2,67.200000,0.000000,134.400000,1700410760,1700411622
orders-row-0004565,ord-0004565,ord-0004565,user-00065,sports,paypal,paid,4,68.900000,0.150000,234.260000,1700410850,1700411725
orders-row-0004566,ord-0004566,ord-0004566,user-00066,electronics,bank_transfer,pending,1,70.400000,0.100000,63.360000,1700410940,1700411828
orders-row-0004567,ord-0004567,ord-0004567,user-00067,books,wallet,shipped,3,72.700000,0.050000,207.200000,1700411030,1700410910
orders-row-0004568,ord-0004568,ord-0004568,user-00068,grocery,card,refunded,5,73.900000,0.000000,369.500000,1700411120,1700412034
orders-row-0004569,ord-0004569,ord-0004569,user-00069,apparel,paypal,completed,2,76.000000,0.150000,129.200000,1700411210,1700412137
orders-row-0004570,ord-0004570,ord-0004570,user-00070,home,bank_transfer,paid,4,77.500000,0.100000,279.000000,1700411300,1700411340
orders-row-0004571,ord-0004571,ord-0004571,user-00071,sports,wallet,pending,1,9.400000,0.050000,8.930000,1700411390,1700411443
orders-row-0004572,ord-0004572,ord-0004572,user-00072,electronics,card,shipped,3,11.300000,0.000000,33.900000,1700411480,1700411546
orders-row-0004573,ord-0004573,ord-0004573,user-00073,books,paypal,refunded,5,12.700000,0.150000,53.980000,1700411570,1700411649
orders-row-0004574,ord-0004574,ord-0004574,user-00074,grocery,bank_transfer,completed,2,14.100000,0.100000,25.380000,1700411660,1700411752
orders-row-0004575,ord-0004575,ord-0004575,user-00075,apparel,wallet,paid,4,15.500000,0.050000,58.900000,1700411750,1700411855
orders-row-0004576,ord-0004576,ord-0004576,user-00076,home,card,pending,1,17.900000,0.000000,17.900000,1700411840,1700411958
orders-row-0004577,ord-0004577,ord-0004577,user-00077,sports,paypal,shipped,3,19.800000,0.150000,50.490000,1700411930,1700412061
orders-row-0004578,ord-0004578,ord-0004578,user-00078,electronics,bank_transfer,refunded,5,21.400000,0.100000,96.300000,1700412020,1700412164
orders-row-0004579,ord-0004579,ord-0004579,user-00079,books,wallet,completed,2,22.500000,0.050000,42.750000,1700412110,1700412267
orders-row-0004580,ord-0004580,ord-0004580,user-00080,grocery,card,paid,4,24.300000,0.000000,97.200000,1700412200,1700412370
orders-row-0004581,ord-0004581,ord-0004581,user-00081,apparel,paypal,pending,1,26.300000,0.150000,22.360000,1700412290,1700412473
orders-row-0004582,ord-0004582,ord-0004582,user-00082,home,bank_transfer,shipped,3,27.500000,0.100000,74.250000,1700412380,1700412576
orders-row-0004583,ord-0004583,ord-0004583,user-00083,sports,wallet,refunded,5,29.600000,0.050000,140.600000,1700412470,1700412679
orders-row-0004584,ord-0004584,ord-0004584,user-00084,electronics,card,completed,2,30.900000,0.000000,61.800000,1700412560,1700412782
orders-row-0004585,ord-0004585,ord-0004585,user-00085,books,paypal,paid,4,33.000000,0.150000,112.200000,1700412650,1700412885
orders-row-0004586,ord-0004586,ord-0004586,user-00086,grocery,bank_transfer,pending,1,34.400000,0.100000,30.960000,1700412740,1700412988
orders-row-0004587,ord-0004587,ord-0004587,user-00087,apparel,wallet,shipped,3,36.300000,0.050000,103.450000,1700412830,1700413091
orders-row-0004588,ord-0004588,ord-0004588,user-00088,home,card,refunded,5,38.000000,0.000000,190.000000,1700412920,1700413194
orders-row-0004589,ord-0004589,ord-0004589,user-00089,sports,paypal,completed,2,39.300000,0.150000,66.810000,1700413010,1700413297
orders-row-0004590,ord-0004590,ord-0004590,user-00090,electronics,bank_transfer,paid,4,41.300000,0.100000,148.680000,1700413100,1700413400
orders-row-0004591,ord-0004591,ord-0004591,user-00091,books,wallet,pending,1,42.700000,0.050000,40.560000,1700413190,1700413503
orders-row-0004592,ord-0004592,ord-0004592,user-00092,grocery,card,shipped,3,44.900000,0.000000,134.700000,1700413280,1700413606
orders-row-0004593,ord-0004593,ord-0004593,user-00093,apparel,paypal,refunded,5,46.600000,0.150000,198.050000,1700413370,1700413709
orders-row-0004594,ord-0004594,ord-0004594,user-00094,home,bank_transfer,completed,2,48.200000,0.100000,86.760000,1700413460,1700413812
orders-row-0004595,ord-0004595,ord-0004595,user-00095,sports,wallet,paid,4,49.900000,0.050000,189.620000,1700413550,1700413915
orders-row-0004596,ord-0004596,ord-0004596,user-00096,electronics,card,pending,1,51.400000,0.000000,51.400000,1700413640,1700414018
orders-row-0004597,ord-0004597,ord-0004597,user-00097,books,paypal,shipped,3,53.600000,0.150000,136.680000,1700413730,1700414121
orders-row-0004598,ord-0004598,ord-0004598,user-00098,grocery,bank_transfer,refunded,5,54.900000,0.100000,247.050000,1700413820,1700414224
orders-row-0004599,ord-0004599,ord-0004599,user-00099,apparel,wallet,completed,2,56.300000,0.050000,106.970000,1700413910,1700414327
orders-row-0004600,ord-0004600,ord-0004600,user-00100,home,card,paid,4,58.500000,0.000000,234.000000,1700414000,1700414430
orders-row-0004601,ord-0004601,ord-0004601,user-00101,sports,paypal,pending,1,60.500000,0.150000,51.420000,1700414090,1700414533
orders-row-0004602,ord-0004602,ord-0004602,user-00102,electronics,bank_transfer,shipped,3,61.800000,0.100000,166.860000,1700414180,1700414636
orders-row-0004603,ord-0004603,ord-0004603,user-00103,books,wallet,refunded,5,63.800000,0.050000,303.050000,1700414270,1700414739
orders-row-0004604,ord-0004604,ord-0004604,user-00104,grocery,card,completed,2,65.400000,0.000000,130.800000,1700414360,1700414842
orders-row-0004605,ord-0004605,ord-0004605,user-00105,apparel,paypal,paid,4,67.200000,0.150000,228.480000,1700414450,1700414945
orders-row-0004606,ord-0004606,ord-0004606,user-00106,home,bank_transfer,pending,1,69.100000,0.100000,62.190000,1700414540,1700415048
orders-row-0004607,ord-0004607,ord-0004607,user-00107,sports,wallet,shipped,3,70.000000,0.050000,199.500000,1700414630,1700415151
orders-row-0004608,ord-0004608,ord-0004608,user-00108,electronics,card,refunded,5,72.300000,0.000000,361.500000,1700414720,1700415254
orders-row-0004609,ord-0004609,ord-0004609,user-00109,books,paypal,completed,2,74.000000,0.150000,125.800000,1700414810,1700415357
orders-row-0004610,ord-0004610,ord-0004610,user-00110,grocery,bank_transfer,paid,4,75.800000,0.100000,272.880000,1700414900,1700415460
orders-row-0004611,ord-0004611,ord-0004611,user-00111,apparel,wallet,pending,1,77.500000,0.050000,73.620000,1700414990,1700415563
orders-row-0004612,ord-0004612,ord-0004612,user-00112,home,card,shipped,3,8.800000,0.000000,26.400000,1700415080,1700415666
orders-row-0004613,ord-0004613,ord-0004613,user-00113,sports,__CD_RARE_ORDERS_TRANSACTIONS_PAYMENT_METHOD_003__,refunded,5,10.900000,0.150000,46.320000,1700415170,1700415769
orders-row-0004614,ord-0004614,ord-0004614,user-00114,electronics,bank_transfer,completed,2,12.200000,0.100000,21.960000,1700415260,1700415872
orders-row-0004615,ord-0004615,ord-0004615,user-00115,books,wallet,paid,4,13.900000,0.050000,52.820000,1700415350,1700415975
orders-row-0004616,ord-0004616,ord-0004616,user-00116,grocery,card,pending,1,15.700000,0.000000,15.700000,1700415440,1700416078
orders-row-0004617,ord-0004617,ord-0004617,user-00117,apparel,paypal,shipped,3,17.300000,0.150000,44.120000,1700415530,1700416181
orders-row-0004618,ord-0004618,ord-0004618,user-00118,home,bank_transfer,refunded,5,19.300000,0.100000,86.850000,1700415620,1700416284
orders-row-0004619,ord-0004619,ord-0004619,user-00119,sports,wallet,completed,2,20.400000,0.050000,38.760000,1700415710,1700416387
orders-row-0004620,ord-0004620,ord-0004620,user-00120,electronics,card,paid,4,22.400000,0.000000,89.600000,1700415800,1700416490
orders-row-0004621,ord-0004621,ord-0004621,user-00121,books,paypal,pending,1,23.800000,0.150000,20.230000,1700415890,1700416593
orders-row-0004622,ord-0004622,ord-0004622,user-00122,grocery,bank_transfer,shipped,3,26.200000,0.100000,70.740000,1700415980,1700416696
orders-row-0004623,ord-0004623,ord-0004623,user-00123,apparel,wallet,refunded,5,27.400000,0.050000,130.150000,1700416070,1700416799
orders-row-0004624,ord-0004624,ord-0004624,user-00124,home,card,completed,2,28.900000,0.000000,57.800000,1700416160,1700416902
orders-row-0004625,ord-0004625,ord-0004625,user-00125,sports,paypal,paid,4,30.900000,0.150000,105.060000,1700416250,1700417005
orders-row-0004626,ord-0004626,ord-0004626,user-00126,electronics,bank_transfer,pending,1,32.800000,0.100000,29.520000,1700416340,1700417108
orders-row-0004627,ord-0004627,ord-0004627,user-00127,books,wallet,shipped,3,34.700000,0.050000,98.900000,1700416430,1700417211
orders-row-0004628,ord-0004628,ord-0004628,user-00128,grocery,card,refunded,5,36.200000,0.000000,181.000000,1700416520,1700417314
orders-row-0004629,ord-0004629,ord-0004629,user-00129,apparel,paypal,completed,2,37.300000,0.150000,63.410000,1700416610,1700417417
orders-row-0004630,ord-0004630,ord-0004630,user-00130,home,bank_transfer,paid,4,39.700000,0.100000,142.920000,1700416700,1700417520
orders-row-0004631,ord-0004631,ord-0004631,user-00131,sports,wallet,pending,1,40.900000,0.050000,38.850000,1700416790,1700417623
orders-row-0004632,ord-0004632,ord-0004632,user-00132,electronics,card,shipped,3,42.500000,0.000000,127.500000,1700416880,1700417726
orders-row-0004633,ord-0004633,ord-0004633,user-00133,books,paypal,refunded,5,44.200000,0.150000,187.850000,1700416970,1700417829
orders-row-0004634,ord-0004634,ord-0004634,user-00134,grocery,bank_transfer,completed,2,,0.100000,82.980000,1700417060,1700417932
orders-row-0004635,ord-0004635,ord-0004635,user-00135,apparel,wallet,paid,4,47.600000,0.050000,180.880000,1700417150,1700418035
orders-row-0004636,ord-0004636,ord-0004636,user-00136,home,card,pending,1,50.100000,0.000000,50.100000,1700417240,1700418138
orders-row-0004637,ord-0004637,ord-0004637,user-00137,sports,paypal,shipped,3,51.800000,0.150000,132.090000,1700417330,1700418241
orders-row-0004638,ord-0004638,ord-0004638,user-00138,electronics,bank_transfer,refunded,5,52.700000,0.100000,237.150000,1700417420,1700418344
orders-row-0004639,ord-0004639,ord-0004639,user-00139,books,wallet,completed,2,54.300000,0.050000,103.170000,1700417510,1700417547
orders-row-0004640,ord-0004640,ord-0004640,user-00140,grocery,card,paid,4,56.700000,0.000000,226.800000,1700417600,1700417650
orders-row-0004641,ord-0004641,ord-0004641,user-00141,apparel,paypal,pending,1,57.800000,0.150000,49.130000,1700417690,1700417753
orders-row-0004642,ord-0004642,ord-0004642,user-00142,home,bank_transfer,shipped,3,60.200000,0.100000,162.540000,1700417780,1700417856
orders-row-0004643,ord-0004643,ord-0004643,user-00143,sports,wallet,refunded,5,62.000000,0.050000,294.500000,1700417870,1700417959
orders-row-0004644,ord-0004644,ord-0004644,user-00144,electronics,card,completed,2,62.900000,0.000000,125.800000,1700417960,1700418062
orders-row-0004645,ord-0004645,ord-0004645,user-00145,books,paypal,paid,4,65.200000,0.150000,221.680000,1700418050,1700418165
orders-row-0004646,ord-0004646,ord-0004646,user-00146,grocery,bank_transfer,pending,1,66.800000,0.100000,60.120000,1700418140,1700418268
orders-row-0004647,ord-0004647,ord-0004647,user-00147,apparel,wallet,shipped,3,68.100000,0.050000,194.080000,1700418230,1700418371
orders-row-0004648,ord-0004648,ord-0004648,user-00148,home,card,refunded,5,69.700000,0.000000,348.500000,1700418320,1700418200
orders-row-0004649,ord-0004649,ord-0004649,user-00149,sports,paypal,completed,2,72.000000,0.150000,122.400000,1700418410,1700418577
orders-row-0004650,ord-0004650,ord-0004650,user-00150,electronics,bank_transfer,paid,4,73.700000,0.100000,265.320000,1700418500,1700418680
orders-row-0004651,ord-0004651,ord-0004651,user-00151,books,wallet,pending,1,74.900000,0.050000,71.160000,1700418590,1700418783
orders-row-0004652,ord-0004652,ord-0004652,user-00152,grocery,card,shipped,3,77.200000,0.000000,231.600000,1700418680,1700418886
orders-row-0004653,ord-0004653,ord-0004653,user-00153,apparel,paypal,refunded,5,8.300000,0.150000,35.270000,1700418770,1700418989
orders-row-0004654,ord-0004654,ord-0004654,user-00154,home,bank_transfer,completed,2,10.400000,0.100000,18.720000,1700418860,1700419092
orders-row-0004655,ord-0004655,ord-0004655,user-00155,sports,wallet,paid,4,12.300000,0.050000,46.740000,1700418950,1700419195
orders-row-0004656,ord-0004656,ord-0004656,user-00156,electronics,card,pending,1,14.100000,0.000000,14.100000,1700419040,1700419298
orders-row-0004657,ord-0004657,ord-0004657,user-00157,books,paypal,shipped,3,15.400000,0.150000,39.270000,1700419130,1700419401
orders-row-0004658,ord-0004658,ord-0004658,user-00158,grocery,bank_transfer,refunded,5,17.300000,0.100000,77.850000,1700419220,1700419504
orders-row-0004659,ord-0004659,ord-0004659,user-00159,apparel,wallet,completed,2,18.400000,0.050000,34.960000,1700419310,1700419607
orders-row-0004660,ord-0004660,ord-0004660,user-00160,home,card,paid,4,20.600000,0.000000,82.400000,1700419400,1700419710
orders-row-0004661,ord-0004661,ord-0004661,user-00161,sports,paypal,pending,1,22.300000,0.150000,18.960000,1700419490,1700419813
orders-row-0004662,ord-0004662,ord-0004662,user-00162,electronics,bank_transfer,shipped,3,24.100000,0.100000,65.070000,1700419580,1700419916
orders-row-0004663,ord-0004663,ord-0004663,user-00163,books,wallet,refunded,5,25.500000,0.050000,121.120000,1700419670,1700420019
orders-row-0004664,ord-0004664,ord-0004664,user-00164,grocery,card,completed,2,27.000000,0.000000,54.000000,1700419760,1700420122
orders-row-0004665,ord-0004665,ord-0004665,user-00165,apparel,paypal,paid,4,29.100000,0.150000,98.940000,1700419850,1700420225
orders-row-0004666,ord-0004666,ord-0004666,user-00166,home,bank_transfer,pending,1,30.600000,0.100000,27.540000,1700419940,1700420328
orders-row-0004667,ord-0004667,ord-0004667,user-00167,sports,wallet,shipped,3,32.200000,0.050000,91.770000,1700420030,1700420431
orders-row-0004668,ord-0004668,ord-0004668,user-00168,electronics,card,refunded,5,33.800000,0.000000,169.000000,1700420120,1700420534
orders-row-0004669,ord-0004669,ord-0004669,user-00169,books,paypal,completed,2,35.500000,0.150000,60.350000,1700420210,1700420637
orders-row-0004670,ord-0004670,ord-0004670,user-00170,grocery,bank_transfer,paid,4,37.800000,0.100000,136.080000,1700420300,1700420740
orders-row-0004671,ord-0004671,ord-0004671,user-00171,apparel,wallet,pending,1,38.900000,0.050000,36.950000,1700420390,1700420843
orders-row-0004672,ord-0004672,ord-0004672,user-00172,home,card,shipped,3,41.100000,0.000000,123.300000,1700420480,1700420946
orders-row-0004673,ord-0004673,ord-0004673,user-00173,sports,paypal,refunded,5,42.600000,0.150000,181.050000,1700420570,1700421049
orders-row-0004674,ord-0004674,ord-0004674,user-00174,electronics,bank_transfer,completed,2,44.400000,0.100000,79.920000,1700420660,1700421152
orders-row-0004675,ord-0004675,ord-0004675,user-00175,books,wallet,paid,4,46.100000,0.050000,175.180000,1700420750,1700421255
orders-row-0004676,ord-0004676,ord-0004676,user-00176,grocery,card,pending,1,47.300000,0.000000,47.300000,1700420840,1700421358
orders-row-0004677,ord-0004677,ord-0004677,user-00177,apparel,paypal,shipped,3,49.600000,0.150000,126.480000,1700420930,1700421461
orders-row-0004678,ord-0004678,ord-0004678,user-00178,home,bank_transfer,refunded,5,51.100000,0.100000,229.950000,1700421020,1700421564
orders-row-0004679,ord-0004679,ord-0004679,user-00179,sports,wallet,completed,2,52.600000,0.050000,99.940000,1700421110,1700421667
orders-row-0004680,ord-0004680,ord-0004680,user-00180,electronics,card,paid,4,54.600000,0.000000,218.400000,1700421200,1700421770
orders-row-0004681,ord-0004681,ord-0004681,user-00181,books,paypal,pending,1,56.200000,0.150000,47.770000,1700421290,1700421873
orders-row-0004682,ord-0004682,ord-0004682,user-00182,grocery,bank_transfer,shipped,3,57.900000,0.100000,156.330000,1700421380,1700421976
orders-row-0004683,ord-0004683,ord-0004683,user-00183,apparel,wallet,refunded,5,59.200000,0.050000,281.200000,1700421470,1700422079
orders-row-0004684,ord-0004684,ord-0004684,user-00184,home,card,completed,2,61.600000,0.000000,123.200000,1700421560,1700422182
orders-row-0004685,ord-0004685,ord-0004685,user-00185,sports,paypal,paid,4,62.900000,0.150000,213.860000,1700421650,1700422285
orders-row-0004686,ord-0004686,ord-0004686,user-00186,electronics,bank_transfer,pending,1,64.300000,0.100000,57.870000,1700421740,1700422388
orders-row-0004687,ord-0004687,ord-0004687,user-00187,books,wallet,shipped,3,66.800000,0.050000,190.380000,1700421830,1700422491
orders-row-0004688,ord-0004688,ord-0004688,user-00188,grocery,card,refunded,5,68.100000,0.000000,340.500000,1700421920,1700422594
orders-row-0004689,ord-0004689,ord-0004689,user-00189,apparel,paypal,completed,2,69.900000,0.150000,118.830000,1700422010,1700422697
orders-row-0004690,ord-0004690,ord-0004690,user-00190,home,bank_transfer,paid,4,71.100000,0.100000,255.960000,1700422100,1700422800
orders-row-0004691,ord-0004691,ord-0004691,user-00191,sports,wallet,pending,1,72.900000,0.050000,69.250000,1700422190,1700422903
orders-row-0004692,ord-0004692,ord-0004692,user-00192,electronics,card,shipped,3,75.300000,,225.900000,1700422280,1700423006
orders-row-0004693,ord-0004693,ord-0004693,user-00193,books,paypal,refunded,5,76.900000,0.150000,326.820000,1700422370,1700423109
orders-row-0004694,ord-0004694,ord-0004694,user-00194,grocery,bank_transfer,completed,2,77.800000,0.100000,140.040000,1700422460,1700423212
orders-row-0004695,ord-0004695,ord-0004695,user-00195,apparel,wallet,paid,4,9.700000,0.050000,36.860000,1700422550,1700423315
orders-row-0004696,ord-0004696,ord-0004696,user-00196,home,card,pending,1,9999.000000,0.000000,11.600000,1700422640,1700423418
orders-row-0004697,ord-0004697,ord-0004697,user-00197,sports,paypal,shipped,3,13.800000,0.150000,35.190000,1700422730,1700423521
orders-row-0004698,ord-0004698,ord-0004698,user-00198,electronics,bank_transfer,refunded,5,14.800000,0.100000,66.600000,1700422820,1700423624
orders-row-0004699,ord-0004699,ord-0004699,user-00199,books,wallet,completed,2,16.700000,0.050000,31.730000,1700422910,1700423727
orders-row-0004700,ord-0004700,ord-0004700,user-00200,grocery,card,paid,4,18.400000,0.000000,73.600000,1700423000,1700423830
orders-row-0004701,ord-0004701,ord-0004701,user-00201,apparel,paypal,pending,1,20.200000,0.150000,17.170000,1700423090,1700423933
orders-row-0004702,ord-0004702,ord-0004702,user-00202,home,bank_transfer,shipped,3,22.000000,0.100000,59.400000,1700423180,1700424036
orders-row-0004703,ord-0004703,ord-0004703,user-00203,sports,wallet,refunded,5,23.300000,0.050000,110.670000,1700423270,1700424139
orders-row-0004704,ord-0004704,ord-0004704,user-00204,electronics,card,completed,2,24.900000,0.000000,49.800000,1700423360,1700424242
orders-row-0004705,ord-0004705,ord-0004705,user-00205,books,paypal,paid,4,26.700000,0.150000,90.780000,1700423450,1700424345
orders-row-0004706,ord-0004706,ord-0004706,user-00206,grocery,bank_transfer,pending,1,28.800000,0.100000,25.920000,1700423540,1700424448
orders-row-0004707,ord-0004707,ord-0004707,user-00207,apparel,wallet,shipped,3,30.600000,0.050000,87.210000,1700423630,1700424551
orders-row-0004708,ord-0004708,ord-0004708,user-00208,home,card,refunded,5,32.000000,0.000000,160.000000,1700423720,1700423754
orders-row-0004709,ord-0004709,ord-0004709,user-00209,sports,paypal,completed,2,33.600000,0.150000,57.120000,1700423810,1700423857
orders-row-0004710,ord-0004710,ord-0004710,user-00210,electronics,bank_transfer,paid,4,35.800000,0.100000,128.880000,1700423900,1700423960
orders-row-0004711,ord-0004711,ord-0004711,user-00211,books,wallet,pending,1,37.000000,0.050000,35.150000,1700423990,1700424063
orders-row-0004712,ord-0004712,ord-0004712,user-00212,grocery,card,shipped,3,38.900000,0.000000,116.700000,1700424080,1700424166
orders-row-0004713,ord-0004713,ord-0004713,user-00213,apparel,paypal,refunded,5,40.500000,0.150000,172.120000,1700424170,1700424269
orders-row-0004714,ord-0004714,ord-0004714,user-00214,home,bank_transfer,completed,2,42.400000,0.100000,76.320000,1700424260,1700424372
orders-row-0004715,ord-0004715,ord-0004715,user-00215,sports,wallet,paid,4,44.100000,0.050000,167.580000,1700424350,1700424475
orders-row-0004716,ord-0004716,ord-0004716,user-00216,electronics,card,pending,1,46.100000,0.000000,46.100000,1700424440,1700424578
orders-row-0004717,ord-0004717,ord-0004717,user-00217,books,paypal,shipped,3,47.000000,0.150000,119.850000,1700424530,1700424681
orders-row-0004718,ord-0004718,ord-0004718,user-00218,grocery,bank_transfer,refunded,5,49.300000,0.100000,221.850000,1700424620,1700424784
orders-row-0004719,ord-0004719,ord-0004719,user-00219,apparel,wallet,completed,2,50.800000,0.050000,96.520000,1700424710,1700424887
orders-row-0004720,ord-0004720,ord-0004720,user-00220,home,card,paid,4,52.400000,0.000000,209.600000,1700424800,1700424990
orders-row-0004721,ord-0004721,ord-0004721,user-00221,sports,paypal,pending,1,54.300000,0.150000,46.150000,1700424890,1700425093
orders-row-0004722,ord-0004722,ord-0004722,user-00222,electronics,bank_transfer,shipped,3,55.700000,0.100000,150.390000,1700424980,1700425196
orders-row-0004723,ord-0004723,ord-0004723,user-00223,books,wallet,refunded,5,57.700000,0.050000,274.070000,1700425070,1700425299
orders-row-0004724,ord-0004724,ord-0004724,user-00224,grocery,card,completed,2,59.700000,0.000000,119.400000,1700425160,1700425402
orders-row-0004725,ord-0004725,ord-0004725,user-00225,apparel,paypal,paid,4,,0.150000,206.380000,1700425250,1700425505
orders-row-0004726,ord-0004726,ord-0004726,user-00226,home,bank_transfer,pending,1,62.300000,0.100000,56.070000,1700425340,1700425608
orders-row-0004727,ord-0004727,ord-0004727,user-00227,sports,wallet,shipped,3,64.200000,0.050000,182.970000,1700425430,1700425711
orders-row-0004728,ord-0004728,ord-0004728,user-00228,electronics,card,refunded,5,66.200000,0.000000,331.000000,1700425520,1700425814
orders-row-0004729,ord-0004729,ord-0004729,user-00229,books,paypal,completed,999,67.900000,0.150000,115.430000,1700425610,1700425917
orders-row-0004730,ord-0004730,ord-0004730,user-00230,grocery,bank_transfer,paid,4,69.300000,0.100000,249.480000,1700425700,1700426020
orders-row-0004731,ord-0004731,ord-0004731,user-00231,apparel,wallet,pending,1,71.200000,0.050000,67.640000,1700425790,1700426123
orders-row-0004732,ord-0004732,ord-0004732,user-00232,home,card,shipped,3,72.500000,0.000000,217.500000,1700425880,1700426226
orders-row-0004733,ord-0004733,ord-0004733,user-00233,sports,paypal,refunded,5,74.800000,0.150000,317.900000,1700425970,1700426329
orders-row-0004734,ord-0004734,ord-0004734,user-00234,electronics,bank_transfer,completed,2,76.600000,0.100000,137.880000,1700426060,1700426432
orders-row-0004735,ord-0004735,ord-0004735,user-00235,books,wallet,paid,4,77.700000,0.050000,295.260000,1700426150,1700426535
orders-row-0004736,ord-0004736,ord-0004736,user-00236,grocery,card,pending,1,9.700000,0.000000,9.700000,1700426240,1700426638
orders-row-0004737,ord-0004737,ord-0004737,user-00237,apparel,paypal,shipped,3,11.300000,0.150000,28.820000,1700426330,1700426741
orders-row-0004738,ord-0004738,ord-0004738,user-00238,home,bank_transfer,refunded,5,13.300000,0.100000,59.850000,1700426420,1700426844
orders-row-0004739,ord-0004739,ord-0004739,user-00239,sports,wallet,completed,2,14.500000,0.050000,27.550000,1700426510,1700426947
orders-row-0004740,ord-0004740,ord-0004740,user-00240,electronics,card,paid,4,16.700000,0.000000,66.800000,1700426600,1700427050
orders-row-0004741,ord-0004741,ord-0004741,user-00241,books,paypal,pending,1,18.500000,0.150000,15.720000,1700426690,1700427153
orders-row-0004742,ord-0004742,ord-0004742,user-00242,grocery,bank_transfer,shipped,3,19.500000,0.100000,52.650000,1700426780,1700427256
orders-row-0004743,ord-0004743,ord-0004743,user-00243,apparel,wallet,refunded,5,21.900000,0.050000,104.020000,1700426870,1700427359
orders-row-0004744,ord-0004744,ord-0004744,user-00244,home,card,completed,2,23.000000,0.000000,46.000000,1700426960,1700427462
orders-row-0004745,ord-0004745,ord-0004745,user-00245,sports,paypal,paid,4,25.300000,0.150000,86.020000,1700427050,1700427565
orders-row-0004746,ord-0004746,ord-0004746,user-00246,electronics,bank_transfer,pending,1,26.200000,0.100000,23.580000,1700427140,1700427668
orders-row-0004747,ord-0004747,ord-0004747,user-00247,books,wallet,shipped,3,28.600000,0.050000,81.510000,1700427230,1700427771
orders-row-0004748,ord-0004748,ord-0004748,user-00248,grocery,card,refunded,5,29.900000,0.000000,149.500000,1700427320,1700427874
orders-row-0004749,ord-0004749,ord-0004749,user-00249,apparel,paypal,completed,2,31.600000,0.150000,53.720000,1700427410,1700427977
orders-row-0004750,ord-0004750,ord-0004750,user-00000,home,bank_transfer,paid,4,33.100000,0.100000,119.160000,1700427500,1700428080
orders-row-0004751,ord-0004751,ord-0004751,user-00001,sports,wallet,pending,1,35.500000,0.050000,33.730000,1700427590,1700428183
orders-row-0004752,ord-0004752,ord-0004752,user-00002,electronics,card,shipped,3,37.000000,0.000000,111.000000,1700427680,1700428286
orders-row-0004753,ord-0004753,ord-0004753,user-00003,books,paypal,refunded,5,38.400000,0.150000,163.200000,1700427770,1700428389
orders-row-0004754,ord-0004754,ord-0004754,user-00004,grocery,bank_transfer,completed,2,40.200000,0.100000,72.360000,1700427860,1700428492
orders-row-0004755,ord-0004755,ord-0004755,user-00005,apparel,wallet,paid,4,42.200000,0.050000,160.360000,1700427950,1700428595
orders-row-0004756,ord-0004756,ord-0004756,user-00006,home,card,pending,1,43.600000,0.000000,43.600000,1700428040,1700428698
orders-row-0004757,ord-0004757,ord-0004757,user-00007,sports,paypal,shipped,3,44.900000,0.150000,114.490000,1700428130,1700428801
orders-row-0004758,ord-0004758,ord-0004758,user-00008,electronics,bank_transfer,refunded,5,46.600000,0.100000,209.700000,1700428220,1700428904
orders-row-0004759,ord-0004759,ord-0004759,user-00009,books,wallet,completed,2,49.200000,0.050000,93.480000,1700428310,1700429007
orders-row-0004760,ord-0004760,ord-0004760,user-00010,grocery,card,paid,4,50.900000,0.000000,203.600000,1700428400,1700429110
orders-row-0004761,ord-0004761,ord-0004761,user-00011,apparel,paypal,pending,1,52.000000,0.150000,44.200000,1700428490,1700429213
orders-row-0004762,ord-0004762,ord-0004762,user-00012,home,bank_transfer,shipped,3,53.900000,0.100000,145.530000,1700428580,1700429316
orders-row-0004763,ord-0004763,ord-0004763,user-00013,sports,wallet,refunded,5,55.600000,0.050000,264.100000,1700428670,1700429419
orders-row-0004764,ord-0004764,ord-0004764,user-00014,electronics,card,completed,2,57.600000,0.000000,115.200000,1700428760,1700429522
orders-row-0004765,ord-0004765,ord-0004765,user-00015,books,paypal,paid,4,58.700000,0.150000,199.580000,1700428850,1700429625
orders-row-0004766,ord-0004766,ord-0004766,user-00016,grocery,bank_transfer,pending,1,60.800000,0.100000,54.720000,1700428940,1700429728
orders-row-0004767,ord-0004767,ord-0004767,user-00017,apparel,wallet,shipped,3,62.100000,0.050000,176.990000,1700429030,1700429831
orders-row-0004768,ord-0004768,ord-0004768,user-00018,home,card,refunded,5,64.100000,0.000000,320.500000,1700429120,1700429934
orders-row-0004769,ord-0004769,ord-0004769,user-00019,sports,paypal,completed,2,65.400000,0.150000,111.180000,1700429210,1700430037
orders-row-0004770,ord-0004770,ord-0004770,user-00020,electronics,bank_transfer,paid,4,67.000000,0.100000,241.200000,1700429300,1700430140
orders-row-0004771,ord-0004771,ord-0004771,user-00021,books,wallet,pending,1,69.000000,0.050000,65.550000,1700429390,1700430243
orders-row-0004772,ord-0004772,ord-0004772,user-00022,grocery,card,shipped,3,71.300000,0.000000,213.900000,1700429480,1700430346
orders-row-0004773,ord-0004773,ord-0004773,user-00023,apparel,paypal,refunded,5,72.400000,0.150000,307.700000,1700429570,1700430449
orders-row-0004774,ord-0004774,ord-0004774,user-00024,home,bank_transfer,completed,2,74.700000,0.100000,134.460000,1700429660,1700430552
orders-row-0004775,ord-0004775,ord-0004775,user-00025,sports,wallet,paid,4,76.300000,0.050000,289.940000,1700429750,1700430655
orders-row-0004776,ord-0004776,ord-0004776,user-00026,electronics,card,pending,1,77.400000,0.000000,77.400000,1700429840,1700430758
orders-row-0004777,ord-0004777,ord-0004777,user-00027,books,paypal,shipped,3,9.700000,0.150000,24.730000,1700429930,1700429961
orders-row-0004778,ord-0004778,ord-0004778,user-00028,grocery,bank_transfer,refunded,5,11.500000,0.100000,51.750000,1700430020,1700430064
orders-row-0004779,ord-0004779,ord-0004779,user-00029,apparel,wallet,completed,2,12.800000,0.050000,24.320000,1700430110,1700430167
orders-row-0004780,ord-0004780,ord-0004780,user-00030,home,card,paid,4,14.600000,0.000000,58.400000,1700430200,1700430270
orders-row-0004781,ord-0004781,ord-0004781,user-00031,sports,paypal,pending,1,15.900000,0.150000,13.520000,1700430290,1700430373
orders-row-0004782,ord-0004782,ord-0004782,user-00032,electronics,bank_transfer,shipped,3,17.400000,0.100000,46.980000,1700430380,1700430476
orders-row-0004783,ord-0004783,ord-0004783,user-00033,books,wallet,refunded,5,19.900000,0.050000,94.520000,1700430470,1700430579
orders-row-0004784,ord-0004784,ord-0004784,user-00034,grocery,card,completed,2,20.900000,0.000000,41.800000,1700430560,1700430682
orders-row-0004785,ord-0004785,ord-0004785,user-00035,apparel,paypal,paid,4,22.600000,0.150000,76.840000,1700430650,1700430785
orders-row-0004786,ord-0004786,ord-0004786,user-00036,home,bank_transfer,pending,1,24.800000,0.100000,22.320000,1700430740,1700430888
orders-row-0004787,ord-0004787,ord-0004787,user-00037,sports,wallet,shipped,3,26.500000,0.050000,75.520000,1700430830,1700430991
orders-row-0004788,ord-0004788,ord-0004788,user-00038,electronics,card,refunded,5,28.300000,0.000000,141.500000,1700430920,1700431094
orders-row-0004789,ord-0004789,ord-0004789,user-00039,books,paypal,completed,2,29.800000,0.150000,50.660000,1700431010,1700431197
orders-row-0004790,ord-0004790,ord-0004790,user-00040,grocery,bank_transfer,paid,4,31.400000,0.100000,113.040000,1700431100,1700431300
orders-row-0004791,ord-0004791,ord-0004791,user-00041,apparel,wallet,pending,1,32.900000,0.050000,31.250000,1700431190,1700431403
orders-row-0004792,ord-0004792,ord-0004792,user-00042,home,card,shipped,3,34.400000,0.000000,103.200000,1700431280,1700431506
orders-row-0004793,ord-0004793,ord-0004793,user-00043,sports,paypal,refunded,5,36.900000,0.150000,156.820000,1700431370,1700431609
orders-row-0004794,ord-0004794,ord-0004794,user-00044,electronics,bank_transfer,completed,2,37.800000,0.100000,68.040000,1700431460,1700431712
orders-row-0004795,ord-0004795,ord-0004795,user-00045,books,wallet,paid,4,40.200000,0.050000,152.760000,1700431550,1700431815
orders-row-0004796,ord-0004796,ord-0004796,user-00046,grocery,card,pending,1,41.500000,0.000000,41.500000,1700431640,1700431918
orders-row-0004797,ord-0004797,ord-0004797,user-00047,apparel,paypal,shipped,3,42.900000,0.150000,109.390000,1700431730,1700432021
orders-row-0004798,ord-0004798,ord-0004798,user-00048,home,bank_transfer,refunded,5,44.900000,0.100000,202.050000,1700431820,1700432124
orders-row-0004799,ord-0004799,ord-0004799,user-00049,sports,wallet,completed,2,46.700000,0.050000,88.730000,1700431910,1700432227
orders-row-0004800,ord-0004800,ord-0004800,user-00050,electronics,card,paid,4,48.700000,0.000000,194.800000,1700432000,1700432330
orders-row-0004801,ord-0004801,ord-0004801,user-00051,books,paypal,pending,1,49.900000,0.150000,42.410000,1700432090,1700432433
orders-row-0004802,ord-0004802,ord-0004802,user-00052,grocery,bank_transfer,shipped,3,51.500000,0.100000,139.050000,1700432180,1700432536
orders-row-0004803,ord-0004803,ord-0004803,user-00053,apparel,wallet,refunded,5,53.800000,0.050000,255.550000,1700432270,1700432639
orders-row-0004804,ord-0004804,ord-0004804,user-00054,home,card,completed,2,55.400000,0.000000,110.800000,1700432360,1700432742
orders-row-0004805,ord-0004805,ord-0004805,user-00055,sports,paypal,paid,4,56.500000,0.150000,192.100000,1700432450,1700432845
orders-row-0004806,ord-0004806,ord-0004806,user-00056,electronics,bank_transfer,pending,1,58.600000,0.100000,52.740000,1700432540,1700432948
orders-row-0004807,ord-0004807,ord-0004807,user-00057,books,wallet,shipped,3,60.100000,0.050000,171.280000,1700432630,1700433051
orders-row-0004808,ord-0004808,ord-0004808,user-00058,grocery,card,refunded,5,62.500000,0.000000,312.500000,1700432720,1700433154
orders-row-0004809,ord-0004809,ord-0004809,user-00059,apparel,paypal,completed,2,63.700000,0.150000,108.290000,1700432810,1700433257
orders-row-0004810,ord-0004810,ord-0004810,user-00060,home,bank_transfer,paid,4,65.900000,0.100000,237.240000,1700432900,1700433360
orders-row-0004811,ord-0004811,ord-0004811,user-00061,sports,wallet,pending,1,66.900000,0.050000,63.550000,1700432990,1700433463
orders-row-0004812,ord-0004812,ord-0004812,user-00062,electronics,card,shipped,3,68.400000,0.000000,205.200000,1700433080,1700433566
orders-row-0004813,ord-0004813,ord-0004813,user-00063,books,paypal,refunded,5,71.000000,0.150000,301.750000,1700433170,1700433669
orders-row-0004814,ord-0004814,ord-0004814,user-00064,grocery,bank_transfer,completed,2,71.800000,0.100000,129.240000,1700433260,1700433772
orders-row-0004815,ord-0004815,ord-0004815,user-00065,apparel,wallet,paid,4,74.200000,0.050000,281.960000,1700433350,1700433875
orders-row-0004816,ord-0004816,ord-0004816,user-00066,home,card,pending,1,75.800000,0.000000,75.800000,1700433440,1700433978
orders-row-0004817,ord-0004817,ord-0004817,user-00067,sports,paypal,shipped,3,77.400000,0.150000,197.370000,1700433530,1700434081
orders-row-0004818,ord-0004818,ord-0004818,user-00068,electronics,bank_transfer,refunded,5,9.000000,0.100000,40.500000,1700433620,1700434184
orders-row-0004819,ord-0004819,ord-0004819,user-00069,books,wallet,completed,2,10.300000,0.050000,19.570000,1700433710,1700434287
orders-row-0004820,ord-0004820,ord-0004820,user-00070,grocery,card,paid,4,12.800000,0.000000,51.200000,1700433800,1700434390
orders-row-0004821,ord-0004821,ord-0004821,user-00071,apparel,paypal,pending,1,14.000000,0.150000,999999.000000,1700433890,1700434493
orders-row-0004822,ord-0004822,ord-0004822,user-00072,home,bank_transfer,shipped,3,16.100000,0.100000,43.470000,1700433980,1700434596
orders-row-0004823,ord-0004823,ord-0004823,user-00073,sports,wallet,refunded,5,17.300000,0.050000,82.170000,1700434070,1700434699
orders-row-0004824,ord-0004824,ord-0004824,user-00074,electronics,card,completed,2,18.900000,0.000000,37.800000,1700434160,1700434802
orders-row-0004825,ord-0004825,ord-0004825,user-00075,books,paypal,paid,4,21.000000,0.150000,71.400000,1700434250,1700434905
orders-row-0004826,ord-0004826,ord-0004826,user-00076,grocery,bank_transfer,pending,1,22.900000,0.100000,20.610000,1700434340,1700435008
orders-row-0004827,ord-0004827,ord-0004827,user-00077,apparel,wallet,shipped,3,24.600000,0.050000,70.110000,1700434430,1700435111
orders-row-0004828,ord-0004828,ord-0004828,user-00078,home,card,refunded,5,25.900000,0.000000,129.500000,1700434520,1700435214
orders-row-0004829,ord-0004829,ord-0004829,user-00079,sports,paypal,completed,2,27.900000,0.150000,47.430000,1700434610,1700435317
orders-row-0004830,ord-0004830,ord-0004830,user-00080,electronics,bank_transfer,paid,4,29.200000,0.100000,105.120000,1700434700,1700435420
orders-row-0004831,ord-0004831,ord-0004831,user-00081,books,wallet,pending,1,30.800000,0.050000,29.260000,1700434790,1700435523
orders-row-0004832,ord-0004832,ord-0004832,user-00082,grocery,card,shipped,3,32.700000,0.000000,98.100000,1700434880,1700435626
orders-row-0004833,ord-0004833,ord-0004833,user-00083,apparel,paypal,refunded,5,34.900000,0.150000,148.320000,1700434970,1700435729
orders-row-0004834,ord-0004834,ord-0004834,user-00084,home,bank_transfer,completed,2,36.100000,0.100000,64.980000,1700435060,1700435832
orders-row-0004835,ord-0004835,ord-0004835,user-00085,sports,wallet,paid,4,37.900000,0.050000,144.020000,1700435150,1700435935
orders-row-0004836,ord-0004836,ord-0004836,user-00086,electronics,card,pending,1,39.300000,0.000000,39.300000,1700435240,1700436038
orders-row-0004837,ord-0004837,ord-0004837,user-00087,books,paypal,shipped,3,41.300000,0.150000,105.310000,1700435330,1700436141
orders-row-0004838,ord-0004838,ord-0004838,user-00088,grocery,bank_transfer,refunded,5,43.500000,0.100000,195.750000,1700435420,1700436244
orders-row-0004839,ord-0004839,ord-0004839,user-00089,apparel,wallet,completed,2,45.200000,0.050000,85.880000,1700435510,1700436347
orders-row-0004840,ord-0004840,ord-0004840,user-00090,home,card,paid,4,46.800000,0.000000,187.200000,1700435600,1700436450
orders-row-0004841,ord-0004841,ord-0004841,user-00091,sports,paypal,pending,1,47.800000,0.150000,40.630000,1700435690,1700436553
orders-row-0004842,ord-0004842,ord-0004842,user-00092,electronics,bank_transfer,shipped,3,50.100000,0.100000,135.270000,1700435780,1700436656
orders-row-0004843,ord-0004843,ord-0004843,user-00093,books,wallet,refunded,5,51.600000,0.050000,245.100000,1700435870,1700436759
orders-row-0004844,ord-0004844,ord-0004844,user-00094,grocery,card,completed,2,52.900000,0.000000,105.800000,1700435960,1700436862
orders-row-0004845,ord-0004845,ord-0004845,user-00095,apparel,paypal,paid,4,54.500000,0.150000,185.300000,1700436050,1700436965
orders-row-0004846,ord-0004846,ord-0004846,user-00096,home,bank_transfer,pending,1,56.500000,0.100000,50.850000,1700436140,1700437068
orders-row-0004847,ord-0004847,ord-0004847,user-00097,sports,wallet,shipped,3,58.600000,0.050000,167.010000,1700436230,1700436271
orders-row-0004848,ord-0004848,ord-0004848,user-00098,electronics,card,refunded,5,60.100000,0.000000,300.500000,1700436320,1700436374
orders-row-0004849,ord-0004849,ord-0004849,user-00099,books,paypal,completed,2,61.900000,0.150000,105.230000,1700436410,1700436477
orders-row-0004850,ord-0004850,ord-0004850,user-00100,grocery,bank_transfer,paid,4,63.300000,0.100000,227.880000,1700436500,1700436580
orders-row-0004851,ord-0004851,ord-0004851,user-00101,apparel,wallet,pending,1,65.200000,0.050000,61.940000,1700436590,1700436683
orders-row-0004852,ord-0004852,ord-0004852,user-00102,home,card,shipped,3,66.800000,0.000000,200.400000,1700436680,1700436786
orders-row-0004853,ord-0004853,ord-0004853,user-00103,sports,paypal,refunded,5,68.600000,0.150000,291.550000,1700436770,1700436889
orders-row-0004854,ord-0004854,ord-0004854,user-00104,electronics,bank_transfer,completed,2,70.200000,0.100000,126.360000,1700436860,1700436992
orders-row-0004855,ord-0004855,ord-0004855,user-00105,books,wallet,paid,4,72.100000,0.050000,273.980000,1700436950,1700437095
orders-row-0004856,ord-0004856,ord-0004856,user-00106,grocery,card,pending,1,73.800000,0.000000,73.800000,1700437040,1700437198
orders-row-0004857,ord-0004857,ord-0004857,user-00107,apparel,paypal,shipped,3,75.200000,0.150000,191.760000,1700437130,1700437301
orders-row-0004858,ord-0004858,ord-0004858,user-00108,home,bank_transfer,refunded,5,76.900000,0.100000,346.050000,1700437220,1700437404
orders-row-0004859,ord-0004859,ord-0004859,user-00109,sports,wallet,completed,2,8.400000,0.050000,15.960000,1700437310,1700437507
orders-row-0004860,ord-0004860,ord-0004860,user-00110,electronics,card,paid,4,10.900000,0.000000,43.600000,1700437400,1700437610
orders-row-0004861,ord-0004861,ord-0004861,user-00111,books,paypal,pending,1,11.700000,0.150000,9.940000,1700437490,1700437713
orders-row-0004862,ord-0004862,ord-0004862,user-00112,grocery,bank_transfer,shipped,3,14.000000,0.100000,37.800000,1700437580,1700437816
orders-row-0004863,ord-0004863,ord-0004863,user-00113,apparel,wallet,refunded,5,15.100000,0.050000,71.720000,1700437670,1700437919
orders-row-0004864,ord-0004864,ord-0004864,user-00114,home,card,completed,2,17.400000,0.000000,34.800000,1700437760,1700438022
orders-row-0004865,ord-0004865,ord-0004865,user-00115,sports,paypal,paid,4,18.500000,0.150000,62.900000,1700437850,1700438125
orders-row-0004866,ord-0004866,ord-0004866,user-00116,electronics,bank_transfer,pending,1,20.800000,0.100000,18.720000,1700437940,1700438228
orders-row-0004867,ord-0004867,ord-0004867,user-00117,books,wallet,shipped,3,22.500000,0.050000,64.120000,1700438030,1700438331
orders-row-0004868,ord-0004868,ord-0004868,user-00118,grocery,card,refunded,5,23.800000,0.000000,119.000000,1700438120,1700438434
orders-row-0004869,ord-0004869,ord-0004869,user-00119,apparel,paypal,completed,2,25.500000,0.150000,43.350000,1700438210,1700438537
orders-row-0004870,ord-0004870,ord-0004870,user-00120,home,bank_transfer,paid,4,27.400000,0.100000,98.640000,1700438300,1700438640
orders-row-0004871,ord-0004871,ord-0004871,user-00121,sports,wallet,pending,1,29.000000,0.050000,27.550000,1700438390,1700438743
orders-row-0004872,ord-0004872,ord-0004872,user-00122,electronics,card,shipped,3,31.200000,0.000000,93.600000,1700438480,1700438846
orders-row-0004873,ord-0004873,ord-0004873,user-00123,books,paypal,refunded,5,32.500000,0.150000,138.120000,1700438570,1700438949
orders-row-0004874,ord-0004874,ord-0004874,user-00124,grocery,bank_transfer,completed,2,34.500000,0.100000,62.100000,1700438660,1700439052
orders-row-0004875,ord-0004875,ord-0004875,user-00125,apparel,wallet,paid,4,35.500000,0.050000,134.900000,1700438750,1700439155
orders-row-0004876,ord-0004876,ord-0004876,user-00126,home,card,pending,1,37.800000,0.000000,37.800000,1700438840,1700439258
orders-row-0004877,ord-0004877,ord-0004877,user-00127,sports,paypal,shipped,3,39.300000,0.150000,100.210000,1700438930,1700439361
orders-row-0004878,ord-0004878,ord-0004878,user-00128,electronics,bank_transfer,refunded,5,41.400000,0.100000,186.300000,1700439020,1700439464
orders-row-0004879,ord-0004879,ord-0004879,user-00129,books,wallet,completed,2,42.500000,0.050000,80.750000,1700439110,1700439567
orders-row-0004880,ord-0004880,ord-0004880,user-00130,grocery,card,paid,4,44.300000,0.000000,177.200000,1700439200,1700439670
orders-row-0004881,ord-0004881,ord-0004881,user-00131,apparel,paypal,pending,1,46.000000,0.150000,39.100000,1700439290,1700439773
orders-row-0004882,ord-0004882,ord-0004882,user-00132,home,bank_transfer,shipped,3,47.500000,0.100000,128.250000,1700439380,1700439876
orders-row-0004883,ord-0004883,ord-0004883,user-00133,sports,wallet,refunded,5,49.500000,0.050000,235.120000,1700439470,1700439979
orders-row-0004884,ord-0004884,ord-0004884,user-00134,electronics,card,completed,2,51.200000,0.000000,102.400000,1700439560,1700440082
orders-row-0004885,ord-0004885,ord-0004885,user-00135,books,paypal,paid,4,53.300000,0.150000,181.220000,1700439650,1700440185
orders-row-0004886,ord-0004886,ord-0004886,user-00136,grocery,bank_transfer,pending,1,54.800000,0.100000,49.320000,1700439740,1700440288
orders-row-0004887,ord-0004887,ord-0004887,user-00137,apparel,wallet,shipped,3,56.800000,0.050000,161.880000,1700439830,1700440391
orders-row-0004888,ord-0004888,ord-0004888,user-00138,home,card,refunded,5,57.800000,0.000000,289.000000,1700439920,1700440494
orders-row-0004889,ord-0004889,ord-0004889,user-00139,sports,paypal,completed,2,59.800000,0.150000,101.660000,1700440010,1700440597
orders-row-0004890,ord-0004890,ord-0004890,user-00140,electronics,bank_transfer,paid,4,61.800000,0.100000,222.480000,1700440100,1700440700
orders-row-0004891,ord-0004891,ord-0004891,user-00141,books,wallet,pending,1,63.200000,0.050000,60.040000,1700440190,1700440803
orders-row-0004892,ord-0004892,ord-0004892,user-00142,grocery,card,shipped,3,65.200000,0.000000,195.600000,1700440280,1700440906
orders-row-0004893,ord-0004893,ord-0004893,user-00143,apparel,paypal,refunded,5,66.900000,0.150000,284.320000,1700440370,1700441009
orders-row-0004894,ord-0004894,ord-0004894,user-00144,home,bank_transfer,completed,2,67.900000,0.100000,122.220000,1700440460,1700441112
orders-row-0004895,ord-0004895,ord-0004895,user-00145,sports,wallet,paid,4,69.600000,0.050000,264.480000,1700440550,1700441215
orders-row-0004896,ord-0004896,ord-0004896,user-00146,electronics,card,pending,1,71.600000,0.000000,71.600000,1700440640,1700441318
orders-row-0004897,ord-0004897,ord-0004897,user-00147,books,paypal,shipped,3,72.900000,0.150000,185.900000,1700440730,1700441421
orders-row-0004898,ord-0004898,ord-0004898,user-00148,grocery,bank_transfer,refunded,5,75.500000,0.100000,339.750000,1700440820,1700441524
orders-row-0004899,ord-0004899,ord-0004899,user-00149,apparel,wallet,completed,2,76.700000,0.050000,145.730000,1700440910,1700441627
orders-row-0004900,ord-0004900,ord-0004900,user-00150,home,card,paid,4,8.700000,0.000000,34.800000,1700441000,1700441730
orders-row-0004901,ord-0004901,ord-0004901,user-00151,sports,paypal,pending,1,10.200000,0.150000,8.670000,1700441090,1700441833
orders-row-0004902,ord-0004902,ord-0004902,user-00152,electronics,bank_transfer,shipped,999,11.900000,0.100000,32.130000,1700441180,1700441936
orders-row-0004903,ord-0004903,ord-0004903,user-00153,books,wallet,refunded,5,13.600000,0.050000,64.600000,1700441270,1700442039
orders-row-0004904,ord-0004904,ord-0004904,user-00154,grocery,card,completed,2,15.300000,0.000000,30.600000,1700441360,1700442142
orders-row-0004905,ord-0004905,ord-0004905,user-00155,apparel,paypal,paid,4,17.000000,0.150000,57.800000,1700441450,1700442245
orders-row-0004906,ord-0004906,ord-0004906,user-00156,home,bank_transfer,pending,1,19.000000,0.100000,17.100000,1700441540,1700442348
orders-row-0004907,ord-0004907,ord-0004907,user-00157,sports,wallet,shipped,3,20.600000,0.050000,58.710000,1700441630,1700442451
orders-row-0004908,ord-0004908,ord-0004908,user-00158,electronics,card,refunded,5,21.800000,0.000000,109.000000,1700441720,1700442554
orders-row-0004909,ord-0004909,ord-0004909,user-00159,books,paypal,completed,2,23.800000,0.150000,40.460000,1700441810,1700442657
orders-row-0004910,ord-0004910,ord-0004910,user-00160,grocery,bank_transfer,paid,4,25.600000,0.100000,92.160000,1700441900,1700442760
orders-row-0004911,ord-0004911,ord-0004911,user-00161,,wallet,pending,1,27.000000,0.050000,25.650000,1700441990,1700442863
orders-row-0004912,ord-0004912,ord-0004912,user-00162,home,card,shipped,3,28.500000,0.000000,85.500000,1700442080,1700442966
orders-row-0004913,ord-0004913,ord-0004913,user-00163,sports,paypal,refunded,5,30.900000,0.150000,131.320000,1700442170,1700443069
orders-row-0004914,ord-0004914,ord-0004914,user-00164,electronics,bank_transfer,completed,2,32.000000,0.100000,57.600000,1700442260,1700443172
orders-row-0004915,ord-0004915,ord-0004915,user-00165,books,wallet,paid,4,33.500000,0.050000,127.300000,1700442350,1700443275
orders-row-0004916,ord-0004916,ord-0004916,user-00166,grocery,card,pending,1,35.200000,0.000000,35.200000,1700442440,1700442478
orders-row-0004917,ord-0004917,ord-0004917,user-00167,apparel,paypal,shipped,3,37.800000,0.150000,96.390000,1700442530,1700442581
orders-row-0004918,ord-0004918,ord-0004918,user-00168,home,bank_transfer,refunded,5,38.600000,0.100000,173.700000,1700442620,1700442684
orders-row-0004919,ord-0004919,ord-0004919,user-00169,sports,wallet,completed,2,40.400000,0.050000,76.760000,1700442710,1700442787
orders-row-0004920,ord-0004920,ord-0004920,user-00170,electronics,card,paid,4,42.100000,0.000000,168.400000,1700442800,1700442890
orders-row-0004921,ord-0004921,ord-0004921,user-00171,books,paypal,pending,1,44.500000,0.150000,37.820000,1700442890,1700442993
orders-row-0004922,ord-0004922,ord-0004922,user-00172,grocery,bank_transfer,shipped,3,45.400000,0.100000,122.580000,1700442980,1700443096
orders-row-0004923,ord-0004923,ord-0004923,user-00173,apparel,wallet,refunded,5,47.800000,0.050000,227.050000,1700443070,1700443199
orders-row-0004924,ord-0004924,ord-0004924,user-00174,home,card,completed,2,49.200000,0.000000,98.400000,1700443160,1700443302
orders-row-0004925,ord-0004925,ord-0004925,user-00175,sports,paypal,paid,4,50.600000,0.150000,172.040000,1700443250,1700443405
orders-row-0004926,ord-0004926,ord-0004926,user-00176,electronics,bank_transfer,pending,1,52.300000,0.100000,47.070000,1700443340,1700443508
orders-row-0004927,ord-0004927,ord-0004927,user-00177,books,wallet,shipped,3,54.100000,0.050000,154.190000,1700443430,1700443611
orders-row-0004928,ord-0004928,ord-0004928,user-00178,grocery,card,refunded,5,55.800000,0.000000,279.000000,1700443520,1700443714
orders-row-0004929,ord-0004929,ord-0004929,user-00179,apparel,paypal,completed,2,57.800000,0.150000,98.260000,1700443610,1700443817
orders-row-0004930,ord-0004930,ord-0004930,user-00180,home,bank_transfer,paid,4,59.800000,0.100000,215.280000,1700443700,1700443920
orders-row-0004931,ord-0004931,ord-0004931,user-00181,sports,wallet,pending,1,61.000000,0.050000,57.950000,1700443790,1700444023
orders-row-0004932,ord-0004932,ord-0004932,user-00182,electronics,card,shipped,3,63.100000,0.000000,189.300000,1700443880,1700444126
orders-row-0004933,ord-0004933,ord-0004933,user-00183,books,paypal,refunded,5,64.300000,0.150000,273.270000,1700443970,1700444229
orders-row-0004934,ord-0004934,ord-0004934,user-00184,grocery,bank_transfer,completed,2,66.500000,0.100000,119.700000,1700444060,1700444332
orders-row-0004935,ord-0004935,ord-0004935,user-00185,apparel,wallet,paid,4,67.800000,0.050000,257.640000,1700444150,1700444435
orders-row-0004936,ord-0004936,ord-0004936,user-00186,home,card,pending,1,69.300000,0.000000,69.300000,1700444240,1700444538
orders-row-0004937,ord-0004937,ord-0004937,user-00187,sports,paypal,shipped,3,70.900000,0.150000,180.800000,1700444330,1700444641
orders-row-0004938,ord-0004938,ord-0004938,user-00188,electronics,bank_transfer,refunded,5,73.200000,0.100000,329.400000,1700444420,1700444744
orders-row-0004939,ord-0004939,ord-0004939,user-00189,books,wallet,completed,2,74.900000,0.050000,142.310000,1700444510,1700444847
orders-row-0004940,ord-0004940,ord-0004940,user-00190,grocery,card,paid,4,76.800000,0.000000,307.200000,1700444600,1700444950
orders-row-0004941,ord-0004941,ord-0004941,user-00191,apparel,paypal,pending,1,8.100000,0.150000,6.880000,1700444690,1700445053
orders-row-0004942,ord-0004942,ord-0004942,user-00192,home,bank_transfer,shipped,3,9.600000,0.100000,25.920000,1700444780,1700445156
orders-row-0004943,ord-0004943,ord-0004943,user-00193,sports,wallet,refunded,5,11.300000,0.050000,53.670000,1700444870,1700445259
orders-row-0004944,ord-0004944,ord-0004944,user-00194,electronics,card,completed,2,12.800000,0.000000,25.600000,1700444960,1700445362
orders-row-0004945,ord-0004945,ord-0004945,user-00195,books,paypal,paid,4,15.400000,0.150000,52.360000,1700445050,1700445465
orders-row-0004946,ord-0004946,ord-0004946,user-00196,grocery,bank_transfer,pending,1,16.500000,0.100000,14.850000,1700445140,1700445568
orders-row-0004947,ord-0004947,ord-0004947,user-00197,apparel,wallet,shipped,3,18.000000,0.050000,51.300000,1700445230,1700445671
orders-row-0004948,ord-0004948,ord-0004948,user-00198,home,card,refunded,5,20.100000,0.000000,100.500000,1700445320,1700445774
orders-row-0004949,ord-0004949,ord-0004949,user-00199,sports,paypal,completed,2,21.300000,0.150000,36.210000,1700445410,1700445877
orders-row-0004950,ord-0004950,ord-0004950,user-00200,electronics,bank_transfer,paid,4,23.100000,0.100000,83.160000,1700445500,1700445980
orders-row-0004951,ord-0004951,ord-0004951,user-00201,books,wallet,pending,1,25.400000,0.050000,24.130000,1700445590,1700446083
orders-row-0004952,ord-0004952,ord-0004952,user-00202,grocery,card,shipped,3,26.700000,0.000000,80.100000,1700445680,1700446186
orders-row-0004953,ord-0004953,ord-0004953,user-00203,apparel,paypal,refunded,5,28.700000,0.150000,121.970000,1700445770,1700446289
orders-row-0004954,ord-0004954,ord-0004954,user-00204,home,bank_transfer,completed,2,29.900000,0.100000,53.820000,1700445860,1700446392
orders-row-0004955,ord-0004955,ord-0004955,user-00205,sports,wallet,paid,4,31.900000,0.050000,121.220000,1700445950,1700446495
orders-row-0004956,ord-0004956,ord-0004956,user-00206,electronics,card,pending,1,34.100000,0.000000,34.100000,1700446040,1700446598
orders-row-0004957,ord-0004957,ord-0004957,user-00207,books,paypal,shipped,3,34.900000,0.150000,88.990000,1700446130,1700446701
orders-row-0004958,ord-0004958,ord-0004958,user-00208,grocery,bank_transfer,refunded,5,37.100000,0.100000,166.950000,1700446220,1700446804
orders-row-0004959,ord-0004959,ord-0004959,user-00209,apparel,wallet,completed,2,38.800000,0.050000,73.720000,1700446310,1700446907
orders-row-0004960,ord-0004960,ord-0004960,user-00210,home,card,paid,4,40.800000,0.000000,163.200000,1700446400,1700447010
orders-row-0004961,ord-0004961,ord-0004961,user-00211,sports,paypal,pending,1,42.300000,0.150000,35.950000,1700446490,1700447113
orders-row-0004962,ord-0004962,ord-0004962,user-00212,electronics,bank_transfer,shipped,3,43.700000,0.100000,117.990000,1700446580,1700447216
orders-row-0004963,ord-0004963,ord-0004963,user-00213,books,wallet,refunded,5,45.300000,0.050000,215.170000,1700446670,1700447319
orders-row-0004964,ord-0004964,ord-0004964,user-00214,grocery,card,completed,2,47.300000,0.000000,94.600000,1700446760,1700447422
orders-row-0004965,ord-0004965,ord-0004965,user-00215,apparel,paypal,paid,4,48.500000,0.150000,164.900000,1700446850,1700447525
orders-row-0004966,ord-0004966,ord-0004966,user-00216,home,bank_transfer,pending,1,50.500000,0.100000,45.450000,1700446940,1700447628
orders-row-0004967,ord-0004967,ord-0004967,user-00217,sports,wallet,shipped,3,52.400000,0.050000,149.340000,1700447030,1700447731
orders-row-0004968,ord-0004968,ord-0004968,user-00218,electronics,card,refunded,5,53.600000,0.000000,268.000000,1700447120,1700447834
orders-row-0004969,ord-0004969,ord-0004969,user-00219,books,paypal,completed,2,55.700000,0.150000,94.690000,1700447210,1700447937
orders-row-0004970,ord-0004970,ord-0004970,user-00220,grocery,bank_transfer,paid,4,57.400000,0.100000,206.640000,1700447300,1700448040
orders-row-0004971,ord-0004971,ord-0004971,user-00221,apparel,wallet,pending,1,58.900000,0.050000,55.950000,1700447390,1700448143
orders-row-0004972,ord-0004972,ord-0004972,user-00222,home,card,shipped,3,60.900000,0.000000,182.700000,1700447480,1700448246
orders-row-0004973,ord-0004973,ord-0004973,user-00223,sports,paypal,refunded,5,62.500000,0.150000,265.620000,1700447570,1700448349
orders-row-0004974,ord-0004974,ord-0004974,user-00224,electronics,bank_transfer,completed,2,64.300000,0.100000,115.740000,1700447660,1700448452
orders-row-0004975,ord-0004975,ord-0004975,user-00225,books,wallet,paid,4,66.300000,0.050000,251.940000,1700447750,1700448555
orders-row-0004976,ord-0004976,ord-0004976,user-00226,grocery,card,pending,1,67.300000,0.000000,67.300000,1700447840,1700448658
orders-row-0004977,ord-0004977,ord-0004977,user-00227,apparel,paypal,shipped,3,69.500000,0.150000,177.220000,1700447930,1700448761
orders-row-0004978,ord-0004978,ord-0004978,user-00228,home,bank_transfer,refunded,5,71.300000,0.100000,320.850000,1700448020,1700448864
orders-row-0004979,ord-0004979,ord-0004979,user-00229,sports,wallet,completed,2,72.600000,0.050000,137.940000,1700448110,1700448967
orders-row-0004980,ord-0004980,ord-0004980,user-00230,electronics,card,paid,4,74.800000,0.000000,299.200000,1700448200,1700449070
orders-row-0004981,ord-0004981,ord-0004981,user-00231,books,paypal,pending,1,76.400000,0.150000,64.940000,1700448290,1700449173
orders-row-0004982,ord-0004982,ord-0004982,user-00232,grocery,bank_transfer,shipped,3,77.600000,0.100000,209.520000,1700448380,1700449276
orders-row-0004983,ord-0004983,ord-0004983,user-00233,apparel,wallet,refunded,5,10.000000,0.050000,47.500000,1700448470,1700449379
orders-row-0004984,ord-0004984,ord-0004984,user-00234,home,card,completed,2,11.600000,0.000000,23.200000,1700448560,1700449482
orders-row-0004985,ord-0004985,ord-0004985,user-00235,sports,paypal,paid,4,,0.150000,44.880000,1700448650,1700448685
orders-row-0004986,ord-0004986,ord-0004986,user-00236,electronics,bank_transfer,pending,1,14.400000,0.100000,12.960000,1700448740,1700448788
orders-row-0004987,ord-0004987,ord-0004987,user-00237,books,wallet,shipped,3,15.900000,0.050000,45.310000,1700448830,1700448891
orders-row-0004988,ord-0004988,ord-0004988,user-00238,grocery,card,refunded,5,17.700000,0.000000,88.500000,1700448920,1700448994
orders-row-0004989,ord-0004989,ord-0004989,user-00239,apparel,paypal,completed,2,19.400000,0.150000,32.980000,1700449010,1700449097
orders-row-0004990,ord-0004990,ord-0004990,user-00240,home,bank_transfer,paid,4,21.400000,0.100000,77.040000,1700449100,1700449200
orders-row-0004991,ord-0004991,ord-0004991,user-00241,sports,wallet,pending,1,22.800000,0.050000,21.660000,1700449190,1700449303
orders-row-0004992,ord-0004992,ord-0004992,user-00242,electronics,card,shipped,3,24.600000,0.000000,73.800000,1700449280,1700449406
orders-row-0004993,ord-0004993,ord-0004993,user-00243,books,paypal,refunded,5,26.700000,0.150000,113.470000,1700449370,1700449509
orders-row-0004994,ord-0004994,ord-0004994,user-00244,grocery,bank_transfer,completed,2,27.800000,0.100000,50.040000,1700449460,1700449612
orders-row-0004995,ord-0004995,ord-0004995,user-00245,apparel,wallet,paid,4,29.500000,0.050000,112.100000,1700449550,1700449715
orders-row-0004996,ord-0004996,ord-0004996,user-00246,home,card,pending,1,32.100000,0.000000,32.100000,1700449640,1700449818
orders-row-0004997,ord-0004997,ord-0004997,user-00247,sports,paypal,shipped,3,33.600000,0.150000,85.680000,1700449730,1700449921
orders-row-0004998,ord-0004998,ord-0004998,user-00248,electronics,bank_transfer,refunded,5,35.500000,0.100000,159.750000,1700449820,1700450024
orders-row-0004999,ord-0004999,ord-0004999,user-00249,books,wallet,completed,2,36.500000,0.050000,69.350000,1700449910,1700450127
orders_transactions-dup-00000,ord-0001043,ord-0001043,user-00043,sports,wallet,refunded,5,31.300000,0.050000,148.670000,1700093870,1700093959
orders_transactions-dup-00001,ord-0004547,ord-0004547,user-00047,sports,wallet,shipped,3,38.500000,0.050000,109.720000,1700409230,1700409871
orders_transactions-dup-00002,ord-0000541,ord-0000541,user-00041,books,paypal,pending,1,18.200000,0.150000,15.470000,1700048690,1700049453
orders_transactions-dup-00003,ord-0000568,ord-0000568,user-00068,home,card,refunded,5,63.900000,0.000000,319.500000,1700051120,1700051334
orders_transactions-dup-00004,ord-0004986,ord-0004986,user-00236,electronics,bank_transfer,pending,1,14.400000,0.100000,12.960000,1700448740,1700448788
orders_transactions-dup-00005,ord-0001004,ord-0001004,user-00004,grocery,card,completed,2,35.600000,0.000000,71.200000,1700090360,1700090842
orders_transactions-dup-00006,ord-0003295,ord-0003295,user-00045,books,wallet,paid,4,10.400000,0.050000,39.520000,1700296550,1700297115
orders_transactions-dup-00007,ord-0000504,ord-0000504,user-00004,electronics,card,completed,2,24.900000,0.000000,49.800000,1700045360,1700045642
orders_transactions-dup-00008,ord-0002391,ord-0002391,user-00141,apparel,wallet,pending,1,13.400000,0.050000,12.730000,1700215190,1700215703
orders_transactions-dup-00009,ord-0004176,ord-0004176,user-00176,electronics,card,pending,1,38.100000,0.000000,38.100000,1700375840,1700376158
orders_transactions-dup-00010,ord-0003646,ord-0003646,user-00146,home,bank_transfer,pending,1,,0.100000,42.030000,1700328140,1700328768
orders_transactions-dup-00011,ord-0004094,ord-0004094,user-00094,grocery,bank_transfer,completed,2,38.400000,0.100000,69.120000,1700368460,1700368612
