row_id,source_row_id,log_id,user_id,device_type,os,app_version,event_type,session_duration,bytes_sent,bytes_received,login_time,logout_time,is_success
logs-row-0000000,log-0000000,log-0000000,user-00000,phone,iOS,2.4.0,login,66,400,800,1800000000,1800000066,1
logs-row-0000001,log-0000001,log-0000001,user-00001,laptop,iOS,2.5.1,purchase,87,431,837,1800000075,1800000162,1
logs-row-0000002,log-0000002,log-0000002,user-00002,desktop,iOS,2.5.0,login_failed,44,462,874,1800000150,1800000194,0
logs-row-0000003,log-0000003,log-0000003,user-00003,tablet,iOS,2.4.1,view,125,493,911,1800000225,1800000350,1
logs-row-0000004,log-0000004,log-0000004,user-00004,phone,iOS,2.4.0,logout,143,524,948,1800000300,1800000443,1
logs-row-0000005,log-0000005,log-0000005,user-00005,laptop,iOS,2.5.1,login,163,555,985,1800000375,1800000538,1
logs-row-0000006,log-0000006,log-0000006,user-00006,desktop,iOS,2.5.0,purchase,184,586,1022,1800000450,1800000634,1
logs-row-0000007,log-0000007,log-0000007,user-00007,tablet,iOS,2.4.1,login_failed,45,617,1059,1800000525,1800000570,0
logs-row-0000008,log-0000008,log-0000008,user-00008,phone,iOS,2.4.0,view,224,648,1096,1800000600,1800000824,1
logs-row-0000009,log-0000009,log-0000009,user-00009,laptop,iOS,2.5.1,logout,236,679,1133,1800000675,1800000911,1
logs-row-0000010,log-0000010,log-0000010,user-00010,desktop,iOS,2.5.0,login,257,710,1170,1800000750,1800001007,1
logs-row-0000011,log-0000011,log-0000011,user-00011,tablet,iOS,2.4.1,purchase,279,741,1207,1800000825,1800001104,1
logs-row-0000012,log-0000012,log-0000012,user-00012,phone,iOS,2.4.0,login_failed,45,772,1244,1800000900,1800000945,0
logs-row-0000013,log-0000013,log-0000013,user-00013,laptop,iOS,2.5.1,view,315,803,1281,1800000975,1800001290,1
logs-row-0000014,log-0000014,log-0000014,user-00014,desktop,iOS,2.5.0,logout,332,834,1318,1800001050,1800001382,1
logs-row-0000015,log-0000015,log-0000015,user-00015,tablet,iOS,2.4.1,login,353,865,1355,1800001125,1800001478,1
logs-row-0000016,log-0000016,log-0000016,user-00016,phone,iOS,2.4.0,purchase,373,896,1392,1800001200,1800001573,1
logs-row-0000017,log-0000017,log-0000017,user-00017,laptop,iOS,2.5.1,login_failed,45,927,1429,1800001275,1800001320,0
logs-row-0000018,log-0000018,log-0000018,user-00018,desktop,iOS,2.5.0,view,412,958,1466,1800001350,1800001762,1
logs-row-0000019,log-0000019,log-0000019,user-00019,tablet,iOS,2.4.1,logout,432,989,1503,1800001425,1800001857,1
logs-row-0000020,log-0000020,log-0000020,user-00020,phone,iOS,2.4.0,login,449,1020,1540,1800001500,1800001949,1
logs-row-0000021,log-0000021,log-0000021,user-00021,laptop,iOS,2.5.1,purchase,467,1051,1577,1800001575,1800002042,1
logs-row-0000022,log-0000022,log-0000022,user-00022,desktop,iOS,2.5.0,login_failed,45,1082,1614,1800001650,1800001695,0
logs-row-0000023,log-0000023,log-0000023,user-00023,tablet,iOS,2.4.1,view,504,1113,1651,1800001725,1800002229,1
logs-row-0000024,log-0000024,log-0000024,user-00024,phone,iOS,2.4.0,logout,525,1144,1688,1800001800,1800002325,1
logs-row-0000025,log-0000025,log-0000025,user-00025,laptop,iOS,2.5.1,login,541,1175,1725,1800001875,1800002416,1
logs-row-0000026,log-0000026,log-0000026,user-00026,desktop,iOS,2.5.0,purchase,559,1206,1762,1800001950,1800002509,1
logs-row-0000027,log-0000027,log-0000027,user-00027,tablet,iOS,2.4.1,login_failed,45,1237,1799,1800002025,1800002070,0
logs-row-0000028,log-0000028,log-0000028,user-00028,phone,iOS,2.4.0,view,603,1268,1836,1800002100,1800002703,1
logs-row-0000029,log-0000029,log-0000029,user-00029,laptop,iOS,2.5.1,logout,618,1299,1873,1800002175,1800002793,1
logs-row-0000030,log-0000030,log-0000030,user-00030,desktop,iOS,2.5.0,login,639,1330,1910,1800002250,1800002889,1
logs-row-0000031,log-0000031,log-0000031,user-00031,tablet,iOS,2.4.1,purchase,660,1361,1947,1800002325,1800002985,1
logs-row-0000032,log-0000032,log-0000032,user-00032,phone,iOS,2.4.0,login_failed,45,1392,1984,1800002400,1800002445,0
logs-row-0000033,log-0000033,log-0000033,user-00033,laptop,iOS,2.5.1,view,692,1423,2021,1800002475,1800003167,1
logs-row-0000034,log-0000034,log-0000034,user-00034,desktop,iOS,2.5.0,logout,714,1454,2058,1800002550,1800003264,1
logs-row-0000035,log-0000035,log-0000035,user-00035,tablet,iOS,2.4.1,login,731,1485,2095,1800002625,1800003356,1
logs-row-0000036,log-0000036,log-0000036,user-00036,phone,iOS,2.4.0,purchase,754,1516,2132,1800002700,1800003454,1
logs-row-0000037,log-0000037,log-0000037,user-00037,laptop,iOS,2.5.1,login_failed,45,1547,2169,1800002775,1800002820,0
logs-row-0000038,log-0000038,log-0000038,user-00038,desktop,iOS,2.5.0,view,788,1578,2206,1800002850,1800003638,1
logs-row-0000039,log-0000039,log-0000039,user-00039,tablet,iOS,2.4.1,logout,813,1609,2243,1800002925,1800003738,1
logs-row-0000040,log-0000040,log-0000040,user-00040,phone,iOS,2.4.0,login,827,1640,2280,1800003000,1800003827,1
logs-row-0000041,log-0000041,log-0000041,user-00041,laptop,iOS,2.5.1,purchase,849,1671,2317,1800003075,1800003924,1
logs-row-0000042,log-0000042,log-0000042,user-00042,desktop,iOS,2.5.0,login_failed,45,1702,2354,1800003150,1800003195,0
logs-row-0000043,log-0000043,log-0000043,user-00043,tablet,iOS,2.4.1,view,884,1733,2391,1800003225,1800004109,1
logs-row-0000044,log-0000044,log-0000044,user-00044,phone,iOS,2.4.0,logout,905,1764,2428,1800003300,1800004205,1
logs-row-0000045,log-0000045,log-0000045,user-00045,laptop,iOS,2.5.1,login,920,1795,2465,1800003375,1800004295,1
logs-row-0000046,log-0000046,log-0000046,user-00046,desktop,iOS,2.5.0,purchase,943,1826,2502,1800003450,1800004393,1
logs-row-0000047,log-0000047,log-0000047,user-00047,tablet,iOS,2.4.1,login_failed,45,1857,2539,1800003525,1800003570,0
logs-row-0000048,log-0000048,log-0000048,user-00048,phone,iOS,2.4.0,view,82,1888,2576,1800003600,1800003682,1
logs-row-0000049,log-0000049,log-0000049,user-00049,laptop,iOS,2.5.1,logout,101,1919,2613,1800003675,1800003776,1
logs-row-0000050,log-0000050,log-0000050,user-00050,desktop,iOS,2.5.0,login,117,1950,2650,1800003750,1800003867,1
logs-row-0000051,log-0000051,log-0000051,user-00051,tablet,iOS,2.4.1,purchase,139,1981,2687,1800003825,1800003964,1
logs-row-0000052,log-0000052,log-0000052,user-00052,phone,iOS,2.4.0,login_failed,45,2012,2724,1800003900,1800003945,0
logs-row-0000053,log-0000053,log-0000053,user-00053,laptop,iOS,2.5.1,view,179,2043,2761,1800003975,1800004154,1
logs-row-0000054,log-0000054,log-0000054,user-00054,desktop,iOS,2.5.0,logout,198,2074,2798,1800004050,1800004248,1
logs-row-0000055,log-0000055,log-0000055,user-00055,tablet,iOS,2.4.1,login,217,2105,2835,1800004125,1800004342,1
logs-row-0000056,log-0000056,log-0000056,user-00056,phone,iOS,2.4.0,purchase,236,2136,2872,1800004200,1800004436,1
logs-row-0000057,log-0000057,log-0000057,user-00057,laptop,iOS,2.5.1,login_failed,45,2167,2909,1800004275,1800004320,0
logs-row-0000058,log-0000058,log-0000058,user-00058,desktop,iOS,2.5.0,view,274,2198,2946,1800004350,1800004624,1
logs-row-0000059,log-0000059,log-0000059,user-00059,tablet,iOS,2.4.1,logout,288,2229,2983,1800004425,1800004713,1
logs-row-0000060,log-0000060,log-0000060,user-00060,phone,iOS,2.4.0,login,305,2260,3020,1800004500,1800004805,1
logs-row-0000061,log-0000061,log-0000061,user-00061,laptop,iOS,2.5.1,purchase,329,2291,3057,1800004575,1800004904,1
logs-row-0000062,log-0000062,log-0000062,user-00062,desktop,iOS,2.5.0,login_failed,45,2322,3094,1800004650,1800004695,0
logs-row-0000063,log-0000063,log-0000063,user-00063,tablet,iOS,2.4.1,view,365,2353,3131,1800004725,1800005090,1
logs-row-0000064,log-0000064,log-0000064,user-00064,phone,iOS,2.4.0,logout,383,2384,3168,1800004800,1800005183,1
logs-row-0000065,log-0000065,log-0000065,user-00065,laptop,iOS,2.5.1,login,400,2415,3205,1800004875,1800005275,1
logs-row-0000066,log-0000066,log-0000066,user-00066,desktop,iOS,2.5.0,purchase,419,2446,3242,1800004950,1800005369,1
logs-row-0000067,log-0000067,log-0000067,user-00067,tablet,iOS,2.4.1,login_failed,45,2477,3279,1800005025,1800005070,0
logs-row-0000068,log-0000068,log-0000068,user-00068,phone,iOS,2.4.0,view,457,2508,3316,1800005100,1800005557,1
logs-row-0000069,log-0000069,log-0000069,user-00069,laptop,iOS,2.5.1,logout,480,2539,3353,1800005175,1800005655,1
logs-row-0000070,log-0000070,log-0000070,user-00070,desktop,iOS,2.5.0,login,501,2570,3390,1800005250,1800005751,1
logs-row-0000071,log-0000071,log-0000071,user-00071,tablet,iOS,2.4.1,purchase,518,2601,3427,1800005325,1800005843,1
logs-row-0000072,log-0000072,log-0000072,user-00072,phone,iOS,2.4.0,login_failed,45,2632,3464,1800005400,1800005445,0
logs-row-0000073,log-0000073,log-0000073,user-00073,laptop,iOS,2.5.1,view,554,2663,3501,1800005475,1800006029,1
logs-row-0000074,log-0000074,log-0000074,user-00074,desktop,iOS,2.5.0,logout,572,2694,3538,1800005550,1800006122,1
logs-row-0000075,log-0000075,log-0000075,user-00075,tablet,iOS,2.4.1,login,594,2725,3575,1800005625,1800006219,1
logs-row-0000076,log-0000076,log-0000076,user-00076,phone,iOS,2.4.0,purchase,615,2756,3612,1800005700,1800006315,1
logs-row-0000077,log-0000077,log-0000077,user-00077,laptop,iOS,2.5.1,login_failed,45,2787,3649,1800005775,1800005820,0
logs-row-0000078,log-0000078,log-0000078,user-00078,desktop,iOS,2.5.0,view,652,2818,3686,1800005850,1800006502,1
logs-row-0000079,log-0000079,log-0000079,user-00079,tablet,iOS,2.4.1,logout,667,2849,3723,1800005925,1800006592,1
logs-row-0000080,log-0000080,log-0000080,user-00080,phone,iOS,2.4.0,login,691,2880,3760,1800006000,1800006691,1
logs-row-0000081,log-0000081,log-0000081,user-00081,laptop,iOS,2.5.1,purchase,705,2911,3797,1800006075,1800006780,1
logs-row-0000082,log-0000082,log-0000082,user-00082,desktop,iOS,2.5.0,login_failed,45,2942,3834,1800006150,1800006195,0
logs-row-0000083,log-0000083,log-0000083,user-00083,tablet,iOS,2.4.1,view,744,2973,3871,1800006225,1800006969,1
logs-row-0000084,log-0000084,log-0000084,user-00084,phone,iOS,2.4.0,logout,765,3004,3908,1800006300,1800007065,1
logs-row-0000085,log-0000085,log-0000085,user-00085,laptop,iOS,2.5.1,login,787,3035,3945,1800006375,1800007162,1
logs-row-0000086,log-0000086,log-0000086,user-00086,desktop,iOS,2.5.0,purchase,803,3066,3982,1800006450,1800007253,1
logs-row-0000087,log-0000087,log-0000087,user-00087,tablet,iOS,2.4.1,login_failed,45,3097,4019,1800006525,1800006570,0
logs-row-0000088,log-0000088,log-0000088,user-00088,phone,iOS,2.4.0,view,840,3128,4056,1800006600,1800007440,1
logs-row-0000089,log-0000089,log-0000089,user-00089,laptop,iOS,2.5.1,logout,861,3159,4093,1800006675,1800007536,1
logs-row-0000090,log-0000090,log-0000090,user-00090,desktop,iOS,2.5.0,login,879,3190,4130,1800006750,1800007629,1
logs-row-0000091,log-0000091,log-0000091,user-00091,tablet,iOS,2.4.1,purchase,901,3221,4167,1800006825,1800007726,1
logs-row-0000092,log-0000092,log-0000092,user-00092,phone,iOS,2.4.0,login_failed,45,3252,4204,1800006900,1800006945,0
logs-row-0000093,log-0000093,log-0000093,user-00093,laptop,iOS,2.5.1,view,932,3283,4241,1800006975,1800007907,1
logs-row-0000094,log-0000094,log-0000094,user-00094,desktop,iOS,2.5.0,logout,956,3314,4278,1800007050,1800008006,1
logs-row-0000095,log-0000095,log-0000095,user-00095,tablet,iOS,2.4.1,login,74,3345,4315,1800007125,1800007199,1
logs-row-0000096,log-0000096,log-0000096,user-00096,phone,iOS,2.4.0,purchase,90,3376,4352,1800007200,1800007290,1
logs-row-0000097,log-0000097,log-0000097,user-00097,laptop,iOS,2.5.1,login_failed,45,3407,4389,1800007275,1800007320,0
logs-row-0000098,log-0000098,log-0000098,user-00098,desktop,iOS,2.5.0,view,131,3438,4426,1800007350,1800007481,1
logs-row-0000099,log-0000099,log-0000099,user-00099,tablet,iOS,2.4.1,logout,150,3469,4463,1800007425,1800007575,1
logs-row-0000100,log-0000100,log-0000100,user-00100,phone,iOS,2.4.0,login,165,3500,4500,1800007500,1800007665,1
logs-row-0000101,log-0000101,log-0000101,user-00101,laptop,iOS,2.5.1,purchase,184,3531,4537,1800007575,1800007759,1
logs-row-0000102,log-0000102,log-0000102,user-00102,desktop,iOS,2.5.0,login_failed,45,3562,4574,1800007650,1800007695,0
logs-row-0000103,log-0000103,log-0000103,user-00103,tablet,iOS,2.4.1,view,228,3593,4611,1800007725,1800007953,1
logs-row-0000104,log-0000104,log-0000104,user-00104,phone,iOS,2.4.0,logout,246,3624,4648,1800007800,1800008046,1
logs-row-0000105,log-0000105,log-0000105,user-00105,laptop,iOS,2.5.1,login,267,3655,4685,1800007875,1800008142,1
logs-row-0000106,log-0000106,log-0000106,user-00106,desktop,iOS,2.5.0,purchase,282,3686,4722,1800007950,1800008232,1
logs-row-0000107,log-0000107,log-0000107,user-00107,tablet,iOS,2.4.1,login_failed,45,3717,4759,1800008025,1800008070,0
logs-row-0000108,log-0000108,log-0000108,user-00108,phone,iOS,2.4.0,view,324,3748,4796,1800008100,1800008424,1
logs-row-0000109,log-0000109,log-0000109,user-00109,laptop,iOS,2.5.1,logout,341,3779,4833,1800008175,1800008516,1
logs-row-0000110,log-0000110,log-0000110,user-00110,desktop,iOS,2.5.0,login,362,3810,4870,1800008250,1800008612,1
logs-row-0000111,log-0000111,log-0000111,user-00111,tablet,iOS,2.4.1,purchase,381,3841,4907,1800008325,1800008706,1
logs-row-0000112,log-0000112,log-0000112,user-00112,phone,iOS,2.4.0,login_failed,45,3872,4944,1800008400,1800008445,0
logs-row-0000113,log-0000113,log-0000113,user-00113,laptop,iOS,2.5.1,view,414,3903,4981,1800008475,1800008889,1
logs-row-0000114,log-0000114,log-0000114,user-00114,desktop,iOS,2.5.0,logout,438,3934,5018,1800008550,1800008988,1
logs-row-0000115,log-0000115,log-0000115,user-00115,tablet,iOS,2.4.1,login,453,3965,5055,1800008625,1800009078,1
logs-row-0000116,log-0000116,log-0000116,user-00116,phone,iOS,2.4.0,purchase,473,3996,5092,1800008700,1800009173,1
logs-row-0000117,log-0000117,log-0000117,user-00117,laptop,iOS,2.5.1,login_failed,45,4027,5129,1800008775,1800008820,0
logs-row-0000118,log-0000118,log-0000118,user-00118,desktop,iOS,2.5.0,view,510,4058,5166,1800008850,1800009360,1
logs-row-0000119,log-0000119,log-0000119,user-00119,tablet,iOS,2.4.1,logout,531,4089,5203,1800008925,1800009456,1
logs-row-0000120,log-0000120,log-0000120,user-00120,phone,iOS,2.4.0,login,550,4120,5240,1800009000,1800009550,1
logs-row-0000121,log-0000121,log-0000121,user-00121,laptop,iOS,2.5.1,purchase,567,4151,5277,1800009075,1800009642,1
logs-row-0000122,log-0000122,log-0000122,user-00122,desktop,iOS,2.5.0,login_failed,45,4182,5314,1800009150,1800009195,0
logs-row-0000123,log-0000123,log-0000123,user-00123,tablet,iOS,2.4.1,view,605,4213,5351,1800009225,1800009830,1
logs-row-0000124,log-0000124,log-0000124,user-00124,phone,iOS,2.4.0,logout,626,4244,5388,1800009300,1800009926,1
logs-row-0000125,log-0000125,log-0000125,user-00125,laptop,iOS,2.5.1,login,647,4275,5425,1800009375,1800010022,1
logs-row-0000126,log-0000126,log-0000126,user-00126,desktop,iOS,2.5.0,purchase,666,4306,5462,1800009450,1800010116,1
logs-row-0000127,log-0000127,log-0000127,user-00127,tablet,iOS,2.4.1,login_failed,45,4337,5499,1800009525,1800009570,0
logs-row-0000128,log-0000128,log-0000128,user-00128,phone,iOS,2.4.0,view,699,4368,5536,1800009600,1800010299,1
logs-row-0000129,log-0000129,log-0000129,user-00129,laptop,iOS,2.5.1,logout,716,4399,5573,1800009675,1800010391,1
logs-row-0000130,log-0000130,log-0000130,user-00130,desktop,iOS,2.5.0,login,740,4430,5610,1800009750,1800010490,1
logs-row-0000131,log-0000131,log-0000131,user-00131,tablet,iOS,2.4.1,purchase,755,4461,5647,1800009825,1800010580,1
logs-row-0000132,log-0000132,log-0000132,user-00132,phone,iOS,2.4.0,login_failed,45,4492,5684,1800009900,1800009945,0
logs-row-0000133,log-0000133,log-0000133,user-00133,laptop,iOS,2.5.1,view,792,4523,5721,1800009975,1800010767,1
logs-row-0000134,log-0000134,log-0000134,user-00134,desktop,iOS,2.5.0,logout,812,4554,5758,1800010050,1800010862,1
logs-row-0000135,log-0000135,log-0000135,user-00135,tablet,iOS,2.4.1,login,833,4585,5795,1800010125,1800010958,1
logs-row-0000136,log-0000136,log-0000136,user-00136,phone,iOS,2.4.0,purchase,855,4616,5832,1800010200,1800011055,1
logs-row-0000137,log-0000137,log-0000137,user-00137,laptop,iOS,2.5.1,login_failed,45,4647,5869,1800010275,1800010320,0
logs-row-0000138,log-0000138,log-0000138,user-00138,desktop,iOS,2.5.0,view,888,4678,5906,1800010350,1800011238,1
logs-row-0000139,log-0000139,log-0000139,user-00139,tablet,iOS,2.4.1,logout,907,4709,5943,1800010425,1800011332,1
logs-row-0000140,log-0000140,log-0000140,user-00140,phone,iOS,2.4.0,login,930,4740,5980,1800010500,1800011430,1
logs-row-0000141,log-0000141,log-0000141,user-00141,laptop,iOS,2.5.1,purchase,950,4771,6017,1800010575,1800011525,1
logs-row-0000142,log-0000142,log-0000142,user-00142,desktop,iOS,2.5.0,login_failed,45,4802,6054,1800010650,1800010695,0
logs-row-0000143,log-0000143,log-0000143,user-00143,tablet,iOS,2.4.1,view,86,4833,6091,1800010725,1800010811,1
logs-row-0000144,log-0000144,log-0000144,user-00144,phone,iOS,2.4.0,logout,102,4864,6128,1800010800,1800010902,1
logs-row-0000145,log-0000145,log-0000145,user-00145,laptop,iOS,2.5.1,login,123,4895,6165,1800010875,1800010998,1
logs-row-0000146,log-0000146,log-0000146,user-00146,desktop,iOS,2.5.0,purchase,139,4926,6202,1800010950,1800011089,1
logs-row-0000147,log-0000147,log-0000147,user-00147,tablet,iOS,2.4.1,login_failed,45,4957,6239,1800011025,1800011070,0
logs-row-0000148,log-0000148,log-0000148,user-00148,phone,iOS,2.4.0,view,180,4988,6276,1800011100,1800011280,1
logs-row-0000149,log-0000149,log-0000149,user-00149,laptop,iOS,2.5.1,logout,200,5019,6313,1800011175,1800011375,1
logs-row-0000150,log-0000150,log-0000150,user-00150,desktop,iOS,2.5.0,login,218,5050,6350,1800011250,1800011468,1
logs-row-0000151,log-0000151,log-0000151,user-00151,tablet,iOS,2.4.1,purchase,240,5081,6387,1800011325,1800011565,1
logs-row-0000152,log-0000152,log-0000152,user-00152,phone,iOS,2.4.0,login_failed,45,5112,6424,1800011400,1800011445,0
logs-row-0000153,log-0000153,log-0000153,user-00153,laptop,iOS,2.5.1,view,277,5143,6461,1800011475,1800011752,1
logs-row-0000154,log-0000154,log-0000154,user-00154,desktop,iOS,2.5.0,logout,291,5174,6498,1800011550,1800011841,1
logs-row-0000155,log-0000155,log-0000155,user-00155,tablet,iOS,2.4.1,login,312,5205,6535,1800011625,1800011937,1
logs-row-0000156,log-0000156,log-0000156,user-00156,phone,iOS,2.4.0,purchase,334,5236,6572,1800011700,1800012034,1
logs-row-0000157,log-0000157,log-0000157,user-00157,laptop,iOS,2.5.1,login_failed,45,5267,6609,1800011775,1800011820,0
logs-row-0000158,log-0000158,log-0000158,user-00158,desktop,iOS,2.5.0,view,367,5298,6646,1800011850,1800012217,1
logs-row-0000159,log-0000159,log-0000159,user-00159,tablet,iOS,2.4.1,logout,393,5329,6683,1800011925,1800012318,1
logs-row-0000160,log-0000160,log-0000160,user-00160,phone,iOS,2.4.0,login,410,5360,6720,1800012000,1800012410,1
logs-row-0000161,log-0000161,log-0000161,user-00161,laptop,iOS,2.5.1,purchase,426,5391,6757,1800012075,1800012501,1
logs-row-0000162,log-0000162,log-0000162,user-00162,desktop,iOS,2.5.0,login_failed,45,422,6794,1800012150,1800012195,0
logs-row-0000163,log-0000163,log-0000163,user-00163,tablet,iOS,2.4.1,view,462,453,6831,1800012225,1800012687,1
logs-row-0000164,log-0000164,log-0000164,user-00164,phone,iOS,2.4.0,logout,487,484,6868,1800012300,1800012787,1
logs-row-0000165,log-0000165,log-0000165,user-00165,laptop,iOS,2.5.1,login,506,515,6905,1800012375,1800012881,1
logs-row-0000166,log-0000166,log-0000166,user-00166,desktop,iOS,2.5.0,purchase,522,546,6942,1800012450,1800012972,1
logs-row-0000167,log-0000167,log-0000167,user-00167,tablet,iOS,2.4.1,login_failed,45,577,6979,1800012525,1800012570,0
logs-row-0000168,log-0000168,log-0000168,user-00168,phone,iOS,2.4.0,view,563,608,7016,1800012600,1800013163,1
logs-row-0000169,log-0000169,log-0000169,user-00169,laptop,iOS,2.5.1,logout,582,639,7053,1800012675,1800013257,1
logs-row-0000170,log-0000170,log-0000170,user-00170,desktop,iOS,2.5.0,login,596,670,7090,1800012750,1800013346,1
logs-row-0000171,log-0000171,log-0000171,user-00171,tablet,iOS,2.4.1,purchase,620,701,7127,1800012825,1800013445,1
logs-row-0000172,log-0000172,log-0000172,user-00172,phone,iOS,2.4.0,login_failed,45,732,7164,1800012900,1800012945,0
logs-row-0000173,log-0000173,log-0000173,user-00173,laptop,iOS,2.5.1,view,659,763,7201,1800012975,1800013634,1
logs-row-0000174,log-0000174,log-0000174,user-00174,desktop,iOS,2.5.0,logout,677,794,7238,1800013050,1800013727,1
logs-row-0000175,log-0000175,log-0000175,user-00175,tablet,iOS,2.4.1,login,693,825,7275,1800013125,1800013818,1
logs-row-0000176,log-0000176,log-0000176,user-00176,phone,iOS,2.4.0,purchase,716,856,7312,1800013200,1800013916,1
logs-row-0000177,log-0000177,log-0000177,user-00177,laptop,iOS,2.5.1,login_failed,45,887,7349,1800013275,1800013320,0
logs-row-0000178,log-0000178,log-0000178,user-00178,desktop,iOS,2.5.0,view,750,918,7386,1800013350,1800014100,1
logs-row-0000179,log-0000179,log-0000179,user-00179,tablet,iOS,2.4.1,logout,766,949,7423,1800013425,1800014191,1
logs-row-0000180,log-0000180,log-0000180,user-00180,phone,iOS,2.4.0,login,786,980,7460,1800013500,1800014286,1
logs-row-0000181,log-0000181,log-0000181,user-00181,laptop,iOS,2.5.1,purchase,810,1011,7497,1800013575,1800014385,1
logs-row-0000182,log-0000182,log-0000182,user-00182,desktop,iOS,2.5.0,login_failed,45,1042,7534,1800013650,1800013695,0
logs-row-0000183,log-0000183,log-0000183,user-00183,tablet,iOS,2.4.1,view,849,1073,7571,1800013725,1800014574,1
logs-row-0000184,log-0000184,log-0000184,user-00184,phone,iOS,2.4.0,logout,861,1104,7608,1800013800,1800014661,1
logs-row-0000185,log-0000185,log-0000185,user-00185,laptop,iOS,2.5.1,login,887,1135,7645,1800013875,1800014762,1
logs-row-0000186,log-0000186,log-0000186,user-00186,desktop,iOS,2.5.0,purchase,905,1166,7682,1800013950,1800014855,1
logs-row-0000187,log-0000187,log-0000187,user-00187,tablet,iOS,2.4.1,login_failed,45,1197,7719,1800014025,1800014070,0
logs-row-0000188,log-0000188,log-0000188,user-00188,phone,iOS,2.4.0,view,937,1228,7756,1800014100,1800015037,1
logs-row-0000189,log-0000189,log-0000189,user-00189,laptop,iOS,2.5.1,logout,961,1259,7793,1800014175,1800015136,1
logs-row-0000190,log-0000190,log-0000190,user-00190,desktop,iOS,2.5.0,login,81,1290,7830,1800014250,1800014331,1
logs-row-0000191,log-0000191,log-0000191,user-00191,tablet,iOS,2.4.1,purchase,94,1321,7867,1800014325,1800014419,1
logs-row-0000192,log-0000192,log-0000192,user-00192,phone,iOS,2.4.0,login_failed,45,1352,7904,1800014400,1800014445,0
logs-row-0000193,log-0000193,log-0000193,user-00193,laptop,iOS,2.5.1,view,132,1383,7941,1800014475,1800014607,1
logs-row-0000194,log-0000194,log-0000194,user-00194,desktop,iOS,2.5.0,logout,151,1414,7978,1800014550,1800014701,1
logs-row-0000195,log-0000195,log-0000195,user-00195,tablet,iOS,2.4.1,login,171,1445,8015,1800014625,1800014796,1
logs-row-0000196,log-0000196,log-0000196,user-00196,phone,iOS,2.4.0,purchase,192,1476,8052,1800014700,1800014892,1
logs-row-0000197,log-0000197,log-0000197,user-00197,laptop,iOS,2.5.1,login_failed,45,1507,8089,1800014775,1800014820,0
logs-row-0000198,log-0000198,log-0000198,user-00198,desktop,iOS,2.5.0,view,231,1538,8126,1800014850,1800015081,1
logs-row-0000199,log-0000199,log-0000199,user-00199,tablet,iOS,2.4.1,logout,249,1569,8163,1800014925,1800015174,1
logs-row-0000200,log-0000200,log-0000200,user-00000,phone,iOS,2.4.0,login,268,1600,8200,1800015000,1800015268,1
logs-row-0000201,log-0000201,log-0000201,user-00001,laptop,iOS,2.5.1,purchase,289,1631,8237,1800015075,1800015364,1
logs-row-0000202,log-0000202,log-0000202,user-00002,desktop,iOS,2.5.0,login_failed,45,1662,8274,1800015150,1800015195,0
logs-row-0000203,log-0000203,log-0000203,user-00003,tablet,iOS,2.4.1,view,323,1693,8311,1800015225,1800015548,1
logs-row-0000204,log-0000204,log-0000204,user-00004,phone,iOS,2.4.0,logout,344,1724,8348,1800015300,1800015644,1
logs-row-0000205,log-0000205,log-0000205,user-00005,laptop,iOS,2.5.1,login,360,1755,8385,1800015375,1800015735,1
logs-row-0000206,log-0000206,log-0000206,user-00006,desktop,iOS,2.5.0,purchase,380,1786,8422,1800015450,1800015830,1
logs-row-0000207,log-0000207,log-0000207,user-00007,tablet,iOS,2.4.1,login_failed,45,1817,8459,1800015525,1800015570,0
logs-row-0000208,log-0000208,log-0000208,user-00008,phone,iOS,2.4.0,view,419,1848,8496,1800015600,1800016019,1
logs-row-0000209,log-0000209,log-0000209,user-00009,laptop,iOS,2.5.1,logout,443,1879,8533,1800015675,1800016118,1
logs-row-0000210,log-0000210,log-0000210,user-00010,desktop,iOS,2.5.0,login,458,1910,8570,1800015750,1800016208,1
logs-row-0000211,log-0000211,log-0000211,user-00011,tablet,iOS,2.4.1,purchase,475,1941,8607,1800015825,1800016300,1
logs-row-0000212,log-0000212,log-0000212,user-00012,phone,iOS,2.4.0,login_failed,45,1972,8644,1800015900,1800015945,0
logs-row-0000213,log-0000213,log-0000213,user-00013,laptop,iOS,2.5.1,view,512,2003,8681,1800015975,1800016487,1
logs-row-0000214,log-0000214,log-0000214,user-00014,desktop,iOS,2.5.0,logout,531,2034,8718,1800016050,1800016581,1
logs-row-0000215,log-0000215,log-0000215,user-00015,tablet,iOS,2.4.1,login,555,2065,8755,1800016125,1800016680,1
logs-row-0000216,log-0000216,log-0000216,user-00016,phone,iOS,2.4.0,purchase,576,2096,8792,1800016200,1800016776,1
logs-row-0000217,log-0000217,log-0000217,user-00017,laptop,iOS,2.5.1,login_failed,45,2127,8829,1800016275,1800016320,0
logs-row-0000218,log-0000218,log-0000218,user-00018,desktop,iOS,2.5.0,view,610,2158,8866,1800016350,1800016960,1
logs-row-0000219,log-0000219,log-0000219,user-00019,tablet,iOS,2.4.1,logout,629,2189,8903,1800016425,1800017054,1
logs-row-0000220,log-0000220,log-0000220,user-00020,phone,iOS,2.4.0,login,652,2220,8940,1800016500,1800017152,1
logs-row-0000221,log-0000221,log-0000221,user-00021,laptop,iOS,2.5.1,purchase,671,2251,8977,1800016575,1800017246,1
logs-row-0000222,log-0000222,log-0000222,user-00022,desktop,iOS,2.5.0,login_failed,45,2282,9014,1800016650,1800016695,0
logs-row-0000223,log-0000223,log-0000223,user-00023,tablet,iOS,2.4.1,view,702,2313,9051,1800016725,1800017427,1
logs-row-0000224,log-0000224,log-0000224,user-00024,phone,iOS,2.4.0,logout,728,2344,9088,1800016800,1800017528,1
logs-row-0000225,log-0000225,log-0000225,user-00025,laptop,iOS,2.5.1,login,747,2375,9125,1800016875,1800017622,1
logs-row-0000226,log-0000226,log-0000226,user-00026,desktop,iOS,2.5.0,purchase,765,2406,9162,1800016950,1800017715,1
logs-row-0000227,log-0000227,log-0000227,user-00027,tablet,iOS,2.4.1,login_failed,45,2437,9199,1800017025,1800017070,0
logs-row-0000228,log-0000228,log-0000228,user-00028,phone,iOS,2.4.0,view,804,2468,9236,1800017100,1800017904,1
logs-row-0000229,log-0000229,log-0000229,user-00029,laptop,iOS,2.5.1,logout,821,2499,9273,1800017175,1800017996,1
logs-row-0000230,log-0000230,log-0000230,user-00030,desktop,iOS,2.5.0,login,836,2530,9310,1800017250,1800018086,1
logs-row-0000231,log-0000231,log-0000231,user-00031,tablet,iOS,2.4.1,purchase,857,2561,9347,1800017325,1800018182,1
logs-row-0000232,log-0000232,log-0000232,user-00032,phone,iOS,2.4.0,login_failed,45,2592,9384,1800017400,1800017445,0
logs-row-0000233,log-0000233,log-0000233,user-00033,laptop,iOS,2.5.1,view,899,2623,9421,1800017475,1800018374,1
logs-row-0000234,log-0000234,log-0000234,user-00034,desktop,iOS,2.5.0,logout,913,2654,9458,1800017550,1800018463,1
logs-row-0000235,log-0000235,log-0000235,user-00035,tablet,iOS,2.4.1,login,932,2685,9495,1800017625,1800018557,1
logs-row-0000236,log-0000236,log-0000236,user-00036,phone,iOS,2.4.0,purchase,954,2716,9532,1800017700,1800018654,1
logs-row-0000237,log-0000237,log-0000237,user-00037,laptop,iOS,2.5.1,login_failed,11,2747,9569,1800017775,1800017786,0
logs-row-0000238,log-0000238,log-0000238,user-00038,desktop,iOS,2.5.0,view,87,2778,9606,1800017850,1800017937,1
logs-row-0000239,log-0000239,log-0000239,user-00039,tablet,iOS,2.4.1,logout,106,2809,9643,1800017925,1800018031,1
logs-row-0000240,log-0000240,log-0000240,user-00040,phone,iOS,2.4.0,login,125,2840,9680,1800018000,1800018125,1
logs-row-0000241,log-0000241,log-0000241,user-00041,laptop,iOS,2.5.1,purchase,151,2871,9717,1800018075,1800018226,1
logs-row-0000242,log-0000242,log-0000242,user-00042,desktop,iOS,2.5.0,login_failed,45,2902,9754,1800018150,1800018195,0
logs-row-0000243,log-0000243,log-0000243,user-00043,tablet,iOS,2.4.1,view,187,2933,9791,1800018225,1800018412,1
logs-row-0000244,log-0000244,log-0000244,user-00044,phone,iOS,2.4.0,logout,208,2964,9828,1800018300,1800018508,1
logs-row-0000245,log-0000245,log-0000245,user-00045,laptop,iOS,2.5.1,login,226,2995,9865,1800018375,1800018601,1
logs-row-0000246,log-0000246,log-0000246,user-00046,desktop,iOS,2.5.0,purchase,245,3026,9902,1800018450,1800018695,1
logs-row-0000247,log-0000247,log-0000247,user-00047,tablet,iOS,2.4.1,login_failed,45,3057,9939,1800018525,1800018570,0
logs-row-0000248,log-0000248,log-0000248,user-00048,phone,iOS,2.4.0,view,283,3088,9976,1800018600,1800018883,1
logs-row-0000249,log-0000249,log-0000249,user-00049,laptop,iOS,2.5.1,logout,302,3119,10013,1800018675,1800018977,1
logs-row-0000250,log-0000250,log-0000250,user-00050,desktop,iOS,2.5.0,login,315,3150,10050,1800018750,1800019065,1
logs-row-0000251,log-0000251,log-0000251,user-00051,tablet,iOS,2.4.1,purchase,337,3181,10087,1800018825,1800019162,1
logs-row-0000252,log-0000252,log-0000252,user-00052,phone,iOS,2.4.0,login_failed,45,3212,10124,1800018900,1800018945,0
logs-row-0000253,log-0000253,log-0000253,user-00053,laptop,iOS,2.5.1,view,377,3243,10161,1800018975,1800019352,1
logs-row-0000254,log-0000254,log-0000254,user-00054,desktop,iOS,2.5.0,logout,397,3274,10198,1800019050,1800019447,1
logs-row-0000255,log-0000255,log-0000255,user-00055,tablet,iOS,2.4.1,login,414,3305,10235,1800019125,1800019539,1
logs-row-0000256,log-0000256,log-0000256,user-00056,phone,iOS,2.4.0,purchase,432,3336,10272,1800019200,1800019632,1
logs-row-0000257,log-0000257,log-0000257,user-00057,laptop,iOS,2.5.1,login_failed,45,3367,10309,1800019275,1800019320,0
logs-row-0000258,log-0000258,log-0000258,user-00058,desktop,iOS,2.5.0,view,467,3398,10346,1800019350,1800019817,1
logs-row-0000259,log-0000259,log-0000259,user-00059,tablet,iOS,2.4.1,logout,490,3429,10383,1800019425,1800019915,1
logs-row-0000260,log-0000260,log-0000260,user-00060,phone,iOS,2.4.0,login,506,3460,10420,1800019500,1800020006,1
logs-row-0000261,log-0000261,log-0000261,user-00061,laptop,iOS,2.5.1,purchase,526,3491,10457,1800019575,1800020101,1
logs-row-0000262,log-0000262,log-0000262,user-00062,desktop,iOS,2.5.0,login_failed,45,3522,10494,1800019650,1800019695,0
logs-row-0000263,log-0000263,log-0000263,user-00063,tablet,iOS,2.4.1,view,565,3553,10531,1800019725,1800020290,1
logs-row-0000264,log-0000264,log-0000264,user-00064,phone,iOS,2.4.0,logout,586,3584,10568,1800019800,1800020386,1
logs-row-0000265,log-0000265,log-0000265,user-00065,laptop,iOS,2.5.1,login,607,3615,10605,1800019875,1800020482,1
logs-row-0000266,log-0000266,log-0000266,user-00066,desktop,iOS,2.5.0,purchase,622,3646,10642,1800019950,1800020572,1
logs-row-0000267,log-0000267,log-0000267,user-00067,tablet,iOS,2.4.1,login_failed,45,3677,10679,1800020025,1800020070,0
logs-row-0000268,log-0000268,log-0000268,user-00068,phone,iOS,2.4.0,view,658,3708,10716,1800020100,1800020758,1
logs-row-0000269,log-0000269,log-0000269,user-00069,laptop,iOS,2.5.1,logout,677,3739,10753,1800020175,1800020852,1
logs-row-0000270,log-0000270,log-0000270,user-00070,desktop,iOS,2.5.0,login,698,3770,10790,1800020250,1800020948,1
logs-row-0000271,log-0000271,log-0000271,user-00071,tablet,iOS,2.4.1,purchase,721,3801,10827,1800020325,1800021046,1
logs-row-0000272,log-0000272,log-0000272,user-00072,phone,iOS,2.4.0,login_failed,45,3832,10864,1800020400,1800020445,0
logs-row-0000273,log-0000273,log-0000273,user-00073,laptop,iOS,2.5.1,view,756,3863,10901,1800020475,1800021231,1
logs-row-0000274,log-0000274,log-0000274,user-00074,desktop,iOS,2.5.0,logout,774,3894,10938,1800020550,1800021324,1
logs-row-0000275,log-0000275,log-0000275,user-00075,tablet,iOS,2.4.1,login,791,3925,10975,1800020625,1800021416,1
logs-row-0000276,log-0000276,log-0000276,user-00076,phone,iOS,2.4.0,purchase,813,3956,11012,1800020700,1800021513,1
logs-row-0000277,log-0000277,log-0000277,user-00077,laptop,iOS,2.5.1,login_failed,45,3987,11049,1800020775,1800020820,0
logs-row-0000278,log-0000278,log-0000278,user-00078,desktop,iOS,2.5.0,view,849,4018,11086,1800020850,1800021699,1
logs-row-0000279,log-0000279,log-0000279,user-00079,tablet,iOS,2.4.1,logout,872,4049,11123,1800020925,1800021797,1
logs-row-0000280,log-0000280,log-0000280,user-00080,phone,iOS,2.4.0,login,889,4080,11160,1800021000,1800021889,1
logs-row-0000281,log-0000281,log-0000281,user-00081,laptop,iOS,2.5.1,purchase,908,4111,11197,1800021075,1800021983,1
logs-row-0000282,log-0000282,log-0000282,user-00082,desktop,iOS,2.5.0,login_failed,45,4142,11234,1800021150,1800021195,0
logs-row-0000283,log-0000283,log-0000283,user-00083,tablet,iOS,2.4.1,view,942,4173,11271,1800021225,1800022167,1
logs-row-0000284,log-0000284,log-0000284,user-00084,phone,iOS,2.4.0,logout,67,4204,11308,1800021300,1800021367,1
logs-row-0000285,log-0000285,log-0000285,user-00085,laptop,iOS,2.5.1,login,84,4235,11345,1800021375,1800021459,1
logs-row-0000286,log-0000286,log-0000286,user-00086,desktop,iOS,2.5.0,purchase,99,4266,11382,1800021450,1800021549,1
logs-row-0000287,log-0000287,log-0000287,user-00087,tablet,iOS,2.4.1,login_failed,45,4297,11419,1800021525,1800021570,0
logs-row-0000288,log-0000288,log-0000288,user-00088,phone,iOS,2.4.0,view,137,4328,11456,1800021600,1800021737,1
logs-row-0000289,log-0000289,log-0000289,user-00089,laptop,iOS,2.5.1,logout,157,4359,11493,1800021675,1800021832,1
logs-row-0000290,log-0000290,log-0000290,user-00090,desktop,iOS,2.5.0,login,180,4390,11530,1800021750,1800021930,1
logs-row-0000291,log-0000291,log-0000291,user-00091,tablet,iOS,2.4.1,purchase,200,4421,11567,1800021825,1800022025,1
logs-row-0000292,log-0000292,log-0000292,user-00092,phone,iOS,2.4.0,login_failed,45,4452,11604,1800021900,1800021945,0
logs-row-0000293,log-0000293,log-0000293,user-00093,laptop,iOS,2.5.1,view,239,4483,11641,1800021975,1800022214,1
logs-row-0000294,log-0000294,log-0000294,user-00094,desktop,iOS,2.5.0,logout,256,4514,11678,1800022050,1800022306,1
logs-row-0000295,log-0000295,log-0000295,user-00095,tablet,iOS,2.4.1,login,275,4545,11715,1800022125,1800022400,1
logs-row-0000296,log-0000296,log-0000296,user-00096,phone,iOS,2.4.0,purchase,293,4576,11752,1800022200,1800022493,1
logs-row-0000297,log-0000297,log-0000297,user-00097,laptop,iOS,2.5.1,login_failed,45,4607,11789,1800022275,1800022320,0
logs-row-0000298,log-0000298,log-0000298,user-00098,desktop,iOS,2.5.0,view,328,4638,11826,1800022350,1800022678,1
logs-row-0000299,log-0000299,log-0000299,user-00099,tablet,iOS,2.4.1,logout,350,4669,11863,1800022425,1800022775,1
logs-row-0000300,log-0000300,log-0000300,user-00100,phone,iOS,2.4.0,login,370,4700,11900,1800022500,1800022870,1
logs-row-0000301,log-0000301,log-0000301,user-00101,laptop,iOS,2.5.1,purchase,386,4731,11937,1800022575,1800022961,1
logs-row-0000302,log-0000302,log-0000302,user-00102,desktop,iOS,2.5.0,login_failed,45,4762,11974,1800022650,1800022695,0
logs-row-0000303,log-0000303,log-0000303,user-00103,tablet,iOS,2.4.1,view,427,4793,12011,1800022725,1800023152,1
logs-row-0000304,log-0000304,log-0000304,user-00104,phone,iOS,2.4.0,logout,444,4824,12048,1800022800,1800023244,1
logs-row-0000305,log-0000305,log-0000305,user-00105,laptop,iOS,2.5.1,login,464,4855,12085,1800022875,1800023339,1
logs-row-0000306,log-0000306,log-0000306,user-00106,desktop,iOS,2.5.0,purchase,481,4886,12122,1800022950,1800023431,1
logs-row-0000307,log-0000307,log-0000307,user-00107,tablet,iOS,2.4.1,login_failed,45,4917,12159,1800023025,1800023070,0
logs-row-0000308,log-0000308,log-0000308,user-00108,phone,iOS,2.4.0,view,520,4948,12196,1800023100,1800023620,1
logs-row-0000309,log-0000309,log-0000309,user-00109,laptop,iOS,2.5.1,logout,536,4979,12233,1800023175,1800023711,1
logs-row-0000310,log-0000310,log-0000310,user-00110,desktop,iOS,2.5.0,login,562,5010,12270,1800023250,1800023812,1
logs-row-0000311,log-0000311,log-0000311,user-00111,tablet,iOS,2.4.1,purchase,577,5041,12307,1800023325,1800023902,1
logs-row-0000312,log-0000312,log-0000312,user-00112,phone,iOS,2.4.0,login_failed,45,5072,12344,1800023400,1800023445,0
logs-row-0000313,log-0000313,log-0000313,user-00113,laptop,iOS,2.5.1,view,615,5103,12381,1800023475,1800024090,1
logs-row-0000314,log-0000314,log-0000314,user-00114,desktop,iOS,2.5.0,logout,636,5134,12418,1800023550,1800024186,1
logs-row-0000315,log-0000315,log-0000315,user-00115,tablet,iOS,2.4.1,login,654,5165,12455,1800023625,1800024279,1
logs-row-0000316,log-0000316,log-0000316,user-00116,phone,iOS,2.4.0,purchase,670,5196,12492,1800023700,1800024370,1
logs-row-0000317,log-0000317,log-0000317,user-00117,laptop,iOS,2.5.1,login_failed,45,5227,12529,1800023775,1800023820,0
logs-row-0000318,log-0000318,log-0000318,user-00118,desktop,iOS,2.5.0,view,709,5258,12566,1800023850,1800024559,1
logs-row-0000319,log-0000319,log-0000319,user-00119,tablet,iOS,2.4.1,logout,733,5289,12603,1800023925,1800024658,1
logs-row-0000320,log-0000320,log-0000320,user-00120,phone,iOS,2.4.0,login,748,5320,12640,1800024000,1800024748,1
logs-row-0000321,log-0000321,log-0000321,user-00121,laptop,iOS,2.5.1,purchase,770,5351,12677,1800024075,1800024845,1
logs-row-0000322,log-0000322,log-0000322,user-00122,desktop,iOS,2.5.0,login_failed,45,5382,12714,1800024150,1800024195,0
logs-row-0000323,log-0000323,log-0000323,user-00123,tablet,iOS,2.4.1,view,806,413,12751,1800024225,1800025031,1
logs-row-0000324,log-0000324,log-0000324,user-00124,phone,iOS,2.4.0,logout,825,444,12788,1800024300,1800025125,1
logs-row-0000325,log-0000325,log-0000325,user-00125,laptop,iOS,2.5.1,login,841,475,825,1800024375,1800025216,1
logs-row-0000326,log-0000326,log-0000326,user-00126,desktop,iOS,2.5.0,purchase,860,506,862,1800024450,1800025310,1
logs-row-0000327,log-0000327,log-0000327,user-00127,tablet,iOS,2.4.1,login_failed,45,537,899,1800024525,1800024570,0
logs-row-0000328,log-0000328,log-0000328,user-00128,phone,iOS,2.4.0,view,898,568,936,1800024600,1800025498,1
logs-row-0000329,log-0000329,log-0000329,user-00129,laptop,iOS,2.5.1,logout,916,599,973,1800024675,1800025591,1
logs-row-0000330,log-0000330,log-0000330,user-00130,desktop,iOS,2.5.0,login,941,630,1010,1800024750,1800025691,1
logs-row-0000331,log-0000331,log-0000331,user-00131,tablet,iOS,2.4.1,purchase,955,661,1047,1800024825,1800025780,1
logs-row-0000332,log-0000332,log-0000332,user-00132,phone,iOS,2.4.0,login_failed,14,692,1084,1800024900,1800024914,0
logs-row-0000333,log-0000333,log-0000333,user-00133,laptop,iOS,2.5.1,view,96,723,1121,1800024975,1800025071,1
logs-row-0000334,log-0000334,log-0000334,user-00134,desktop,iOS,2.5.0,logout,116,754,1158,1800025050,1800025166,1
logs-row-0000335,log-0000335,log-0000335,user-00135,tablet,iOS,2.4.1,login,133,785,1195,1800025125,1800025258,1
logs-row-0000336,log-0000336,log-0000336,user-00136,phone,iOS,2.4.0,purchase,149,816,1232,1800025200,1800025349,1
logs-row-0000337,log-0000337,log-0000337,user-00137,laptop,iOS,2.5.1,login_failed,45,847,1269,1800025275,1800025320,0
logs-row-0000338,log-0000338,log-0000338,user-00138,desktop,iOS,2.5.0,view,187,878,1306,1800025350,1800025537,1
logs-row-0000339,log-0000339,log-0000339,user-00139,tablet,iOS,2.4.1,logout,211,909,1343,1800025425,1800025636,1
logs-row-0000340,log-0000340,log-0000340,user-00140,phone,iOS,2.4.0,login,229,940,1380,1800025500,1800025729,1
logs-row-0000341,log-0000341,log-0000341,user-00141,laptop,iOS,2.5.1,purchase,247,971,1417,1800025575,1800025822,1
logs-row-0000342,log-0000342,log-0000342,user-00142,desktop,iOS,2.5.0,login_failed,45,1002,1454,1800025650,1800025695,0
logs-row-0000343,log-0000343,log-0000343,user-00143,tablet,iOS,2.4.1,view,287,1033,1491,1800025725,1800026012,1
logs-row-0000344,log-0000344,log-0000344,user-00144,phone,iOS,2.4.0,logout,303,1064,1528,1800025800,1800026103,1
logs-row-0000345,log-0000345,log-0000345,user-00145,laptop,iOS,2.5.1,login,324,1095,1565,1800025875,1800026199,1
logs-row-0000346,log-0000346,log-0000346,user-00146,desktop,iOS,2.5.0,purchase,339,1126,1602,1800025950,1800026289,1
logs-row-0000347,log-0000347,log-0000347,user-00147,tablet,iOS,2.4.1,login_failed,45,1157,1639,1800026025,1800026070,0
logs-row-0000348,log-0000348,log-0000348,user-00148,phone,iOS,2.4.0,view,381,1188,1676,1800026100,1800026481,1
logs-row-0000349,log-0000349,log-0000349,user-00149,laptop,iOS,2.5.1,logout,398,1219,1713,1800026175,1800026573,1
logs-row-0000350,log-0000350,log-0000350,user-00150,desktop,iOS,2.5.0,login,421,1250,1750,1800026250,1800026671,1
logs-row-0000351,log-0000351,log-0000351,user-00151,tablet,iOS,2.4.1,purchase,437,1281,1787,1800026325,1800026762,1
logs-row-0000352,log-0000352,log-0000352,user-00152,phone,iOS,2.4.0,login_failed,45,1312,1824,1800026400,1800026445,0
logs-row-0000353,log-0000353,log-0000353,user-00153,laptop,iOS,2.5.1,view,472,1343,1861,1800026475,1800026947,1
logs-row-0000354,log-0000354,log-0000354,user-00154,desktop,iOS,2.5.0,logout,495,1374,1898,1800026550,1800027045,1
logs-row-0000355,log-0000355,log-0000355,user-00155,tablet,iOS,2.4.1,login,517,1405,1935,1800026625,1800027142,1
logs-row-0000356,log-0000356,log-0000356,user-00156,phone,iOS,2.4.0,purchase,536,1436,1972,1800026700,1800027236,1
logs-row-0000357,log-0000357,log-0000357,user-00157,laptop,iOS,2.5.1,login_failed,45,1467,2009,1800026775,1800026820,0
logs-row-0000358,log-0000358,log-0000358,user-00158,desktop,iOS,2.5.0,view,573,1498,2046,1800026850,1800027423,1
logs-row-0000359,log-0000359,log-0000359,user-00159,tablet,iOS,2.4.1,logout,591,1529,2083,1800026925,1800027516,1
logs-row-0000360,log-0000360,log-0000360,user-00160,phone,iOS,2.4.0,login,612,1560,2120,1800027000,1800027612,1
logs-row-0000361,log-0000361,log-0000361,user-00161,laptop,iOS,2.5.1,purchase,629,1591,2157,1800027075,1800027704,1
logs-row-0000362,log-0000362,log-0000362,user-00162,desktop,iOS,2.5.0,login_failed,45,1622,2194,1800027150,1800027195,0
logs-row-0000363,log-0000363,log-0000363,user-00163,tablet,iOS,2.4.1,view,669,1653,2231,1800027225,1800027894,1
logs-row-0000364,log-0000364,log-0000364,user-00164,phone,iOS,2.4.0,logout,683,1684,2268,1800027300,1800027983,1
logs-row-0000365,log-0000365,log-0000365,user-00165,laptop,iOS,2.5.1,login,704,1715,2305,1800027375,1800028079,1
logs-row-0000366,log-0000366,log-0000366,user-00166,desktop,iOS,2.5.0,purchase,726,1746,2342,1800027450,1800028176,1
logs-row-0000367,log-0000367,log-0000367,user-00167,tablet,iOS,2.4.1,login_failed,45,1777,2379,1800027525,1800027570,0
logs-row-0000368,log-0000368,log-0000368,user-00168,phone,iOS,2.4.0,view,761,1808,2416,1800027600,1800028361,1
logs-row-0000369,log-0000369,log-0000369,user-00169,laptop,iOS,2.5.1,logout,783,1839,2453,1800027675,1800028458,1
logs-row-0000370,log-0000370,log-0000370,user-00170,desktop,iOS,2.5.0,login,795,1870,2490,1800027750,1800028545,1
logs-row-0000371,log-0000371,log-0000371,user-00171,tablet,iOS,2.4.1,purchase,820,1901,2527,1800027825,1800028645,1
logs-row-0000372,log-0000372,log-0000372,user-00172,phone,iOS,2.4.0,login_failed,45,1932,2564,1800027900,1800027945,0
logs-row-0000373,log-0000373,log-0000373,user-00173,laptop,iOS,2.5.1,view,853,1963,2601,1800027975,1800028828,1
logs-row-0000374,log-0000374,log-0000374,user-00174,desktop,iOS,2.5.0,logout,873,1994,2638,1800028050,1800028923,1
logs-row-0000375,log-0000375,log-0000375,user-00175,tablet,iOS,2.4.1,login,895,2025,2675,1800028125,1800029020,1
logs-row-0000376,log-0000376,log-0000376,user-00176,phone,iOS,2.4.0,purchase,912,2056,2712,1800028200,1800029112,1
logs-row-0000377,log-0000377,log-0000377,user-00177,laptop,iOS,2.5.1,login_failed,45,2087,2749,1800028275,1800028320,0
logs-row-0000378,log-0000378,log-0000378,user-00178,desktop,iOS,2.5.0,view,949,2118,2786,1800028350,1800029299,1
logs-row-0000379,log-0000379,log-0000379,user-00179,tablet,iOS,2.4.1,logout,68,2149,2823,1800028425,1800028493,1
logs-row-0000380,log-0000380,log-0000380,user-00180,phone,iOS,2.4.0,login,90,2180,2860,1800028500,1800028590,1
logs-row-0000381,log-0000381,log-0000381,user-00181,laptop,iOS,2.5.1,purchase,108,2211,2897,1800028575,1800028683,1
logs-row-0000382,log-0000382,log-0000382,user-00182,desktop,iOS,2.5.0,login_failed,45,2242,2934,1800028650,1800028695,0
logs-row-0000383,log-0000383,log-0000383,user-00183,tablet,iOS,2.4.1,view,143,2273,2971,1800028725,1800028868,1
logs-row-0000384,log-0000384,log-0000384,user-00184,phone,iOS,2.4.0,logout,167,2304,3008,1800028800,1800028967,1
logs-row-0000385,log-0000385,log-0000385,user-00185,laptop,iOS,2.5.1,login,185,2335,3045,1800028875,1800029060,1
logs-row-0000386,log-0000386,log-0000386,user-00186,desktop,iOS,2.5.0,purchase,201,2366,3082,1800028950,1800029151,1
logs-row-0000387,log-0000387,log-0000387,user-00187,tablet,iOS,2.4.1,login_failed,45,2397,3119,1800029025,1800029070,0
logs-row-0000388,log-0000388,log-0000388,user-00188,phone,iOS,2.4.0,view,244,2428,3156,1800029100,1800029344,1
logs-row-0000389,log-0000389,log-0000389,user-00189,laptop,iOS,2.5.1,logout,260,2459,3193,1800029175,1800029435,1
logs-row-0000390,log-0000390,log-0000390,user-00190,desktop,iOS,2.5.0,login,282,2490,3230,1800029250,1800029532,1
logs-row-0000391,log-0000391,log-0000391,user-00191,tablet,iOS,2.4.1,purchase,296,2521,3267,1800029325,1800029621,1
logs-row-0000392,log-0000392,log-0000392,user-00192,phone,iOS,2.4.0,login_failed,45,2552,3304,1800029400,1800029445,0
logs-row-0000393,log-0000393,log-0000393,user-00193,laptop,iOS,2.5.1,view,337,2583,3341,1800029475,1800029812,1
logs-row-0000394,log-0000394,log-0000394,user-00194,desktop,iOS,2.5.0,logout,353,2614,3378,1800029550,1800029903,1
logs-row-0000395,log-0000395,log-0000395,user-00195,tablet,iOS,2.4.1,login,370,2645,3415,1800029625,1800029995,1
logs-row-0000396,log-0000396,log-0000396,user-00196,phone,iOS,2.4.0,purchase,394,2676,3452,1800029700,1800030094,1
logs-row-0000397,log-0000397,log-0000397,user-00197,laptop,iOS,2.5.1,login_failed,45,2707,3489,1800029775,1800029820,0
logs-row-0000398,log-0000398,log-0000398,user-00198,desktop,iOS,2.5.0,view,427,2738,3526,1800029850,1800030277,1
logs-row-0000399,log-0000399,log-0000399,user-00199,tablet,iOS,2.4.1,logout,453,2769,3563,1800029925,1800030378,1
logs-row-0000400,log-0000400,log-0000400,user-00000,phone,iOS,2.4.0,login,470,2800,3600,1800030000,1800030470,1
logs-row-0000401,log-0000401,log-0000401,user-00001,laptop,iOS,2.5.1,purchase,485,2831,3637,1800030075,1800030560,1
logs-row-0000402,log-0000402,log-0000402,user-00002,desktop,iOS,2.5.0,login_failed,45,2862,3674,1800030150,1800030195,0
logs-row-0000403,log-0000403,log-0000403,user-00003,tablet,iOS,2.4.1,view,529,2893,3711,1800030225,1800030754,1
logs-row-0000404,log-0000404,log-0000404,user-00004,phone,iOS,2.4.0,logout,547,2924,3748,1800030300,1800030847,1
logs-row-0000405,log-0000405,log-0000405,user-00005,laptop,iOS,2.5.1,login,562,2955,3785,1800030375,1800030937,1
logs-row-0000406,log-0000406,log-0000406,user-00006,desktop,iOS,2.5.0,purchase,585,2986,3822,1800030450,1800031035,1
logs-row-0000407,log-0000407,log-0000407,user-00007,tablet,iOS,2.4.1,login_failed,45,3017,3859,1800030525,1800030570,0
logs-row-0000408,log-0000408,log-0000408,user-00008,phone,iOS,2.4.0,view,621,3048,3896,1800030600,1800031221,1
logs-row-0000409,log-0000409,log-0000409,user-00009,laptop,iOS,2.5.1,logout,643,3079,3933,1800030675,1800031318,1
logs-row-0000410,log-0000410,log-0000410,user-00010,desktop,iOS,2.5.0,login,662,3110,3970,1800030750,1800031412,1
logs-row-0000411,log-0000411,log-0000411,user-00011,tablet,iOS,2.4.1,purchase,678,3141,4007,1800030825,1800031503,1
logs-row-0000412,log-0000412,log-0000412,user-00012,phone,iOS,2.4.0,login_failed,45,3172,4044,1800030900,1800030945,0
logs-row-0000413,log-0000413,log-0000413,user-00013,laptop,iOS,2.5.1,view,715,3203,4081,1800030975,1800031690,1
logs-row-0000414,log-0000414,log-0000414,user-00014,desktop,iOS,2.5.0,logout,733,3234,4118,1800031050,1800031783,1
logs-row-0000415,log-0000415,log-0000415,user-00015,tablet,iOS,2.4.1,login,750,3265,4155,1800031125,1800031875,1
logs-row-0000416,log-0000416,log-0000416,user-00016,phone,iOS,2.4.0,purchase,770,3296,4192,1800031200,1800031970,1
logs-row-0000417,log-0000417,log-0000417,user-00017,laptop,iOS,2.5.1,login_failed,45,3327,4229,1800031275,1800031320,0
logs-row-0000418,log-0000418,log-0000418,user-00018,desktop,iOS,2.5.0,view,809,3358,4266,1800031350,1800032159,1
logs-row-0000419,log-0000419,log-0000419,user-00019,tablet,iOS,2.4.1,logout,828,3389,4303,1800031425,1800032253,1
logs-row-0000420,log-0000420,log-0000420,user-00020,phone,iOS,2.4.0,login,846,3420,4340,1800031500,1800032346,1
logs-row-0000421,log-0000421,log-0000421,user-00021,laptop,iOS,2.5.1,purchase,866,3451,4377,1800031575,1800032441,1
logs-row-0000422,log-0000422,log-0000422,user-00022,desktop,iOS,2.5.0,login_failed,45,3482,4414,1800031650,1800031695,0
logs-row-0000423,log-0000423,log-0000423,user-00023,tablet,iOS,2.4.1,view,906,3513,4451,1800031725,1800032631,1
logs-row-0000424,log-0000424,log-0000424,user-00024,phone,iOS,2.4.0,logout,922,3544,4488,1800031800,1800032722,1
logs-row-0000425,log-0000425,log-0000425,user-00025,laptop,iOS,2.5.1,login,946,3575,4525,1800031875,1800032821,1
logs-row-0000426,log-0000426,log-0000426,user-00026,desktop,iOS,2.5.0,purchase,65,3606,4562,1800031950,1800032015,1
logs-row-0000427,log-0000427,log-0000427,user-00027,tablet,iOS,2.4.1,login_failed,20,3637,4599,1800032025,1800032045,0
logs-row-0000428,log-0000428,log-0000428,user-00028,phone,iOS,2.4.0,view,98,3668,4636,1800032100,1800032198,1
logs-row-0000429,log-0000429,log-0000429,user-00029,laptop,iOS,2.5.1,logout,118,3699,4673,1800032175,1800032293,1
logs-row-0000430,log-0000430,log-0000430,user-00030,desktop,iOS,2.5.0,login,138,3730,4710,1800032250,1800032388,1
logs-row-0000431,log-0000431,log-0000431,user-00031,tablet,iOS,2.4.1,purchase,157,3761,4747,1800032325,1800032482,1
logs-row-0000432,log-0000432,log-0000432,user-00032,phone,iOS,2.4.0,login_failed,45,3792,4784,1800032400,1800032445,0
logs-row-0000433,log-0000433,log-0000433,user-00033,laptop,iOS,2.5.1,view,198,3823,4821,1800032475,1800032673,1
logs-row-0000434,log-0000434,log-0000434,user-00034,desktop,iOS,2.5.0,logout,214,3854,4858,1800032550,1800032764,1
logs-row-0000435,log-0000435,log-0000435,user-00035,tablet,iOS,2.4.1,login,235,3885,4895,1800032625,1800032860,1
logs-row-0000436,log-0000436,log-0000436,user-00036,phone,iOS,2.4.0,purchase,254,3916,4932,1800032700,1800032954,1
logs-row-0000437,log-0000437,log-0000437,user-00037,laptop,iOS,2.5.1,login_failed,45,3947,4969,1800032775,1800032820,0
logs-row-0000438,log-0000438,log-0000438,user-00038,desktop,iOS,2.5.0,view,290,3978,5006,1800032850,1800033140,1
logs-row-0000439,log-0000439,log-0000439,user-00039,tablet,iOS,2.4.1,logout,312,4009,5043,1800032925,1800033237,1
logs-row-0000440,log-0000440,log-0000440,user-00040,phone,iOS,2.4.0,login,328,4040,5080,1800033000,1800033328,1
logs-row-0000441,log-0000441,log-0000441,user-00041,laptop,iOS,2.5.1,purchase,349,4071,5117,1800033075,1800033424,1
logs-row-0000442,log-0000442,log-0000442,user-00042,desktop,iOS,2.5.0,login_failed,45,4102,5154,1800033150,1800033195,0
logs-row-0000443,log-0000443,log-0000443,user-00043,tablet,iOS,2.4.1,view,385,4133,5191,1800033225,1800033610,1
logs-row-0000444,log-0000444,log-0000444,user-00044,phone,iOS,2.4.0,logout,403,4164,5228,1800033300,1800033703,1
logs-row-0000445,log-0000445,log-0000445,user-00045,laptop,iOS,2.5.1,login,425,4195,5265,1800033375,1800033800,1
logs-row-0000446,log-0000446,log-0000446,user-00046,desktop,iOS,2.5.0,purchase,445,4226,5302,1800033450,1800033895,1
logs-row-0000447,log-0000447,log-0000447,user-00047,tablet,iOS,2.4.1,login_failed,45,4257,5339,1800033525,1800033570,0
logs-row-0000448,log-0000448,log-0000448,user-00048,phone,iOS,2.4.0,view,478,4288,5376,1800033600,1800034078,1
logs-row-0000449,log-0000449,log-0000449,user-00049,laptop,iOS,2.5.1,logout,501,4319,5413,1800033675,1800034176,1
logs-row-0000450,log-0000450,log-0000450,user-00050,desktop,iOS,2.5.0,login,519,4350,5450,1800033750,1800034269,1
logs-row-0000451,log-0000451,log-0000451,user-00051,tablet,iOS,2.4.1,purchase,535,4381,5487,1800033825,1800034360,1
logs-row-0000452,log-0000452,log-0000452,user-00052,phone,iOS,2.4.0,login_failed,45,4412,5524,1800033900,1800033945,0
logs-row-0000453,log-0000453,log-0000453,user-00053,laptop,iOS,2.5.1,view,576,4443,5561,1800033975,1800034551,1
logs-row-0000454,log-0000454,log-0000454,user-00054,desktop,iOS,2.5.0,logout,596,4474,5598,1800034050,1800034646,1
logs-row-0000455,log-0000455,log-0000455,user-00055,tablet,iOS,2.4.1,login,612,4505,5635,1800034125,1800034737,1
logs-row-0000456,log-0000456,log-0000456,user-00056,phone,iOS,2.4.0,purchase,630,4536,5672,1800034200,1800034830,1
logs-row-0000457,log-0000457,log-0000457,user-00057,laptop,iOS,2.5.1,login_failed,45,4567,5709,1800034275,1800034320,0
logs-row-0000458,log-0000458,log-0000458,user-00058,desktop,iOS,2.5.0,view,668,4598,5746,1800034350,1800035018,1
logs-row-0000459,log-0000459,log-0000459,user-00059,tablet,iOS,2.4.1,logout,690,4629,5783,1800034425,1800035115,1
logs-row-0000460,log-0000460,log-0000460,user-00060,phone,iOS,2.4.0,login,710,4660,5820,1800034500,1800035210,1
logs-row-0000461,log-0000461,log-0000461,user-00061,laptop,iOS,2.5.1,purchase,728,4691,5857,1800034575,1800035303,1
logs-row-0000462,log-0000462,log-0000462,user-00062,desktop,iOS,2.5.0,login_failed,45,4722,5894,1800034650,1800034695,0
logs-row-0000463,log-0000463,log-0000463,user-00063,tablet,iOS,2.4.1,view,763,4753,5931,1800034725,1800035488,1
logs-row-0000464,log-0000464,log-0000464,user-00064,phone,iOS,2.4.0,logout,788,4784,5968,1800034800,1800035588,1
logs-row-0000465,log-0000465,log-0000465,user-00065,laptop,iOS,2.5.1,login,801,4815,6005,1800034875,1800035676,1
logs-row-0000466,log-0000466,log-0000466,user-00066,desktop,iOS,2.5.0,purchase,822,4846,6042,1800034950,1800035772,1
logs-row-0000467,log-0000467,log-0000467,user-00067,tablet,iOS,2.4.1,login_failed,45,4877,6079,1800035025,1800035070,0
logs-row-0000468,log-0000468,log-0000468,user-00068,phone,iOS,2.4.0,view,861,4908,6116,1800035100,1800035961,1
logs-row-0000469,log-0000469,log-0000469,user-00069,laptop,iOS,2.5.1,logout,881,4939,6153,1800035175,1800036056,1
logs-row-0000470,log-0000470,log-0000470,user-00070,desktop,iOS,2.5.0,login,899,4970,6190,1800035250,1800036149,1
logs-row-0000471,log-0000471,log-0000471,user-00071,tablet,iOS,2.4.1,purchase,921,5001,6227,1800035325,1800036246,1
logs-row-0000472,log-0000472,log-0000472,user-00072,phone,iOS,2.4.0,login_failed,45,5032,6264,1800035400,1800035445,0
logs-row-0000473,log-0000473,log-0000473,user-00073,laptop,iOS,2.5.1,view,953,5063,6301,1800035475,1800036428,1
logs-row-0000474,log-0000474,log-0000474,user-00074,desktop,iOS,2.5.0,logout,75,5094,6338,1800035550,1800035625,1
logs-row-0000475,log-0000475,log-0000475,user-00075,tablet,iOS,2.4.1,login,93,5125,6375,1800035625,1800035718,1
logs-row-0000476,log-0000476,log-0000476,user-00076,phone,iOS,2.4.0,purchase,115,5156,6412,1800035700,1800035815,1
logs-row-0000477,log-0000477,log-0000477,user-00077,laptop,iOS,2.5.1,login_failed,45,5187,6449,1800035775,1800035820,0
logs-row-0000478,log-0000478,log-0000478,user-00078,desktop,iOS,2.5.0,view,149,5218,6486,1800035850,1800035999,1
logs-row-0000479,log-0000479,log-0000479,user-00079,tablet,iOS,2.4.1,logout,170,5249,6523,1800035925,1800036095,1
logs-row-0000480,log-0000480,log-0000480,user-00080,phone,iOS,2.4.0,login,191,5280,6560,1800036000,1800036191,1
logs-row-0000481,log-0000481,log-0000481,user-00081,laptop,iOS,2.5.1,purchase,208,5311,6597,1800036075,1800036283,1
logs-row-0000482,log-0000482,log-0000482,user-00082,desktop,iOS,2.5.0,login_failed,45,5342,6634,1800036150,1800036195,0
logs-row-0000483,log-0000483,log-0000483,user-00083,tablet,iOS,2.4.1,view,244,5373,6671,1800036225,1800036469,1
logs-row-0000484,log-0000484,log-0000484,user-00084,phone,iOS,2.4.0,logout,262,404,6708,1800036300,1800036562,1
logs-row-0000485,log-0000485,log-0000485,user-00085,laptop,iOS,2.5.1,login,286,435,6745,1800036375,1800036661,1
logs-row-0000486,log-0000486,log-0000486,user-00086,desktop,iOS,2.5.0,purchase,303,466,6782,1800036450,1800036753,1
logs-row-0000487,log-0000487,log-0000487,user-00087,tablet,iOS,2.4.1,login_failed,45,497,6819,1800036525,1800036570,0
logs-row-0000488,log-0000488,log-0000488,user-00088,phone,iOS,2.4.0,view,344,528,6856,1800036600,1800036944,1
logs-row-0000489,log-0000489,log-0000489,user-00089,laptop,iOS,2.5.1,logout,357,559,6893,1800036675,1800037032,1
logs-row-0000490,log-0000490,log-0000490,user-00090,desktop,iOS,2.5.0,login,377,590,6930,1800036750,1800037127,1
logs-row-0000491,log-0000491,log-0000491,user-00091,tablet,iOS,2.4.1,purchase,401,621,6967,1800036825,1800037226,1
logs-row-0000492,log-0000492,log-0000492,user-00092,phone,iOS,2.4.0,login_failed,45,652,7004,1800036900,1800036945,0
logs-row-0000493,log-0000493,log-0000493,user-00093,laptop,iOS,2.5.1,view,438,683,7041,1800036975,1800037413,1
logs-row-0000494,log-0000494,log-0000494,user-00094,desktop,iOS,2.5.0,logout,457,714,7078,1800037050,1800037507,1
logs-row-0000495,log-0000495,log-0000495,user-00095,tablet,iOS,2.4.1,login,471,745,7115,1800037125,1800037596,1
logs-row-0000496,log-0000496,log-0000496,user-00096,phone,iOS,2.4.0,purchase,490,776,7152,1800037200,1800037690,1
logs-row-0000497,log-0000497,log-0000497,user-00097,laptop,iOS,2.5.1,login_failed,45,807,7189,1800037275,1800037320,0
logs-row-0000498,log-0000498,log-0000498,user-00098,desktop,iOS,2.5.0,view,528,838,7226,1800037350,1800037878,1
logs-row-0000499,log-0000499,log-0000499,user-00099,tablet,iOS,2.4.1,logout,553,869,7263,1800037425,1800037978,1
logs-row-0000500,log-0000500,log-0000500,user-00100,phone,iOS,2.4.0,login,565,900,7300,1800037500,1800038065,1
logs-row-0000501,log-0000501,log-0000501,user-00101,laptop,iOS,2.5.1,purchase,588,931,7337,1800037575,1800038163,1
logs-row-0000502,log-0000502,log-0000502,user-00102,desktop,iOS,2.5.0,login_failed,45,962,7374,1800037650,1800037695,0
logs-row-0000503,log-0000503,log-0000503,user-00103,tablet,iOS,2.4.1,view,627,993,7411,1800037725,1800038352,1
logs-row-0000504,log-0000504,log-0000504,user-00104,phone,iOS,2.4.0,logout,645,1024,7448,1800037800,1800038445,1
logs-row-0000505,log-0000505,log-0000505,user-00105,laptop,iOS,2.5.1,login,660,1055,7485,1800037875,1800038535,1
logs-row-0000506,log-0000506,log-0000506,user-00106,desktop,iOS,2.5.0,purchase,682,1086,7522,1800037950,1800038632,1
logs-row-0000507,log-0000507,log-0000507,user-00107,tablet,iOS,2.4.1,login_failed,45,1117,7559,1800038025,1800038070,0
logs-row-0000508,log-0000508,log-0000508,user-00108,phone,iOS,2.4.0,view,720,1148,7596,1800038100,1800038820,1
logs-row-0000509,log-0000509,log-0000509,user-00109,laptop,iOS,2.5.1,logout,738,1179,7633,1800038175,1800038913,1
logs-row-0000510,log-0000510,log-0000510,user-00110,desktop,iOS,2.5.0,login,755,1210,7670,1800038250,1800039005,1
logs-row-0000511,log-0000511,log-0000511,user-00111,tablet,iOS,2.4.1,purchase,780,1241,7707,1800038325,1800039105,1
logs-row-0000512,log-0000512,log-0000512,user-00112,phone,iOS,2.4.0,login_failed,45,1272,7744,1800038400,1800038445,0
logs-row-0000513,log-0000513,log-0000513,user-00113,laptop,iOS,2.5.1,view,814,1303,7781,1800038475,1800039289,1
logs-row-0000514,log-0000514,log-0000514,user-00114,desktop,iOS,2.5.0,logout,835,1334,7818,1800038550,1800039385,1
logs-row-0000515,log-0000515,log-0000515,user-00115,tablet,iOS,2.4.1,login,851,1365,7855,1800038625,1800039476,1
logs-row-0000516,log-0000516,log-0000516,user-00116,phone,iOS,2.4.0,purchase,876,1396,7892,1800038700,1800039576,1
logs-row-0000517,log-0000517,log-0000517,user-00117,laptop,iOS,2.5.1,login_failed,45,1427,7929,1800038775,1800038820,0
logs-row-0000518,log-0000518,log-0000518,user-00118,desktop,iOS,2.5.0,view,911,1458,7966,1800038850,1800039761,1
logs-row-0000519,log-0000519,log-0000519,user-00119,tablet,iOS,2.4.1,logout,927,1489,8003,1800038925,1800039852,1
logs-row-0000520,log-0000520,log-0000520,user-00120,phone,iOS,2.4.0,login,951,1520,8040,1800039000,1800039951,1
logs-row-0000521,log-0000521,log-0000521,user-00121,laptop,iOS,2.5.1,purchase,964,1551,8077,1800039075,1800040039,1
logs-row-0000522,log-0000522,log-0000522,user-00122,desktop,iOS,2.5.0,login_failed,26,1582,8114,1800039150,1800039176,0
logs-row-0000523,log-0000523,log-0000523,user-00123,tablet,iOS,2.4.1,view,109,1613,8151,1800039225,1800039334,1
logs-row-0000524,log-0000524,log-0000524,user-00124,phone,iOS,2.4.0,logout,125,1644,8188,1800039300,1800039425,1
logs-row-0000525,log-0000525,log-0000525,user-00125,laptop,iOS,2.5.1,login,144,1675,8225,1800039375,1800039519,1
logs-row-0000526,log-0000526,log-0000526,user-00126,desktop,iOS,2.5.0,purchase,159,1706,8262,1800039450,1800039609,1
logs-row-0000527,log-0000527,log-0000527,user-00127,tablet,iOS,2.4.1,login_failed,45,1737,8299,1800039525,1800039570,0
logs-row-0000528,log-0000528,log-0000528,user-00128,phone,iOS,2.4.0,view,204,1768,8336,1800039600,1800039804,1
logs-row-0000529,log-0000529,log-0000529,user-00129,laptop,iOS,2.5.1,logout,222,1799,8373,1800039675,1800039897,1
logs-row-0000530,log-0000530,log-0000530,user-00130,desktop,iOS,2.5.0,login,236,1830,8410,1800039750,1800039986,1
logs-row-0000531,log-0000531,log-0000531,user-00131,tablet,iOS,2.4.1,purchase,260,1861,8447,1800039825,1800040085,1
logs-row-0000532,log-0000532,log-0000532,user-00132,phone,iOS,2.4.0,login_failed,45,1892,8484,1800039900,1800039945,0
logs-row-0000533,log-0000533,log-0000533,user-00133,laptop,iOS,2.5.1,view,299,1923,8521,1800039975,1800040274,1
logs-row-0000534,log-0000534,log-0000534,user-00134,desktop,iOS,2.5.0,logout,318,1954,8558,1800040050,1800040368,1
logs-row-0000535,log-0000535,log-0000535,user-00135,tablet,iOS,2.4.1,login,336,1985,8595,1800040125,1800040461,1
logs-row-0000536,log-0000536,log-0000536,user-00136,phone,iOS,2.4.0,purchase,353,2016,8632,1800040200,1800040553,1
logs-row-0000537,log-0000537,log-0000537,user-00137,laptop,iOS,2.5.1,login_failed,45,2047,8669,1800040275,1800040320,0
logs-row-0000538,log-0000538,log-0000538,user-00138,desktop,iOS,2.5.0,view,389,2078,8706,1800040350,1800040739,1
logs-row-0000539,log-0000539,log-0000539,user-00139,tablet,iOS,2.4.1,logout,413,2109,8743,1800040425,1800040838,1
logs-row-0000540,log-0000540,log-0000540,user-00140,phone,iOS,2.4.0,login,428,2140,8780,1800040500,1800040928,1
logs-row-0000541,log-0000541,log-0000541,user-00141,laptop,iOS,2.5.1,purchase,447,2171,8817,1800040575,1800041022,1
logs-row-0000542,log-0000542,log-0000542,user-00142,desktop,iOS,2.5.0,login_failed,45,2202,8854,1800040650,1800040695,0
logs-row-0000543,log-0000543,log-0000543,user-00143,tablet,iOS,2.4.1,view,485,2233,8891,1800040725,1800041210,1
logs-row-0000544,log-0000544,log-0000544,user-00144,phone,iOS,2.4.0,logout,506,2264,8928,1800040800,1800041306,1
logs-row-0000545,log-0000545,log-0000545,user-00145,laptop,iOS,2.5.1,login,522,2295,8965,1800040875,1800041397,1
logs-row-0000546,log-0000546,log-0000546,user-00146,desktop,iOS,2.5.0,purchase,545,2326,9002,1800040950,1800041495,1
logs-row-0000547,log-0000547,log-0000547,user-00147,tablet,iOS,2.4.1,login_failed,45,2357,9039,1800041025,1800041070,0
logs-row-0000548,log-0000548,log-0000548,user-00148,phone,iOS,2.4.0,view,577,2388,9076,1800041100,1800041677,1
logs-row-0000549,log-0000549,log-0000549,user-00149,laptop,iOS,2.5.1,logout,601,2419,9113,1800041175,1800041776,1
logs-row-0000550,log-0000550,log-0000550,user-00150,desktop,iOS,2.5.0,login,615,2450,9150,1800041250,1800041865,1
logs-row-0000551,log-0000551,log-0000551,user-00151,tablet,iOS,2.4.1,purchase,641,2481,9187,1800041325,1800041966,1
logs-row-0000552,log-0000552,log-0000552,user-00152,phone,iOS,2.4.0,login_failed,45,2512,9224,1800041400,1800041445,0
logs-row-0000553,log-0000553,log-0000553,user-00153,laptop,iOS,2.5.1,view,679,2543,9261,1800041475,1800042154,1
logs-row-0000554,log-0000554,log-0000554,user-00154,desktop,iOS,2.5.0,logout,691,2574,9298,1800041550,1800042241,1
logs-row-0000555,log-0000555,log-0000555,user-00155,tablet,iOS,2.4.1,login,713,2605,9335,1800041625,1800042338,1
logs-row-0000556,log-0000556,log-0000556,user-00156,phone,iOS,2.4.0,purchase,731,2636,9372,1800041700,1800042431,1
logs-row-0000557,log-0000557,log-0000557,user-00157,laptop,iOS,2.5.1,login_failed,45,2667,9409,1800041775,1800041820,0
logs-row-0000558,log-0000558,log-0000558,user-00158,desktop,iOS,2.5.0,view,767,2698,9446,1800041850,1800042617,1
logs-row-0000559,log-0000559,log-0000559,user-00159,tablet,iOS,2.4.1,logout,788,2729,9483,1800041925,1800042713,1
logs-row-0000560,log-0000560,log-0000560,user-00160,phone,iOS,2.4.0,login,805,2760,9520,1800042000,1800042805,1
logs-row-0000561,log-0000561,log-0000561,user-00161,laptop,iOS,2.5.1,purchase,824,2791,9557,1800042075,1800042899,1
logs-row-0000562,log-0000562,log-0000562,user-00162,desktop,iOS,2.5.0,login_failed,45,2822,9594,1800042150,1800042195,0
logs-row-0000563,log-0000563,log-0000563,user-00163,tablet,iOS,2.4.1,view,863,2853,9631,1800042225,1800043088,1
logs-row-0000564,log-0000564,log-0000564,user-00164,phone,iOS,2.4.0,logout,883,2884,9668,1800042300,1800043183,1
logs-row-0000565,log-0000565,log-0000565,user-00165,laptop,iOS,2.5.1,login,901,2915,9705,1800042375,1800043276,1
logs-row-0000566,log-0000566,log-0000566,user-00166,desktop,iOS,2.5.0,purchase,925,2946,9742,1800042450,1800043375,1
logs-row-0000567,log-0000567,log-0000567,user-00167,tablet,iOS,2.4.1,login_failed,45,2977,9779,1800042525,1800042570,0
logs-row-0000568,log-0000568,log-0000568,user-00168,phone,iOS,2.4.0,view,964,3008,9816,1800042600,1800043564,1
logs-row-0000569,log-0000569,log-0000569,user-00169,laptop,iOS,2.5.1,logout,79,3039,9853,1800042675,1800042754,1
logs-row-0000570,log-0000570,log-0000570,user-00170,desktop,iOS,2.5.0,login,102,3070,9890,1800042750,1800042852,1
logs-row-0000571,log-0000571,log-0000571,user-00171,tablet,iOS,2.4.1,purchase,121,3101,9927,1800042825,1800042946,1
logs-row-0000572,log-0000572,log-0000572,user-00172,phone,iOS,2.4.0,login_failed,45,3132,9964,1800042900,1800042945,0
logs-row-0000573,log-0000573,log-0000573,user-00173,laptop,iOS,2.5.1,view,152,3163,10001,1800042975,1800043127,1
logs-row-0000574,log-0000574,log-0000574,user-00174,desktop,iOS,2.5.0,logout,177,3194,10038,1800043050,1800043227,1
logs-row-0000575,log-0000575,log-0000575,user-00175,tablet,iOS,2.4.1,login,192,3225,10075,1800043125,1800043317,1
logs-row-0000576,log-0000576,log-0000576,user-00176,phone,iOS,2.4.0,purchase,216,3256,10112,1800043200,1800043416,1
logs-row-0000577,log-0000577,log-0000577,user-00177,laptop,iOS,2.5.1,login_failed,45,3287,10149,1800043275,1800043320,0
logs-row-0000578,log-0000578,log-0000578,user-00178,desktop,iOS,2.5.0,view,249,3318,10186,1800043350,1800043599,1
logs-row-0000579,log-0000579,log-0000579,user-00179,tablet,iOS,2.4.1,logout,271,3349,10223,1800043425,1800043696,1
logs-row-0000580,log-0000580,log-0000580,user-00180,phone,iOS,2.4.0,login,288,3380,10260,1800043500,1800043788,1
logs-row-0000581,log-0000581,log-0000581,user-00181,laptop,iOS,2.5.1,purchase,305,3411,10297,1800043575,1800043880,1
logs-row-0000582,log-0000582,log-0000582,user-00182,desktop,iOS,2.5.0,login_failed,45,3442,10334,1800043650,1800043695,0
logs-row-0000583,log-0000583,log-0000583,user-00183,tablet,iOS,2.4.1,view,348,3473,10371,1800043725,1800044073,1
logs-row-0000584,log-0000584,log-0000584,user-00184,phone,iOS,2.4.0,logout,368,3504,10408,1800043800,1800044168,1
logs-row-0000585,log-0000585,log-0000585,user-00185,laptop,iOS,2.5.1,login,387,3535,10445,1800043875,1800044262,1
logs-row-0000586,log-0000586,log-0000586,user-00186,desktop,iOS,2.5.0,purchase,399,3566,10482,1800043950,1800044349,1
logs-row-0000587,log-0000587,log-0000587,user-00187,tablet,iOS,2.4.1,login_failed,45,3597,10519,1800044025,1800044070,0
logs-row-0000588,log-0000588,log-0000588,user-00188,phone,iOS,2.4.0,view,441,3628,10556,1800044100,1800044541,1
logs-row-0000589,log-0000589,log-0000589,user-00189,laptop,iOS,2.5.1,logout,459,3659,10593,1800044175,1800044634,1
logs-row-0000590,log-0000590,log-0000590,user-00190,desktop,iOS,2.5.0,login,481,3690,10630,1800044250,1800044731,1
logs-row-0000591,log-0000591,log-0000591,user-00191,tablet,iOS,2.4.1,purchase,498,3721,10667,1800044325,1800044823,1
logs-row-0000592,log-0000592,log-0000592,user-00192,phone,iOS,2.4.0,login_failed,45,3752,10704,1800044400,1800044445,0
logs-row-0000593,log-0000593,log-0000593,user-00193,laptop,iOS,2.5.1,view,536,3783,10741,1800044475,1800045011,1
logs-row-0000594,log-0000594,log-0000594,user-00194,desktop,iOS,2.5.0,logout,551,3814,10778,1800044550,1800045101,1
logs-row-0000595,log-0000595,log-0000595,user-00195,tablet,iOS,2.4.1,login,574,3845,10815,1800044625,1800045199,1
logs-row-0000596,log-0000596,log-0000596,user-00196,phone,iOS,2.4.0,purchase,593,3876,10852,1800044700,1800045293,1
logs-row-0000597,log-0000597,log-0000597,user-00197,laptop,iOS,2.5.1,login_failed,45,3907,10889,1800044775,1800044820,0
logs-row-0000598,log-0000598,log-0000598,user-00198,desktop,iOS,2.5.0,view,629,3938,10926,1800044850,1800045479,1
logs-row-0000599,log-0000599,log-0000599,user-00199,tablet,iOS,2.4.1,logout,646,3969,10963,1800044925,1800045571,1
logs-row-0000600,log-0000600,log-0000600,user-00000,phone,iOS,2.4.0,login,668,4000,11000,1800045000,1800045668,1
logs-row-0000601,log-0000601,log-0000601,user-00001,laptop,iOS,2.5.1,purchase,685,4031,11037,1800045075,1800045760,1
logs-row-0000602,log-0000602,log-0000602,user-00002,desktop,iOS,2.5.0,login_failed,45,4062,11074,1800045150,1800045195,0
logs-row-0000603,log-0000603,log-0000603,user-00003,tablet,iOS,2.4.1,view,725,4093,11111,1800045225,1800045950,1
logs-row-0000604,log-0000604,log-0000604,user-00004,phone,iOS,2.4.0,logout,745,4124,11148,1800045300,1800046045,1
logs-row-0000605,log-0000605,log-0000605,user-00005,laptop,iOS,2.5.1,login,762,4155,11185,1800045375,1800046137,1
logs-row-0000606,log-0000606,log-0000606,user-00006,desktop,iOS,2.5.0,purchase,785,4186,11222,1800045450,1800046235,1
logs-row-0000607,log-0000607,log-0000607,user-00007,tablet,iOS,2.4.1,login_failed,45,4217,11259,1800045525,1800045570,0
logs-row-0000608,log-0000608,log-0000608,user-00008,phone,iOS,2.4.0,view,822,4248,11296,1800045600,1800046422,1
logs-row-0000609,log-0000609,log-0000609,user-00009,laptop,iOS,2.5.1,logout,840,4279,11333,1800045675,1800046515,1
logs-row-0000610,log-0000610,log-0000610,user-00010,desktop,iOS,2.5.0,login,862,4310,11370,1800045750,1800046612,1
logs-row-0000611,log-0000611,log-0000611,user-00011,tablet,iOS,2.4.1,purchase,875,4341,11407,1800045825,1800046700,1
logs-row-0000612,log-0000612,log-0000612,user-00012,phone,iOS,2.4.0,login_failed,45,4372,11444,1800045900,1800045945,0
logs-row-0000613,log-0000613,log-0000613,user-00013,laptop,iOS,2.5.1,view,914,4403,11481,1800045975,1800046889,1
logs-row-0000614,log-0000614,log-0000614,user-00014,desktop,iOS,2.5.0,logout,936,4434,11518,1800046050,1800046986,1
logs-row-0000615,log-0000615,log-0000615,user-00015,tablet,iOS,2.4.1,login,950,4465,11555,1800046125,1800047075,1
logs-row-0000616,log-0000616,log-0000616,user-00016,phone,iOS,2.4.0,purchase,72,4496,11592,1800046200,1800046272,1
logs-row-0000617,log-0000617,log-0000617,user-00017,laptop,iOS,2.5.1,login_failed,35,4527,11629,1800046275,1800046310,0
logs-row-0000618,log-0000618,log-0000618,user-00018,desktop,iOS,2.5.0,view,108,4558,11666,1800046350,1800046458,1
logs-row-0000619,log-0000619,log-0000619,user-00019,tablet,iOS,2.4.1,logout,130,4589,11703,1800046425,1800046555,1
logs-row-0000620,log-0000620,log-0000620,user-00020,phone,iOS,2.4.0,login,152,4620,11740,1800046500,1800046652,1
logs-row-0000621,log-0000621,log-0000621,user-00021,laptop,iOS,2.5.1,purchase,164,4651,11777,1800046575,1800046739,1
logs-row-0000622,log-0000622,log-0000622,user-00022,desktop,iOS,2.5.0,login_failed,45,4682,11814,1800046650,1800046695,0
logs-row-0000623,log-0000623,log-0000623,user-00023,tablet,iOS,2.4.1,view,204,4713,11851,1800046725,1800046929,1
logs-row-0000624,log-0000624,log-0000624,user-00024,phone,iOS,2.4.0,logout,227,4744,11888,1800046800,1800047027,1
logs-row-0000625,log-0000625,log-0000625,user-00025,laptop,iOS,2.5.1,login,245,4775,11925,1800046875,1800047120,1
logs-row-0000626,log-0000626,log-0000626,user-00026,desktop,iOS,2.5.0,purchase,263,4806,11962,1800046950,1800047213,1
logs-row-0000627,log-0000627,log-0000627,user-00027,tablet,iOS,2.4.1,login_failed,45,4837,11999,1800047025,1800047070,0
logs-row-0000628,log-0000628,log-0000628,user-00028,phone,iOS,2.4.0,view,303,4868,12036,1800047100,1800047403,1
logs-row-0000629,log-0000629,log-0000629,user-00029,laptop,iOS,2.5.1,logout,318,4899,12073,1800047175,1800047493,1
logs-row-0000630,log-0000630,log-0000630,user-00030,desktop,iOS,2.5.0,login,336,4930,12110,1800047250,1800047586,1
logs-row-0000631,log-0000631,log-0000631,user-00031,tablet,iOS,2.4.1,purchase,359,4961,12147,1800047325,1800047684,1
logs-row-0000632,log-0000632,log-0000632,user-00032,phone,iOS,2.4.0,login_failed,45,4992,12184,1800047400,1800047445,0
logs-row-0000633,log-0000633,log-0000633,user-00033,laptop,iOS,2.5.1,view,397,5023,12221,1800047475,1800047872,1
logs-row-0000634,log-0000634,log-0000634,user-00034,desktop,iOS,2.5.0,logout,416,5054,12258,1800047550,1800047966,1
logs-row-0000635,log-0000635,log-0000635,user-00035,tablet,iOS,2.4.1,login,435,5085,12295,1800047625,1800048060,1
logs-row-0000636,log-0000636,log-0000636,user-00036,phone,iOS,2.4.0,purchase,449,5116,12332,1800047700,1800048149,1
logs-row-0000637,log-0000637,log-0000637,user-00037,laptop,iOS,2.5.1,login_failed,45,5147,12369,1800047775,1800047820,0
logs-row-0000638,log-0000638,log-0000638,user-00038,desktop,iOS,2.5.0,view,487,5178,12406,1800047850,1800048337,1
logs-row-0000639,log-0000639,log-0000639,user-00039,tablet,iOS,2.4.1,logout,511,5209,12443,1800047925,1800048436,1
logs-row-0000640,log-0000640,log-0000640,user-00040,phone,iOS,2.4.0,login,525,5240,12480,1800048000,1800048525,1
logs-row-0000641,log-0000641,log-0000641,user-00041,laptop,iOS,2.5.1,purchase,546,5271,12517,1800048075,1800048621,1
logs-row-0000642,log-0000642,log-0000642,user-00042,desktop,iOS,2.5.0,login_failed,45,5302,12554,1800048150,1800048195,0
logs-row-0000643,log-0000643,log-0000643,user-00043,tablet,iOS,2.4.1,view,583,5333,12591,1800048225,1800048808,1
logs-row-0000644,log-0000644,log-0000644,user-00044,phone,iOS,2.4.0,logout,607,5364,12628,1800048300,1800048907,1
logs-row-0000645,log-0000645,log-0000645,user-00045,laptop,iOS,2.5.1,login,626,5395,12665,1800048375,1800049001,1
logs-row-0000646,log-0000646,log-0000646,user-00046,desktop,iOS,2.5.0,purchase,641,426,12702,1800048450,1800049091,1
logs-row-0000647,log-0000647,log-0000647,user-00047,tablet,iOS,2.4.1,login_failed,45,457,12739,1800048525,1800048570,0
logs-row-0000648,log-0000648,log-0000648,user-00048,phone,iOS,2.4.0,view,683,488,12776,1800048600,1800049283,1
logs-row-0000649,log-0000649,log-0000649,user-00049,laptop,iOS,2.5.1,logout,696,519,813,1800048675,1800049371,1
logs-row-0000650,log-0000650,log-0000650,user-00050,desktop,iOS,2.5.0,login,716,550,850,1800048750,1800049466,1
logs-row-0000651,log-0000651,log-0000651,user-00051,tablet,iOS,2.4.1,purchase,736,581,887,1800048825,1800049561,1
logs-row-0000652,log-0000652,log-0000652,user-00052,phone,iOS,2.4.0,login_failed,45,612,924,1800048900,1800048945,0
logs-row-0000653,log-0000653,log-0000653,user-00053,laptop,iOS,2.5.1,view,776,643,961,1800048975,1800049751,1
logs-row-0000654,log-0000654,log-0000654,user-00054,desktop,iOS,2.5.0,logout,793,674,998,1800049050,1800049843,1
logs-row-0000655,log-0000655,log-0000655,user-00055,tablet,iOS,2.4.1,login,811,705,1035,1800049125,1800049936,1
logs-row-0000656,log-0000656,log-0000656,user-00056,phone,iOS,2.4.0,purchase,836,736,1072,1800049200,1800050036,1
logs-row-0000657,log-0000657,log-0000657,user-00057,laptop,iOS,2.5.1,login_failed,45,767,1109,1800049275,1800049320,0
logs-row-0000658,log-0000658,log-0000658,user-00058,desktop,iOS,2.5.0,view,871,798,1146,1800049350,1800050221,1
logs-row-0000659,log-0000659,log-0000659,user-00059,tablet,iOS,2.4.1,logout,890,829,1183,1800049425,1800050315,1
logs-row-0000660,log-0000660,log-0000660,user-00060,phone,iOS,2.4.0,login,907,860,1220,1800049500,1800050407,1
logs-row-0000661,log-0000661,log-0000661,user-00061,laptop,iOS,2.5.1,purchase,927,891,1257,1800049575,1800050502,1
logs-row-0000662,log-0000662,log-0000662,user-00062,desktop,iOS,2.5.0,login_failed,45,922,1294,1800049650,1800049695,0
logs-row-0000663,log-0000663,log-0000663,user-00063,tablet,iOS,2.4.1,view,962,953,1331,1800049725,1800050687,1
logs-row-0000664,log-0000664,log-0000664,user-00064,phone,iOS,2.4.0,logout,84,984,1368,1800049800,1800049884,1
logs-row-0000665,log-0000665,log-0000665,user-00065,laptop,iOS,2.5.1,login,103,1015,1405,1800049875,1800049978,1
logs-row-0000666,log-0000666,log-0000666,user-00066,desktop,iOS,2.5.0,purchase,120,1046,1442,1800049950,1800050070,1
logs-row-0000667,log-0000667,log-0000667,user-00067,tablet,iOS,2.4.1,login_failed,45,1077,1479,1800050025,1800050070,0
logs-row-0000668,log-0000668,log-0000668,user-00068,phone,iOS,2.4.0,view,162,1108,1516,1800050100,1800050262,1
logs-row-0000669,log-0000669,log-0000669,user-00069,laptop,iOS,2.5.1,logout,183,1139,1553,1800050175,1800050358,1
logs-row-0000670,log-0000670,log-0000670,user-00070,desktop,iOS,2.5.0,login,202,1170,1590,1800050250,1800050452,1
logs-row-0000671,log-0000671,log-0000671,user-00071,tablet,iOS,2.4.1,purchase,221,1201,1627,1800050325,1800050546,1
logs-row-0000672,log-0000672,log-0000672,user-00072,phone,iOS,2.4.0,login_failed,45,1232,1664,1800050400,1800050445,0
logs-row-0000673,log-0000673,log-0000673,user-00073,laptop,iOS,2.5.1,view,255,1263,1701,1800050475,1800050730,1
logs-row-0000674,log-0000674,log-0000674,user-00074,desktop,iOS,2.5.0,logout,278,1294,1738,1800050550,1800050828,1
logs-row-0000675,log-0000675,log-0000675,user-00075,tablet,iOS,2.4.1,login,295,1325,1775,1800050625,1800050920,1
logs-row-0000676,log-0000676,log-0000676,user-00076,phone,iOS,2.4.0,purchase,311,1356,1812,1800050700,1800051011,1
logs-row-0000677,log-0000677,log-0000677,user-00077,laptop,iOS,2.5.1,login_failed,45,1387,1849,1800050775,1800050820,0
logs-row-0000678,log-0000678,log-0000678,user-00078,desktop,iOS,2.5.0,view,351,1418,1886,1800050850,1800051201,1
logs-row-0000679,log-0000679,log-0000679,user-00079,tablet,iOS,2.4.1,logout,370,1449,1923,1800050925,1800051295,1
logs-row-0000680,log-0000680,log-0000680,user-00080,phone,iOS,2.4.0,login,388,1480,1960,1800051000,1800051388,1
logs-row-0000681,log-0000681,log-0000681,user-00081,laptop,iOS,2.5.1,purchase,410,1511,1997,1800051075,1800051485,1
logs-row-0000682,log-0000682,log-0000682,user-00082,desktop,iOS,2.5.0,login_failed,45,1542,2034,1800051150,1800051195,0
logs-row-0000683,log-0000683,log-0000683,user-00083,tablet,iOS,2.4.1,view,443,1573,2071,1800051225,1800051668,1
logs-row-0000684,log-0000684,log-0000684,user-00084,phone,iOS,2.4.0,logout,462,1604,2108,1800051300,1800051762,1
logs-row-0000685,log-0000685,log-0000685,user-00085,laptop,iOS,2.5.1,login,482,1635,2145,1800051375,1800051857,1
logs-row-0000686,log-0000686,log-0000686,user-00086,desktop,iOS,2.5.0,purchase,502,1666,2182,1800051450,1800051952,1
logs-row-0000687,log-0000687,log-0000687,user-00087,tablet,iOS,2.4.1,login_failed,45,1697,2219,1800051525,1800051570,0
logs-row-0000688,log-0000688,log-0000688,user-00088,phone,iOS,2.4.0,view,543,1728,2256,1800051600,1800052143,1
logs-row-0000689,log-0000689,log-0000689,user-00089,laptop,iOS,2.5.1,logout,559,1759,2293,1800051675,1800052234,1
logs-row-0000690,log-0000690,log-0000690,user-00090,desktop,iOS,2.5.0,login,582,1790,2330,1800051750,1800052332,1
logs-row-0000691,log-0000691,log-0000691,user-00091,tablet,iOS,2.4.1,purchase,597,1821,2367,1800051825,1800052422,1
logs-row-0000692,log-0000692,log-0000692,user-00092,phone,iOS,2.4.0,login_failed,45,1852,2404,1800051900,1800051945,0
logs-row-0000693,log-0000693,log-0000693,user-00093,laptop,iOS,2.5.1,view,633,1883,2441,1800051975,1800052608,1
logs-row-0000694,log-0000694,log-0000694,user-00094,desktop,iOS,2.5.0,logout,653,1914,2478,1800052050,1800052703,1
logs-row-0000695,log-0000695,log-0000695,user-00095,tablet,iOS,2.4.1,login,673,1945,2515,1800052125,1800052798,1
logs-row-0000696,log-0000696,log-0000696,user-00096,phone,iOS,2.4.0,purchase,695,1976,2552,1800052200,1800052895,1
logs-row-0000697,log-0000697,log-0000697,user-00097,laptop,iOS,2.5.1,login_failed,45,2007,2589,1800052275,1800052320,0
logs-row-0000698,log-0000698,log-0000698,user-00098,desktop,iOS,2.5.0,view,731,2038,2626,1800052350,1800053081,1
logs-row-0000699,log-0000699,log-0000699,user-00099,tablet,iOS,2.4.1,logout,748,2069,2663,1800052425,1800053173,1
logs-row-0000700,log-0000700,log-0000700,user-00100,phone,iOS,2.4.0,login,767,2100,2700,1800052500,1800053267,1
logs-row-0000701,log-0000701,log-0000701,user-00101,laptop,iOS,2.5.1,purchase,786,2131,2737,1800052575,1800053361,1
logs-row-0000702,log-0000702,log-0000702,user-00102,desktop,iOS,2.5.0,login_failed,45,2162,2774,1800052650,1800052695,0
logs-row-0000703,log-0000703,log-0000703,user-00103,tablet,iOS,2.4.1,view,827,2193,2811,1800052725,1800053552,1
logs-row-0000704,log-0000704,log-0000704,user-00104,phone,iOS,2.4.0,logout,843,2224,2848,1800052800,1800053643,1
logs-row-0000705,log-0000705,log-0000705,user-00105,laptop,iOS,2.5.1,login,865,2255,2885,1800052875,1800053740,1
logs-row-0000706,log-0000706,log-0000706,user-00106,desktop,iOS,2.5.0,purchase,883,2286,2922,1800052950,1800053833,1
logs-row-0000707,log-0000707,log-0000707,user-00107,tablet,iOS,2.4.1,login_failed,45,2317,2959,1800053025,1800053070,0
logs-row-0000708,log-0000708,log-0000708,user-00108,phone,iOS,2.4.0,view,918,2348,2996,1800053100,1800054018,1
logs-row-0000709,log-0000709,log-0000709,user-00109,laptop,iOS,2.5.1,logout,943,2379,3033,1800053175,1800054118,1
logs-row-0000710,log-0000710,log-0000710,user-00110,desktop,iOS,2.5.0,login,962,2410,3070,1800053250,1800054212,1
logs-row-0000711,log-0000711,log-0000711,user-00111,tablet,iOS,2.4.1,purchase,81,2441,3107,1800053325,1800053406,1
logs-row-0000712,log-0000712,log-0000712,user-00112,phone,iOS,2.4.0,login_failed,38,2472,3144,1800053400,1800053438,0
logs-row-0000713,log-0000713,log-0000713,user-00113,laptop,iOS,2.5.1,view,116,2503,3181,1800053475,1800053591,1
logs-row-0000714,log-0000714,log-0000714,user-00114,desktop,iOS,2.5.0,logout,136,2534,3218,1800053550,1800053686,1
logs-row-0000715,log-0000715,log-0000715,user-00115,tablet,iOS,2.4.1,login,152,2565,3255,1800053625,1800053777,1
logs-row-0000716,log-0000716,log-0000716,user-00116,phone,iOS,2.4.0,purchase,174,2596,3292,1800053700,1800053874,1
logs-row-0000717,log-0000717,log-0000717,user-00117,laptop,iOS,2.5.1,login_failed,45,2627,3329,1800053775,1800053820,0
logs-row-0000718,log-0000718,log-0000718,user-00118,desktop,iOS,2.5.0,view,212,2658,3366,1800053850,1800054062,1
logs-row-0000719,log-0000719,log-0000719,user-00119,tablet,iOS,2.4.1,logout,232,2689,3403,1800053925,1800054157,1
logs-row-0000720,log-0000720,log-0000720,user-00120,phone,iOS,2.4.0,login,248,2720,3440,1800054000,1800054248,1
logs-row-0000721,log-0000721,log-0000721,user-00121,laptop,iOS,2.5.1,purchase,268,2751,3477,1800054075,1800054343,1
logs-row-0000722,log-0000722,log-0000722,user-00122,desktop,iOS,2.5.0,login_failed,45,2782,3514,1800054150,1800054195,0
logs-row-0000723,log-0000723,log-0000723,user-00123,tablet,iOS,2.4.1,view,302,2813,3551,1800054225,1800054527,1
logs-row-0000724,log-0000724,log-0000724,user-00124,phone,iOS,2.4.0,logout,326,2844,3588,1800054300,1800054626,1
logs-row-0000725,log-0000725,log-0000725,user-00125,laptop,iOS,2.5.1,login,346,2875,3625,1800054375,1800054721,1
logs-row-0000726,log-0000726,log-0000726,user-00126,desktop,iOS,2.5.0,purchase,362,2906,3662,1800054450,1800054812,1
logs-row-0000727,log-0000727,log-0000727,user-00127,tablet,iOS,2.4.1,login_failed,45,2937,3699,1800054525,1800054570,0
logs-row-0000728,log-0000728,log-0000728,user-00128,phone,iOS,2.4.0,view,402,2968,3736,1800054600,1800055002,1
logs-row-0000729,log-0000729,log-0000729,user-00129,laptop,iOS,2.5.1,logout,417,2999,3773,1800054675,1800055092,1
logs-row-0000730,log-0000730,log-0000730,user-00130,desktop,iOS,2.5.0,login,436,3030,3810,1800054750,1800055186,1
logs-row-0000731,log-0000731,log-0000731,user-00131,tablet,iOS,2.4.1,purchase,454,3061,3847,1800054825,1800055279,1
logs-row-0000732,log-0000732,log-0000732,user-00132,phone,iOS,2.4.0,login_failed,45,3092,3884,1800054900,1800054945,0
logs-row-0000733,log-0000733,log-0000733,user-00133,laptop,iOS,2.5.1,view,498,3123,3921,1800054975,1800055473,1
logs-row-0000734,log-0000734,log-0000734,user-00134,desktop,iOS,2.5.0,logout,514,3154,3958,1800055050,1800055564,1
logs-row-0000735,log-0000735,log-0000735,user-00135,tablet,iOS,2.4.1,login,534,3185,3995,1800055125,1800055659,1
logs-row-0000736,log-0000736,log-0000736,user-00136,phone,iOS,2.4.0,purchase,549,3216,4032,1800055200,1800055749,1
logs-row-0000737,log-0000737,log-0000737,user-00137,laptop,iOS,2.5.1,login_failed,45,3247,4069,1800055275,1800055320,0
logs-row-0000738,log-0000738,log-0000738,user-00138,desktop,iOS,2.5.0,view,590,3278,4106,1800055350,1800055940,1
logs-row-0000739,log-0000739,log-0000739,user-00139,tablet,iOS,2.4.1,logout,611,3309,4143,1800055425,1800056036,1
logs-row-0000740,log-0000740,log-0000740,user-00140,phone,iOS,2.4.0,login,626,3340,4180,1800055500,1800056126,1
logs-row-0000741,log-0000741,log-0000741,user-00141,laptop,iOS,2.5.1,purchase,647,3371,4217,1800055575,1800056222,1
logs-row-0000742,log-0000742,log-0000742,user-00142,desktop,iOS,2.5.0,login_failed,45,3402,4254,1800055650,1800055695,0
logs-row-0000743,log-0000743,log-0000743,user-00143,tablet,iOS,2.4.1,view,689,3433,4291,1800055725,1800056414,1
logs-row-0000744,log-0000744,log-0000744,user-00144,phone,iOS,2.4.0,logout,701,3464,4328,1800055800,1800056501,1
logs-row-0000745,log-0000745,log-0000745,user-00145,laptop,iOS,2.5.1,login,723,3495,4365,1800055875,1800056598,1
logs-row-0000746,log-0000746,log-0000746,user-00146,desktop,iOS,2.5.0,purchase,740,3526,4402,1800055950,1800056690,1
logs-row-0000747,log-0000747,log-0000747,user-00147,tablet,iOS,2.4.1,login_failed,45,3557,4439,1800056025,1800056070,0
logs-row-0000748,log-0000748,log-0000748,user-00148,phone,iOS,2.4.0,view,781,3588,4476,1800056100,1800056881,1
logs-row-0000749,log-0000749,log-0000749,user-00149,laptop,iOS,2.5.1,logout,801,3619,4513,1800056175,1800056976,1
logs-row-0000750,log-0000750,log-0000750,user-00150,desktop,iOS,2.5.0,login,822,3650,4550,1800056250,1800057072,1
logs-row-0000751,log-0000751,log-0000751,user-00151,tablet,iOS,2.4.1,purchase,839,3681,4587,1800056325,1800057164,1
logs-row-0000752,log-0000752,log-0000752,user-00152,phone,iOS,2.4.0,login_failed,45,3712,4624,1800056400,1800056445,0
logs-row-0000753,log-0000753,log-0000753,user-00153,laptop,iOS,2.5.1,view,875,3743,4661,1800056475,1800057350,1
logs-row-0000754,log-0000754,log-0000754,user-00154,desktop,iOS,2.5.0,logout,892,3774,4698,1800056550,1800057442,1
logs-row-0000755,log-0000755,log-0000755,user-00155,tablet,iOS,2.4.1,login,914,3805,4735,1800056625,1800057539,1
logs-row-0000756,log-0000756,log-0000756,user-00156,phone,iOS,2.4.0,purchase,930,3836,4772,1800056700,1800057630,1
logs-row-0000757,log-0000757,log-0000757,user-00157,laptop,iOS,2.5.1,login_failed,45,3867,4809,1800056775,1800056820,0
logs-row-0000758,log-0000758,log-0000758,user-00158,desktop,iOS,2.5.0,view,71,3898,4846,1800056850,1800056921,1
logs-row-0000759,log-0000759,log-0000759,user-00159,tablet,iOS,2.4.1,logout,90,3929,4883,1800056925,1800057015,1
logs-row-0000760,log-0000760,log-0000760,user-00160,phone,iOS,2.4.0,login,105,3960,4920,1800057000,1800057105,1
logs-row-0000761,log-0000761,log-0000761,user-00161,laptop,iOS,2.5.1,purchase,125,3991,4957,1800057075,1800057200,1
logs-row-0000762,log-0000762,log-0000762,user-00162,desktop,iOS,2.5.0,login_failed,45,4022,4994,1800057150,1800057195,0
logs-row-0000763,log-0000763,log-0000763,user-00163,tablet,iOS,2.4.1,view,164,4053,5031,1800057225,1800057389,1
logs-row-0000764,log-0000764,log-0000764,user-00164,phone,iOS,2.4.0,logout,186,4084,5068,1800057300,1800057486,1
logs-row-0000765,log-0000765,log-0000765,user-00165,laptop,iOS,2.5.1,login,203,4115,5105,1800057375,1800057578,1
logs-row-0000766,log-0000766,log-0000766,user-00166,desktop,iOS,2.5.0,purchase,220,4146,5142,1800057450,1800057670,1
logs-row-0000767,log-0000767,log-0000767,user-00167,tablet,iOS,2.4.1,login_failed,45,4177,5179,1800057525,1800057570,0
logs-row-0000768,log-0000768,log-0000768,user-00168,phone,iOS,2.4.0,view,258,4208,5216,1800057600,1800057858,1
logs-row-0000769,log-0000769,log-0000769,user-00169,laptop,iOS,2.5.1,logout,281,4239,5253,1800057675,1800057956,1
logs-row-0000770,log-0000770,log-0000770,user-00170,desktop,iOS,2.5.0,login,295,4270,5290,1800057750,1800058045,1
logs-row-0000771,log-0000771,log-0000771,user-00171,tablet,iOS,2.4.1,purchase,315,4301,5327,1800057825,1800058140,1
logs-row-0000772,log-0000772,log-0000772,user-00172,phone,iOS,2.4.0,login_failed,45,4332,5364,1800057900,1800057945,0
logs-row-0000773,log-0000773,log-0000773,user-00173,laptop,iOS,2.5.1,view,359,4363,5401,1800057975,1800058334,1
logs-row-0000774,log-0000774,log-0000774,user-00174,desktop,iOS,2.5.0,logout,375,4394,5438,1800058050,1800058425,1
logs-row-0000775,log-0000775,log-0000775,user-00175,tablet,iOS,2.4.1,login,395,4425,5475,1800058125,1800058520,1
logs-row-0000776,log-0000776,log-0000776,user-00176,phone,iOS,2.4.0,purchase,415,4456,5512,1800058200,1800058615,1
logs-row-0000777,log-0000777,log-0000777,user-00177,laptop,iOS,2.5.1,login_failed,45,4487,5549,1800058275,1800058320,0
logs-row-0000778,log-0000778,log-0000778,user-00178,desktop,iOS,2.5.0,view,452,4518,5586,1800058350,1800058802,1
logs-row-0000779,log-0000779,log-0000779,user-00179,tablet,iOS,2.4.1,logout,467,4549,5623,1800058425,1800058892,1
logs-row-0000780,log-0000780,log-0000780,user-00180,phone,iOS,2.4.0,login,490,4580,5660,1800058500,1800058990,1
logs-row-0000781,log-0000781,log-0000781,user-00181,laptop,iOS,2.5.1,purchase,507,4611,5697,1800058575,1800059082,1
logs-row-0000782,log-0000782,log-0000782,user-00182,desktop,iOS,2.5.0,login_failed,45,4642,5734,1800058650,1800058695,0
logs-row-0000783,log-0000783,log-0000783,user-00183,tablet,iOS,2.4.1,view,547,4673,5771,1800058725,1800059272,1
logs-row-0000784,log-0000784,log-0000784,user-00184,phone,iOS,2.4.0,logout,562,4704,5808,1800058800,1800059362,1
logs-row-0000785,log-0000785,log-0000785,user-00185,laptop,iOS,2.5.1,login,586,4735,5845,1800058875,1800059461,1
logs-row-0000786,log-0000786,log-0000786,user-00186,desktop,iOS,2.5.0,purchase,600,4766,5882,1800058950,1800059550,1
logs-row-0000787,log-0000787,log-0000787,user-00187,tablet,iOS,2.4.1,login_failed,45,4797,5919,1800059025,1800059070,0
logs-row-0000788,log-0000788,log-0000788,user-00188,phone,iOS,2.4.0,view,644,4828,5956,1800059100,1800059744,1
logs-row-0000789,log-0000789,log-0000789,user-00189,laptop,iOS,2.5.1,logout,661,4859,5993,1800059175,1800059836,1
logs-row-0000790,log-0000790,log-0000790,user-00190,desktop,iOS,2.5.0,login,681,4890,6030,1800059250,1800059931,1
logs-row-0000791,log-0000791,log-0000791,user-00191,tablet,iOS,2.4.1,purchase,699,4921,6067,1800059325,1800060024,1
logs-row-0000792,log-0000792,log-0000792,user-00192,phone,iOS,2.4.0,login_failed,45,4952,6104,1800059400,1800059445,0
logs-row-0000793,log-0000793,log-0000793,user-00193,laptop,iOS,2.5.1,view,733,4983,6141,1800059475,1800060208,1
logs-row-0000794,log-0000794,log-0000794,user-00194,desktop,iOS,2.5.0,logout,755,5014,6178,1800059550,1800060305,1
logs-row-0000795,log-0000795,log-0000795,user-00195,tablet,iOS,2.4.1,login,775,5045,6215,1800059625,1800060400,1
logs-row-0000796,log-0000796,log-0000796,user-00196,phone,iOS,2.4.0,purchase,796,5076,6252,1800059700,1800060496,1
logs-row-0000797,log-0000797,log-0000797,user-00197,laptop,iOS,2.5.1,login_failed,45,5107,6289,1800059775,1800059820,0
logs-row-0000798,log-0000798,log-0000798,user-00198,desktop,iOS,2.5.0,view,829,5138,6326,1800059850,1800060679,1
logs-row-0000799,log-0000799,log-0000799,user-00199,tablet,iOS,2.4.1,logout,848,5169,6363,1800059925,1800060773,1
logs-row-0000800,log-0000800,log-0000800,user-00000,phone,iOS,2.4.0,login,865,5200,6400,1800060000,1800060865,1
logs-row-0000801,log-0000801,log-0000801,user-00001,laptop,iOS,2.5.1,purchase,887,5231,6437,1800060075,1800060962,1
logs-row-0000802,log-0000802,log-0000802,user-00002,desktop,iOS,2.5.0,login_failed,45,5262,6474,1800060150,1800060195,0
logs-row-0000803,log-0000803,log-0000803,user-00003,tablet,iOS,2.4.1,view,925,5293,6511,1800060225,1800061150,1
logs-row-0000804,log-0000804,log-0000804,user-00004,phone,iOS,2.4.0,logout,942,5324,6548,1800060300,1800061242,1
logs-row-0000805,log-0000805,log-0000805,user-00005,laptop,iOS,2.5.1,login,964,5355,6585,1800060375,1800061339,1
logs-row-0000806,log-0000806,log-0000806,user-00006,desktop,iOS,2.5.0,purchase,81,5386,6622,1800060450,1800060531,1
logs-row-0000807,log-0000807,log-0000807,user-00007,tablet,iOS,2.4.1,login_failed,41,417,6659,1800060525,1800060566,0
logs-row-0000808,log-0000808,log-0000808,user-00008,phone,iOS,2.4.0,view,122,448,6696,1800060600,1800060722,1
logs-row-0000809,log-0000809,log-0000809,user-00009,laptop,iOS,2.5.1,logout,136,479,6733,1800060675,1800060811,1
logs-row-0000810,log-0000810,log-0000810,user-00010,desktop,iOS,2.5.0,login,160,510,6770,1800060750,1800060910,1
logs-row-0000811,log-0000811,log-0000811,user-00011,tablet,iOS,2.4.1,purchase,181,541,6807,1800060825,1800061006,1
logs-row-0000812,log-0000812,log-0000812,user-00012,phone,iOS,2.4.0,login_failed,45,572,6844,1800060900,1800060945,0
logs-row-0000813,log-0000813,log-0000813,user-00013,laptop,iOS,2.5.1,view,217,603,6881,1800060975,1800061192,1
logs-row-0000814,log-0000814,log-0000814,user-00014,desktop,iOS,2.5.0,logout,235,634,6918,1800061050,1800061285,1
logs-row-0000815,log-0000815,log-0000815,user-00015,tablet,iOS,2.4.1,login,257,665,6955,1800061125,1800061382,1
logs-row-0000816,log-0000816,log-0000816,user-00016,phone,iOS,2.4.0,purchase,270,696,6992,1800061200,1800061470,1
logs-row-0000817,log-0000817,log-0000817,user-00017,laptop,iOS,2.5.1,login_failed,45,727,7029,1800061275,1800061320,0
logs-row-0000818,log-0000818,log-0000818,user-00018,desktop,iOS,2.5.0,view,310,758,7066,1800061350,1800061660,1
logs-row-0000819,log-0000819,log-0000819,user-00019,tablet,iOS,2.4.1,logout,327,789,7103,1800061425,1800061752,1
logs-row-0000820,log-0000820,log-0000820,user-00020,phone,iOS,2.4.0,login,349,820,7140,1800061500,1800061849,1
logs-row-0000821,log-0000821,log-0000821,user-00021,laptop,iOS,2.5.1,purchase,368,851,7177,1800061575,1800061943,1
logs-row-0000822,log-0000822,log-0000822,user-00022,desktop,iOS,2.5.0,login_failed,45,882,7214,1800061650,1800061695,0
logs-row-0000823,log-0000823,log-0000823,user-00023,tablet,iOS,2.4.1,view,404,913,7251,1800061725,1800062129,1
logs-row-0000824,log-0000824,log-0000824,user-00024,phone,iOS,2.4.0,logout,422,944,7288,1800061800,1800062222,1
logs-row-0000825,log-0000825,log-0000825,user-00025,laptop,iOS,2.5.1,login,447,975,7325,1800061875,1800062322,1
logs-row-0000826,log-0000826,log-0000826,user-00026,desktop,iOS,2.5.0,purchase,465,1006,7362,1800061950,1800062415,1
logs-row-0000827,log-0000827,log-0000827,user-00027,tablet,iOS,2.4.1,login_failed,45,1037,7399,1800062025,1800062070,0
logs-row-0000828,log-0000828,log-0000828,user-00028,phone,iOS,2.4.0,view,498,1068,7436,1800062100,1800062598,1
logs-row-0000829,log-0000829,log-0000829,user-00029,laptop,iOS,2.5.1,logout,518,1099,7473,1800062175,1800062693,1
logs-row-0000830,log-0000830,log-0000830,user-00030,desktop,iOS,2.5.0,login,542,1130,7510,1800062250,1800062792,1
logs-row-0000831,log-0000831,log-0000831,user-00031,tablet,iOS,2.4.1,purchase,556,1161,7547,1800062325,1800062881,1
logs-row-0000832,log-0000832,log-0000832,user-00032,phone,iOS,2.4.0,login_failed,45,1192,7584,1800062400,1800062445,0
logs-row-0000833,log-0000833,log-0000833,user-00033,laptop,iOS,2.5.1,view,596,1223,7621,1800062475,1800063071,1
logs-row-0000834,log-0000834,log-0000834,user-00034,desktop,iOS,2.5.0,logout,618,1254,7658,1800062550,1800063168,1
logs-row-0000835,log-0000835,log-0000835,user-00035,tablet,iOS,2.4.1,login,634,1285,7695,1800062625,1800063259,1
logs-row-0000836,log-0000836,log-0000836,user-00036,phone,iOS,2.4.0,purchase,653,1316,7732,1800062700,1800063353,1
logs-row-0000837,log-0000837,log-0000837,user-00037,laptop,iOS,2.5.1,login_failed,45,1347,7769,1800062775,1800062820,0
logs-row-0000838,log-0000838,log-0000838,user-00038,desktop,iOS,2.5.0,view,690,1378,7806,1800062850,1800063540,1
logs-row-0000839,log-0000839,log-0000839,user-00039,tablet,iOS,2.4.1,logout,709,1409,7843,1800062925,1800063634,1
logs-row-0000840,log-0000840,log-0000840,user-00040,phone,iOS,2.4.0,login,732,1440,7880,1800063000,1800063732,1
logs-row-0000841,log-0000841,log-0000841,user-00041,laptop,iOS,2.5.1,purchase,745,1471,7917,1800063075,1800063820,1
logs-row-0000842,log-0000842,log-0000842,user-00042,desktop,iOS,2.5.0,login_failed,45,1502,7954,1800063150,1800063195,0
logs-row-0000843,log-0000843,log-0000843,user-00043,tablet,iOS,2.4.1,view,789,1533,7991,1800063225,1800064014,1
logs-row-0000844,log-0000844,log-0000844,user-00044,phone,iOS,2.4.0,logout,807,1564,8028,1800063300,1800064107,1
logs-row-0000845,log-0000845,log-0000845,user-00045,laptop,iOS,2.5.1,login,822,1595,8065,1800063375,1800064197,1
logs-row-0000846,log-0000846,log-0000846,user-00046,desktop,iOS,2.5.0,purchase,843,1626,8102,1800063450,1800064293,1
logs-row-0000847,log-0000847,log-0000847,user-00047,tablet,iOS,2.4.1,login_failed,45,1657,8139,1800063525,1800063570,0
logs-row-0000848,log-0000848,log-0000848,user-00048,phone,iOS,2.4.0,view,883,1688,8176,1800063600,1800064483,1
logs-row-0000849,log-0000849,log-0000849,user-00049,laptop,iOS,2.5.1,logout,901,1719,8213,1800063675,1800064576,1
logs-row-0000850,log-0000850,log-0000850,user-00050,desktop,iOS,2.5.0,login,915,1750,8250,1800063750,1800064665,1
logs-row-0000851,log-0000851,log-0000851,user-00051,tablet,iOS,2.4.1,purchase,934,1781,8287,1800063825,1800064759,1
logs-row-0000852,log-0000852,log-0000852,user-00052,phone,iOS,2.4.0,login_failed,45,1812,8324,1800063900,1800063945,0
logs-row-0000853,log-0000853,log-0000853,user-00053,laptop,iOS,2.5.1,view,78,1843,8361,1800063975,1800064053,1
logs-row-0000854,log-0000854,log-0000854,user-00054,desktop,iOS,2.5.0,logout,94,1874,8398,1800064050,1800064144,1
logs-row-0000855,log-0000855,log-0000855,user-00055,tablet,iOS,2.4.1,login,114,1905,8435,1800064125,1800064239,1
logs-row-0000856,log-0000856,log-0000856,user-00056,phone,iOS,2.4.0,purchase,133,1936,8472,1800064200,1800064333,1
logs-row-0000857,log-0000857,log-0000857,user-00057,laptop,iOS,2.5.1,login_failed,45,1967,8509,1800064275,1800064320,0
logs-row-0000858,log-0000858,log-0000858,user-00058,desktop,iOS,2.5.0,view,170,1998,8546,1800064350,1800064520,1
logs-row-0000859,log-0000859,log-0000859,user-00059,tablet,iOS,2.4.1,logout,188,2029,8583,1800064425,1800064613,1
logs-row-0000860,log-0000860,log-0000860,user-00060,phone,iOS,2.4.0,login,206,2060,8620,1800064500,1800064706,1
logs-row-0000861,log-0000861,log-0000861,user-00061,laptop,iOS,2.5.1,purchase,230,2091,8657,1800064575,1800064805,1
logs-row-0000862,log-0000862,log-0000862,user-00062,desktop,iOS,2.5.0,login_failed,45,2122,8694,1800064650,1800064695,0
logs-row-0000863,log-0000863,log-0000863,user-00063,tablet,iOS,2.4.1,view,263,2153,8731,1800064725,1800064988,1
logs-row-0000864,log-0000864,log-0000864,user-00064,phone,iOS,2.4.0,logout,284,2184,8768,1800064800,1800065084,1
logs-row-0000865,log-0000865,log-0000865,user-00065,laptop,iOS,2.5.1,login,307,2215,8805,1800064875,1800065182,1
logs-row-0000866,log-0000866,log-0000866,user-00066,desktop,iOS,2.5.0,purchase,320,2246,8842,1800064950,1800065270,1
logs-row-0000867,log-0000867,log-0000867,user-00067,tablet,iOS,2.4.1,login_failed,45,2277,8879,1800065025,1800065070,0
logs-row-0000868,log-0000868,log-0000868,user-00068,phone,iOS,2.4.0,view,361,2308,8916,1800065100,1800065461,1
logs-row-0000869,log-0000869,log-0000869,user-00069,laptop,iOS,2.5.1,logout,383,2339,8953,1800065175,1800065558,1
logs-row-0000870,log-0000870,log-0000870,user-00070,desktop,iOS,2.5.0,login,399,2370,8990,1800065250,1800065649,1
logs-row-0000871,log-0000871,log-0000871,user-00071,tablet,iOS,2.4.1,purchase,414,2401,9027,1800065325,1800065739,1
logs-row-0000872,log-0000872,log-0000872,user-00072,phone,iOS,2.4.0,login_failed,45,2432,9064,1800065400,1800065445,0
logs-row-0000873,log-0000873,log-0000873,user-00073,laptop,iOS,2.5.1,view,452,2463,9101,1800065475,1800065927,1
logs-row-0000874,log-0000874,log-0000874,user-00074,desktop,iOS,2.5.0,logout,477,2494,9138,1800065550,1800066027,1
logs-row-0000875,log-0000875,log-0000875,user-00075,tablet,iOS,2.4.1,login,497,2525,9175,1800065625,1800066122,1
logs-row-0000876,log-0000876,log-0000876,user-00076,phone,iOS,2.4.0,purchase,511,2556,9212,1800065700,1800066211,1
logs-row-0000877,log-0000877,log-0000877,user-00077,laptop,iOS,2.5.1,login_failed,45,2587,9249,1800065775,1800065820,0
logs-row-0000878,log-0000878,log-0000878,user-00078,desktop,iOS,2.5.0,view,550,2618,9286,1800065850,1800066400,1
logs-row-0000879,log-0000879,log-0000879,user-00079,tablet,iOS,2.4.1,logout,567,2649,9323,1800065925,1800066492,1
logs-row-0000880,log-0000880,log-0000880,user-00080,phone,iOS,2.4.0,login,590,2680,9360,1800066000,1800066590,1
logs-row-0000881,log-0000881,log-0000881,user-00081,laptop,iOS,2.5.1,purchase,609,2711,9397,1800066075,1800066684,1
logs-row-0000882,log-0000882,log-0000882,user-00082,desktop,iOS,2.5.0,login_failed,45,2742,9434,1800066150,1800066195,0
logs-row-0000883,log-0000883,log-0000883,user-00083,tablet,iOS,2.4.1,view,644,2773,9471,1800066225,1800066869,1
logs-row-0000884,log-0000884,log-0000884,user-00084,phone,iOS,2.4.0,logout,667,2804,9508,1800066300,1800066967,1
logs-row-0000885,log-0000885,log-0000885,user-00085,laptop,iOS,2.5.1,login,687,2835,9545,1800066375,1800067062,1
logs-row-0000886,log-0000886,log-0000886,user-00086,desktop,iOS,2.5.0,purchase,705,2866,9582,1800066450,1800067155,1
logs-row-0000887,log-0000887,log-0000887,user-00087,tablet,iOS,2.4.1,login_failed,45,2897,9619,1800066525,1800066570,0
logs-row-0000888,log-0000888,log-0000888,user-00088,phone,iOS,2.4.0,view,739,2928,9656,1800066600,1800067339,1
logs-row-0000889,log-0000889,log-0000889,user-00089,laptop,iOS,2.5.1,logout,759,2959,9693,1800066675,1800067434,1
logs-row-0000890,log-0000890,log-0000890,user-00090,desktop,iOS,2.5.0,login,780,2990,9730,1800066750,1800067530,1
logs-row-0000891,log-0000891,log-0000891,user-00091,tablet,iOS,2.4.1,purchase,799,3021,9767,1800066825,1800067624,1
logs-row-0000892,log-0000892,log-0000892,user-00092,phone,iOS,2.4.0,login_failed,45,3052,9804,1800066900,1800066945,0
logs-row-0000893,log-0000893,log-0000893,user-00093,laptop,iOS,2.5.1,view,835,3083,9841,1800066975,1800067810,1
logs-row-0000894,log-0000894,log-0000894,user-00094,desktop,iOS,2.5.0,logout,856,3114,9878,1800067050,1800067906,1
logs-row-0000895,log-0000895,log-0000895,user-00095,tablet,iOS,2.4.1,login,870,3145,9915,1800067125,1800067995,1
logs-row-0000896,log-0000896,log-0000896,user-00096,phone,iOS,2.4.0,purchase,896,3176,9952,1800067200,1800068096,1
logs-row-0000897,log-0000897,log-0000897,user-00097,laptop,iOS,2.5.1,login_failed,45,3207,9989,1800067275,1800067320,0
logs-row-0000898,log-0000898,log-0000898,user-00098,desktop,iOS,2.5.0,view,928,3238,10026,1800067350,1800068278,1
logs-row-0000899,log-0000899,log-0000899,user-00099,tablet,iOS,2.4.1,logout,950,3269,10063,1800067425,1800068375,1
logs-row-0000900,log-0000900,log-0000900,user-00100,phone,iOS,2.4.0,login,66,3300,10100,1800067500,1800067566,1
logs-row-0000901,log-0000901,log-0000901,user-00101,laptop,iOS,2.5.1,purchase,85,3331,10137,1800067575,1800067660,1
logs-row-0000902,log-0000902,log-0000902,user-00102,desktop,iOS,2.5.0,login_failed,45,3362,10174,1800067650,1800067695,0
logs-row-0000903,log-0000903,log-0000903,user-00103,tablet,iOS,2.4.1,view,126,3393,10211,1800067725,1800067851,1
logs-row-0000904,log-0000904,log-0000904,user-00104,phone,iOS,2.4.0,logout,142,3424,10248,1800067800,1800067942,1
logs-row-0000905,log-0000905,log-0000905,user-00105,laptop,iOS,2.5.1,login,164,3455,10285,1800067875,1800068039,1
logs-row-0000906,log-0000906,log-0000906,user-00106,desktop,iOS,2.5.0,purchase,182,3486,10322,1800067950,1800068132,1
logs-row-0000907,log-0000907,log-0000907,user-00107,tablet,iOS,2.4.1,login_failed,45,3517,10359,1800068025,1800068070,0
logs-row-0000908,log-0000908,log-0000908,user-00108,phone,iOS,2.4.0,view,221,3548,10396,1800068100,1800068321,1
logs-row-0000909,log-0000909,log-0000909,user-00109,laptop,iOS,2.5.1,logout,240,3579,10433,1800068175,1800068415,1
logs-row-0000910,log-0000910,log-0000910,user-00110,desktop,iOS,2.5.0,login,261,3610,10470,1800068250,1800068511,1
logs-row-0000911,log-0000911,log-0000911,user-00111,tablet,iOS,2.4.1,purchase,277,3641,10507,1800068325,1800068602,1
logs-row-0000912,log-0000912,log-0000912,user-00112,phone,iOS,2.4.0,login_failed,45,3672,10544,1800068400,1800068445,0
logs-row-0000913,log-0000913,log-0000913,user-00113,laptop,iOS,2.5.1,view,315,3703,10581,1800068475,1800068790,1
logs-row-0000914,log-0000914,log-0000914,user-00114,desktop,iOS,2.5.0,logout,332,3734,10618,1800068550,1800068882,1
logs-row-0000915,log-0000915,log-0000915,user-00115,tablet,iOS,2.4.1,login,351,3765,10655,1800068625,1800068976,1
logs-row-0000916,log-0000916,log-0000916,user-00116,phone,iOS,2.4.0,purchase,376,3796,10692,1800068700,1800069076,1
logs-row-0000917,log-0000917,log-0000917,user-00117,laptop,iOS,2.5.1,login_failed,45,3827,10729,1800068775,1800068820,0
logs-row-0000918,log-0000918,log-0000918,user-00118,desktop,iOS,2.5.0,view,414,3858,10766,1800068850,1800069264,1
logs-row-0000919,log-0000919,log-0000919,user-00119,tablet,iOS,2.4.1,logout,429,3889,10803,1800068925,1800069354,1
logs-row-0000920,log-0000920,log-0000920,user-00120,phone,iOS,2.4.0,login,449,3920,10840,1800069000,1800069449,1
logs-row-0000921,log-0000921,log-0000921,user-00121,laptop,iOS,2.5.1,purchase,464,3951,10877,1800069075,1800069539,1
logs-row-0000922,log-0000922,log-0000922,user-00122,desktop,iOS,2.5.0,login_failed,45,3982,10914,1800069150,1800069195,0
logs-row-0000923,log-0000923,log-0000923,user-00123,tablet,iOS,2.4.1,view,505,4013,10951,1800069225,1800069730,1
logs-row-0000924,log-0000924,log-0000924,user-00124,phone,iOS,2.4.0,logout,521,4044,10988,1800069300,1800069821,1
logs-row-0000925,log-0000925,log-0000925,user-00125,laptop,iOS,2.5.1,login,546,4075,11025,1800069375,1800069921,1
logs-row-0000926,log-0000926,log-0000926,user-00126,desktop,iOS,2.5.0,purchase,565,4106,11062,1800069450,1800070015,1
logs-row-0000927,log-0000927,log-0000927,user-00127,tablet,iOS,2.4.1,login_failed,45,4137,11099,1800069525,1800069570,0
logs-row-0000928,log-0000928,log-0000928,user-00128,phone,iOS,2.4.0,view,604,4168,11136,1800069600,1800070204,1
logs-row-0000929,log-0000929,log-0000929,user-00129,laptop,iOS,2.5.1,logout,618,4199,11173,1800069675,1800070293,1
logs-row-0000930,log-0000930,log-0000930,user-00130,desktop,iOS,2.5.0,login,635,4230,11210,1800069750,1800070385,1
logs-row-0000931,log-0000931,log-0000931,user-00131,tablet,iOS,2.4.1,purchase,661,4261,11247,1800069825,1800070486,1
logs-row-0000932,log-0000932,log-0000932,user-00132,phone,iOS,2.4.0,login_failed,45,4292,11284,1800069900,1800069945,0
logs-row-0000933,log-0000933,log-0000933,user-00133,laptop,iOS,2.5.1,view,696,4323,11321,1800069975,1800070671,1
logs-row-0000934,log-0000934,log-0000934,user-00134,desktop,iOS,2.5.0,logout,714,4354,11358,1800070050,1800070764,1
logs-row-0000935,log-0000935,log-0000935,user-00135,tablet,iOS,2.4.1,login,732,4385,11395,1800070125,1800070857,1
logs-row-0000936,log-0000936,log-0000936,user-00136,phone,iOS,2.4.0,purchase,756,4416,11432,1800070200,1800070956,1
logs-row-0000937,log-0000937,log-0000937,user-00137,laptop,iOS,2.5.1,login_failed,45,4447,11469,1800070275,1800070320,0
logs-row-0000938,log-0000938,log-0000938,user-00138,desktop,iOS,2.5.0,view,787,4478,11506,1800070350,1800071137,1
logs-row-0000939,log-0000939,log-0000939,user-00139,tablet,iOS,2.4.1,logout,808,4509,11543,1800070425,1800071233,1
logs-row-0000940,log-0000940,log-0000940,user-00140,phone,iOS,2.4.0,login,830,4540,11580,1800070500,1800071330,1
logs-row-0000941,log-0000941,log-0000941,user-00141,laptop,iOS,2.5.1,purchase,848,4571,11617,1800070575,1800071423,1
logs-row-0000942,log-0000942,log-0000942,user-00142,desktop,iOS,2.5.0,login_failed,45,4602,11654,1800070650,1800070695,0
logs-row-0000943,log-0000943,log-0000943,user-00143,tablet,iOS,2.4.1,view,887,4633,11691,1800070725,1800071612,1
logs-row-0000944,log-0000944,log-0000944,user-00144,phone,iOS,2.4.0,logout,903,4664,11728,1800070800,1800071703,1
logs-row-0000945,log-0000945,log-0000945,user-00145,laptop,iOS,2.5.1,login,920,4695,11765,1800070875,1800071795,1
logs-row-0000946,log-0000946,log-0000946,user-00146,desktop,iOS,2.5.0,purchase,939,4726,11802,1800070950,1800071889,1
logs-row-0000947,log-0000947,log-0000947,user-00147,tablet,iOS,2.4.1,login_failed,45,4757,11839,1800071025,1800071070,0
logs-row-0000948,log-0000948,log-0000948,user-00148,phone,iOS,2.4.0,view,78,4788,11876,1800071100,1800071178,1
logs-row-0000949,log-0000949,log-0000949,user-00149,laptop,iOS,2.5.1,logout,101,4819,11913,1800071175,1800071276,1
logs-row-0000950,log-0000950,log-0000950,user-00150,desktop,iOS,2.5.0,login,121,4850,11950,1800071250,1800071371,1
logs-row-0000951,log-0000951,log-0000951,user-00151,tablet,iOS,2.4.1,purchase,137,4881,11987,1800071325,1800071462,1
logs-row-0000952,log-0000952,log-0000952,user-00152,phone,iOS,2.4.0,login_failed,45,4912,12024,1800071400,1800071445,0
logs-row-0000953,log-0000953,log-0000953,user-00153,laptop,iOS,2.5.1,view,178,4943,12061,1800071475,1800071653,1
logs-row-0000954,log-0000954,log-0000954,user-00154,desktop,iOS,2.5.0,logout,193,4974,12098,1800071550,1800071743,1
logs-row-0000955,log-0000955,log-0000955,user-00155,tablet,iOS,2.4.1,login,211,5005,12135,1800071625,1800071836,1
logs-row-0000956,log-0000956,log-0000956,user-00156,phone,iOS,2.4.0,purchase,231,5036,12172,1800071700,1800071931,1
logs-row-0000957,log-0000957,log-0000957,user-00157,laptop,iOS,2.5.1,login_failed,45,5067,12209,1800071775,1800071820,0
logs-row-0000958,log-0000958,log-0000958,user-00158,desktop,iOS,2.5.0,view,268,5098,12246,1800071850,1800072118,1
logs-row-0000959,log-0000959,log-0000959,user-00159,tablet,iOS,2.4.1,logout,288,5129,12283,1800071925,1800072213,1
logs-row-0000960,log-0000960,log-0000960,user-00160,phone,iOS,2.4.0,login,310,5160,12320,1800072000,1800072310,1
logs-row-0000961,log-0000961,log-0000961,user-00161,laptop,iOS,2.5.1,purchase,328,5191,12357,1800072075,1800072403,1
logs-row-0000962,log-0000962,log-0000962,user-00162,desktop,iOS,2.5.0,login_failed,45,5222,12394,1800072150,1800072195,0
logs-row-0000963,log-0000963,log-0000963,user-00163,tablet,iOS,2.4.1,view,368,5253,12431,1800072225,1800072593,1
logs-row-0000964,log-0000964,log-0000964,user-00164,phone,iOS,2.4.0,logout,384,5284,12468,1800072300,1800072684,1
logs-row-0000965,log-0000965,log-0000965,user-00165,laptop,iOS,2.5.1,login,400,5315,12505,1800072375,1800072775,1
logs-row-0000966,log-0000966,log-0000966,user-00166,desktop,iOS,2.5.0,purchase,421,5346,12542,1800072450,1800072871,1
logs-row-0000967,log-0000967,log-0000967,user-00167,tablet,iOS,2.4.1,login_failed,45,5377,12579,1800072525,1800072570,0
logs-row-0000968,log-0000968,log-0000968,user-00168,phone,iOS,2.4.0,view,459,408,12616,1800072600,1800073059,1
logs-row-0000969,log-0000969,log-0000969,user-00169,laptop,iOS,2.5.1,logout,481,439,12653,1800072675,1800073156,1
logs-row-0000970,log-0000970,log-0000970,user-00170,desktop,iOS,2.5.0,login,496,470,12690,1800072750,1800073246,1
logs-row-0000971,log-0000971,log-0000971,user-00171,tablet,iOS,2.4.1,purchase,515,501,12727,1800072825,1800073340,1
logs-row-0000972,log-0000972,log-0000972,user-00172,phone,iOS,2.4.0,login_failed,45,532,12764,1800072900,1800072945,0
logs-row-0000973,log-0000973,log-0000973,user-00173,laptop,iOS,2.5.1,view,558,563,801,1800072975,1800073533,1
logs-row-0000974,log-0000974,log-0000974,user-00174,desktop,iOS,2.5.0,logout,574,594,838,1800073050,1800073624,1
logs-row-0000975,log-0000975,log-0000975,user-00175,tablet,iOS,2.4.1,login,590,625,875,1800073125,1800073715,1
logs-row-0000976,log-0000976,log-0000976,user-00176,phone,iOS,2.4.0,purchase,612,656,912,1800073200,1800073812,1
logs-row-0000977,log-0000977,log-0000977,user-00177,laptop,iOS,2.5.1,login_failed,45,687,949,1800073275,1800073320,0
logs-row-0000978,log-0000978,log-0000978,user-00178,desktop,iOS,2.5.0,view,653,718,986,1800073350,1800074003,1
logs-row-0000979,log-0000979,log-0000979,user-00179,tablet,iOS,2.4.1,logout,671,749,1023,1800073425,1800074096,1
logs-row-0000980,log-0000980,log-0000980,user-00180,phone,iOS,2.4.0,login,692,780,1060,1800073500,1800074192,1
logs-row-0000981,log-0000981,log-0000981,user-00181,laptop,iOS,2.5.1,purchase,707,811,1097,1800073575,1800074282,1
logs-row-0000982,log-0000982,log-0000982,user-00182,desktop,iOS,2.5.0,login_failed,45,842,1134,1800073650,1800073695,0
logs-row-0000983,log-0000983,log-0000983,user-00183,tablet,iOS,2.4.1,view,749,873,1171,1800073725,1800074474,1
logs-row-0000984,log-0000984,log-0000984,user-00184,phone,iOS,2.4.0,logout,762,904,1208,1800073800,1800074562,1
logs-row-0000985,log-0000985,log-0000985,user-00185,laptop,iOS,2.5.1,login,785,935,1245,1800073875,1800074660,1
logs-row-0000986,log-0000986,log-0000986,user-00186,desktop,iOS,2.5.0,purchase,805,966,1282,1800073950,1800074755,1
logs-row-0000987,log-0000987,log-0000987,user-00187,tablet,iOS,2.4.1,login_failed,45,997,1319,1800074025,1800074070,0
logs-row-0000988,log-0000988,log-0000988,user-00188,phone,iOS,2.4.0,view,842,1028,1356,1800074100,1800074942,1
logs-row-0000989,log-0000989,log-0000989,user-00189,laptop,iOS,2.5.1,logout,857,1059,1393,1800074175,1800075032,1
logs-row-0000990,log-0000990,log-0000990,user-00190,desktop,iOS,2.5.0,login,875,1090,1430,1800074250,1800075125,1
logs-row-0000991,log-0000991,log-0000991,user-00191,tablet,iOS,2.4.1,purchase,894,1121,1467,1800074325,1800075219,1
logs-row-0000992,log-0000992,log-0000992,user-00192,phone,iOS,2.4.0,login_failed,45,1152,1504,1800074400,1800074445,0
logs-row-0000993,log-0000993,log-0000993,user-00193,laptop,iOS,2.5.1,view,932,1183,1541,1800074475,1800075407,1
logs-row-0000994,log-0000994,log-0000994,user-00194,desktop,iOS,2.5.0,logout,954,1214,1578,1800074550,1800075504,1
logs-row-0000995,log-0000995,log-0000995,user-00195,tablet,iOS,2.4.1,login,70,1245,1615,1800074625,1800074695,1
logs-row-0000996,log-0000996,log-0000996,user-00196,phone,iOS,2.4.0,purchase,93,1276,1652,1800074700,1800074793,1
logs-row-0000997,log-0000997,log-0000997,user-00197,laptop,iOS,2.5.1,login_failed,45,1307,1689,1800074775,1800074820,0
logs-row-0000998,log-0000998,log-0000998,user-00198,desktop,iOS,2.5.0,view,133,1338,1726,1800074850,1800074983,1
logs-row-0000999,log-0000999,log-0000999,user-00199,tablet,iOS,2.4.1,logout,149,1369,1763,1800074925,1800075074,1
logs-row-0001000,log-0001000,log-0001000,user-00000,phone,iOS,2.4.0,login,165,1400,1800,1800075000,1800075165,1
logs-row-0001001,log-0001001,log-0001001,user-00001,laptop,iOS,2.5.1,purchase,185,1431,1837,1800075075,1800075260,1
logs-row-0001002,log-0001002,log-0001002,user-00002,desktop,iOS,2.5.0,login_failed,45,1462,1874,1800075150,1800075195,0
logs-row-0001003,log-0001003,log-0001003,user-00003,tablet,iOS,2.4.1,view,228,1493,1911,1800075225,1800075453,1
logs-row-0001004,log-0001004,log-0001004,user-00004,phone,iOS,2.4.0,logout,244,1524,1948,1800075300,1800075544,1
logs-row-0001005,log-0001005,log-0001005,user-00005,laptop,iOS,2.5.1,login,265,1555,1985,1800075375,1800075640,1
logs-row-0001006,log-0001006,log-0001006,user-00006,desktop,iOS,2.5.0,purchase,285,1586,2022,1800075450,1800075735,1
logs-row-0001007,log-0001007,log-0001007,user-00007,tablet,iOS,2.4.1,login_failed,45,1617,2059,1800075525,1800075570,0
logs-row-0001008,log-0001008,log-0001008,user-00008,phone,iOS,2.4.0,view,322,1648,2096,1800075600,1800075922,1
logs-row-0001009,log-0001009,log-0001009,user-00009,laptop,iOS,2.5.1,logout,342,1679,2133,1800075675,1800076017,1
logs-row-0001010,log-0001010,log-0001010,user-00010,desktop,iOS,2.5.0,login,359,1710,2170,1800075750,1800076109,1
logs-row-0001011,log-0001011,log-0001011,user-00011,tablet,iOS,2.4.1,purchase,374,1741,2207,1800075825,1800076199,1
logs-row-0001012,log-0001012,log-0001012,user-00012,phone,iOS,2.4.0,login_failed,45,1772,2244,1800075900,1800075945,0
logs-row-0001013,log-0001013,log-0001013,user-00013,laptop,iOS,2.5.1,view,413,1803,2281,1800075975,1800076388,1
logs-row-0001014,log-0001014,log-0001014,user-00014,desktop,iOS,2.5.0,logout,437,1834,2318,1800076050,1800076487,1
logs-row-0001015,log-0001015,log-0001015,user-00015,tablet,iOS,2.4.1,login,457,1865,2355,1800076125,1800076582,1
logs-row-0001016,log-0001016,log-0001016,user-00016,phone,iOS,2.4.0,purchase,472,1896,2392,1800076200,1800076672,1
logs-row-0001017,log-0001017,log-0001017,user-00017,laptop,iOS,2.5.1,login_failed,45,1927,2429,1800076275,1800076320,0
logs-row-0001018,log-0001018,log-0001018,user-00018,desktop,iOS,2.5.0,view,508,1958,2466,1800076350,1800076858,1
logs-row-0001019,log-0001019,log-0001019,user-00019,tablet,iOS,2.4.1,logout,532,1989,2503,1800076425,1800076957,1
logs-row-0001020,log-0001020,log-0001020,user-00020,phone,iOS,2.4.0,login,552,2020,2540,1800076500,1800077052,1
logs-row-0001021,log-0001021,log-0001021,user-00021,laptop,iOS,2.5.1,purchase,567,2051,2577,1800076575,1800077142,1
logs-row-0001022,log-0001022,log-0001022,user-00022,desktop,iOS,2.5.0,login_failed,45,2082,2614,1800076650,1800076695,0
logs-row-0001023,log-0001023,log-0001023,user-00023,tablet,iOS,2.4.1,view,602,2113,2651,1800076725,1800077327,1
logs-row-0001024,log-0001024,log-0001024,user-00024,phone,iOS,2.4.0,logout,625,2144,2688,1800076800,1800077425,1
logs-row-0001025,log-0001025,log-0001025,user-00025,laptop,iOS,2.5.1,login,644,2175,2725,1800076875,1800077519,1
logs-row-0001026,log-0001026,log-0001026,user-00026,desktop,iOS,2.5.0,purchase,665,2206,2762,1800076950,1800077615,1
logs-row-0001027,log-0001027,log-0001027,user-00027,tablet,iOS,2.4.1,login_failed,45,2237,2799,1800077025,1800077070,0
logs-row-0001028,log-0001028,log-0001028,user-00028,phone,iOS,2.4.0,view,702,2268,2836,1800077100,1800077802,1
logs-row-0001029,log-0001029,log-0001029,user-00029,laptop,iOS,2.5.1,logout,720,2299,2873,1800077175,1800077895,1
logs-row-0001030,log-0001030,log-0001030,user-00030,desktop,iOS,2.5.0,login,742,2330,2910,1800077250,1800077992,1
logs-row-0001031,log-0001031,log-0001031,user-00031,tablet,iOS,2.4.1,purchase,757,2361,2947,1800077325,1800078082,1
logs-row-0001032,log-0001032,log-0001032,user-00032,phone,iOS,2.4.0,login_failed,45,2392,2984,1800077400,1800077445,0
logs-row-0001033,log-0001033,log-0001033,user-00033,laptop,iOS,2.5.1,view,794,2423,3021,1800077475,1800078269,1
logs-row-0001034,log-0001034,log-0001034,user-00034,desktop,iOS,2.5.0,logout,812,2454,3058,1800077550,1800078362,1
logs-row-0001035,log-0001035,log-0001035,user-00035,tablet,iOS,2.4.1,login,830,2485,3095,1800077625,1800078455,1
logs-row-0001036,log-0001036,log-0001036,user-00036,phone,iOS,2.4.0,purchase,854,2516,3132,1800077700,1800078554,1
logs-row-0001037,log-0001037,log-0001037,user-00037,laptop,iOS,2.5.1,login_failed,45,2547,3169,1800077775,1800077820,0
logs-row-0001038,log-0001038,log-0001038,user-00038,desktop,iOS,2.5.0,view,889,2578,3206,1800077850,1800078739,1
logs-row-0001039,log-0001039,log-0001039,user-00039,tablet,iOS,2.4.1,logout,912,2609,3243,1800077925,1800078837,1
logs-row-0001040,log-0001040,log-0001040,user-00040,phone,iOS,2.4.0,login,925,2640,3280,1800078000,1800078925,1
logs-row-0001041,log-0001041,log-0001041,user-00041,laptop,iOS,2.5.1,purchase,949,2671,3317,1800078075,1800079024,1
logs-row-0001042,log-0001042,log-0001042,user-00042,desktop,iOS,2.5.0,login_failed,8,2702,3354,1800078150,1800078158,0
logs-row-0001043,log-0001043,log-0001043,user-00043,tablet,iOS,2.4.1,view,88,2733,3391,1800078225,1800078313,1
logs-row-0001044,log-0001044,log-0001044,user-00044,phone,iOS,2.4.0,logout,108,2764,3428,1800078300,1800078408,1
logs-row-0001045,log-0001045,log-0001045,user-00045,laptop,iOS,2.5.1,login,127,2795,3465,1800078375,1800078502,1
logs-row-0001046,log-0001046,log-0001046,user-00046,desktop,iOS,2.5.0,purchase,140,2826,3502,1800078450,1800078590,1
logs-row-0001047,log-0001047,log-0001047,user-00047,tablet,iOS,2.4.1,login_failed,45,2857,3539,1800078525,1800078570,0
logs-row-0001048,log-0001048,log-0001048,user-00048,phone,iOS,2.4.0,view,184,2888,3576,1800078600,1800078784,1
logs-row-0001049,log-0001049,log-0001049,user-00049,laptop,iOS,2.5.1,logout,203,2919,3613,1800078675,1800078878,1
logs-row-0001050,log-0001050,log-0001050,user-00050,desktop,iOS,2.5.0,login,217,2950,3650,1800078750,1800078967,1
logs-row-0001051,log-0001051,log-0001051,user-00051,tablet,iOS,2.4.1,purchase,236,2981,3687,1800078825,1800079061,1
logs-row-0001052,log-0001052,log-0001052,user-00052,phone,iOS,2.4.0,login_failed,45,3012,3724,1800078900,1800078945,0
logs-row-0001053,log-0001053,log-0001053,user-00053,laptop,iOS,2.5.1,view,275,3043,3761,1800078975,1800079250,1
logs-row-0001054,log-0001054,log-0001054,user-00054,desktop,iOS,2.5.0,logout,297,3074,3798,1800079050,1800079347,1
logs-row-0001055,log-0001055,log-0001055,user-00055,tablet,iOS,2.4.1,login,310,3105,3835,1800079125,1800079435,1
logs-row-0001056,log-0001056,log-0001056,user-00056,phone,iOS,2.4.0,purchase,336,3136,3872,1800079200,1800079536,1
logs-row-0001057,log-0001057,log-0001057,user-00057,laptop,iOS,2.5.1,login_failed,45,3167,3909,1800079275,1800079320,0
logs-row-0001058,log-0001058,log-0001058,user-00058,desktop,iOS,2.5.0,view,370,3198,3946,1800079350,1800079720,1
logs-row-0001059,log-0001059,log-0001059,user-00059,tablet,iOS,2.4.1,logout,387,3229,3983,1800079425,1800079812,1
logs-row-0001060,log-0001060,log-0001060,user-00060,phone,iOS,2.4.0,login,409,3260,4020,1800079500,1800079909,1
logs-row-0001061,log-0001061,log-0001061,user-00061,laptop,iOS,2.5.1,purchase,424,3291,4057,1800079575,1800079999,1
logs-row-0001062,log-0001062,log-0001062,user-00062,desktop,iOS,2.5.0,login_failed,45,3322,4094,1800079650,1800079695,0
logs-row-0001063,log-0001063,log-0001063,user-00063,tablet,iOS,2.4.1,view,466,3353,4131,1800079725,1800080191,1
logs-row-0001064,log-0001064,log-0001064,user-00064,phone,iOS,2.4.0,logout,486,3384,4168,1800079800,1800080286,1
logs-row-0001065,log-0001065,log-0001065,user-00065,laptop,iOS,2.5.1,login,504,3415,4205,1800079875,1800080379,1
logs-row-0001066,log-0001066,log-0001066,user-00066,desktop,iOS,2.5.0,purchase,519,3446,4242,1800079950,1800080469,1
logs-row-0001067,log-0001067,log-0001067,user-00067,tablet,iOS,2.4.1,login_failed,45,3477,4279,1800080025,1800080070,0
logs-row-0001068,log-0001068,log-0001068,user-00068,phone,iOS,2.4.0,view,562,3508,4316,1800080100,1800080662,1
logs-row-0001069,log-0001069,log-0001069,user-00069,laptop,iOS,2.5.1,logout,577,3539,4353,1800080175,1800080752,1
logs-row-0001070,log-0001070,log-0001070,user-00070,desktop,iOS,2.5.0,login,601,3570,4390,1800080250,1800080851,1
logs-row-0001071,log-0001071,log-0001071,user-00071,tablet,iOS,2.4.1,purchase,614,3601,4427,1800080325,1800080939,1
logs-row-0001072,log-0001072,log-0001072,user-00072,phone,iOS,2.4.0,login_failed,45,3632,4464,1800080400,1800080445,0
logs-row-0001073,log-0001073,log-0001073,user-00073,laptop,iOS,2.5.1,view,652,3663,4501,1800080475,1800081127,1
logs-row-0001074,log-0001074,log-0001074,user-00074,desktop,iOS,2.5.0,logout,678,3694,4538,1800080550,1800081228,1
logs-row-0001075,log-0001075,log-0001075,user-00075,tablet,iOS,2.4.1,login,694,3725,4575,1800080625,1800081319,1
logs-row-0001076,log-0001076,log-0001076,user-00076,phone,iOS,2.4.0,purchase,711,3756,4612,1800080700,1800081411,1
logs-row-0001077,log-0001077,log-0001077,user-00077,laptop,iOS,2.5.1,login_failed,45,3787,4649,1800080775,1800080820,0
logs-row-0001078,log-0001078,log-0001078,user-00078,desktop,iOS,2.5.0,view,747,3818,4686,1800080850,1800081597,1
logs-row-0001079,log-0001079,log-0001079,user-00079,tablet,iOS,2.4.1,logout,773,3849,4723,1800080925,1800081698,1
logs-row-0001080,log-0001080,log-0001080,user-00080,phone,iOS,2.4.0,login,788,3880,4760,1800081000,1800081788,1
logs-row-0001081,log-0001081,log-0001081,user-00081,laptop,iOS,2.5.1,purchase,809,3911,4797,1800081075,1800081884,1
logs-row-0001082,log-0001082,log-0001082,user-00082,desktop,iOS,2.5.0,login_failed,45,3942,4834,1800081150,1800081195,0
logs-row-0001083,log-0001083,log-0001083,user-00083,tablet,iOS,2.4.1,view,847,3973,4871,1800081225,1800082072,1
logs-row-0001084,log-0001084,log-0001084,user-00084,phone,iOS,2.4.0,logout,867,4004,4908,1800081300,1800082167,1
logs-row-0001085,log-0001085,log-0001085,user-00085,laptop,iOS,2.5.1,login,883,4035,4945,1800081375,1800082258,1
logs-row-0001086,log-0001086,log-0001086,user-00086,desktop,iOS,2.5.0,purchase,906,4066,4982,1800081450,1800082356,1
logs-row-0001087,log-0001087,log-0001087,user-00087,tablet,iOS,2.4.1,login_failed,45,4097,5019,1800081525,1800081570,0
logs-row-0001088,log-0001088,log-0001088,user-00088,phone,iOS,2.4.0,view,940,4128,5056,1800081600,1800082540,1
logs-row-0001089,log-0001089,log-0001089,user-00089,laptop,iOS,2.5.1,logout,961,4159,5093,1800081675,1800082636,1
logs-row-0001090,log-0001090,log-0001090,user-00090,desktop,iOS,2.5.0,login,78,4190,5130,1800081750,1800081828,1
logs-row-0001091,log-0001091,log-0001091,user-00091,tablet,iOS,2.4.1,purchase,96,4221,5167,1800081825,1800081921,1
logs-row-0001092,log-0001092,log-0001092,user-00092,phone,iOS,2.4.0,login_failed,45,4252,5204,1800081900,1800081945,0
logs-row-0001093,log-0001093,log-0001093,user-00093,laptop,iOS,2.5.1,view,139,4283,5241,1800081975,1800082114,1
logs-row-0001094,log-0001094,log-0001094,user-00094,desktop,iOS,2.5.0,logout,151,4314,5278,1800082050,1800082201,1
logs-row-0001095,log-0001095,log-0001095,user-00095,tablet,iOS,2.4.1,login,175,4345,5315,1800082125,1800082300,1
logs-row-0001096,log-0001096,log-0001096,user-00096,phone,iOS,2.4.0,purchase,195,4376,5352,1800082200,1800082395,1
logs-row-0001097,log-0001097,log-0001097,user-00097,laptop,iOS,2.5.1,login_failed,45,4407,5389,1800082275,1800082320,0
logs-row-0001098,log-0001098,log-0001098,user-00098,desktop,iOS,2.5.0,view,227,4438,5426,1800082350,1800082577,1
logs-row-0001099,log-0001099,log-0001099,user-00099,tablet,iOS,2.4.1,logout,248,4469,5463,1800082425,1800082673,1
logs-row-0001100,log-0001100,log-0001100,user-00100,phone,iOS,2.4.0,login,265,4500,5500,1800082500,1800082765,1
logs-row-0001101,log-0001101,log-0001101,user-00101,laptop,iOS,2.5.1,purchase,289,4531,5537,1800082575,1800082864,1
logs-row-0001102,log-0001102,log-0001102,user-00102,desktop,iOS,2.5.0,login_failed,45,4562,5574,1800082650,1800082695,0
logs-row-0001103,log-0001103,log-0001103,user-00103,tablet,iOS,2.4.1,view,324,4593,5611,1800082725,1800083049,1
logs-row-0001104,log-0001104,log-0001104,user-00104,phone,iOS,2.4.0,logout,344,4624,5648,1800082800,1800083144,1
logs-row-0001105,log-0001105,log-0001105,user-00105,laptop,iOS,2.5.1,login,364,4655,5685,1800082875,1800083239,1
logs-row-0001106,log-0001106,log-0001106,user-00106,desktop,iOS,2.5.0,purchase,384,4686,5722,1800082950,1800083334,1
logs-row-0001107,log-0001107,log-0001107,user-00107,tablet,iOS,2.4.1,login_failed,45,4717,5759,1800083025,1800083070,0
logs-row-0001108,log-0001108,log-0001108,user-00108,phone,iOS,2.4.0,view,418,4748,5796,1800083100,1800083518,1
logs-row-0001109,log-0001109,log-0001109,user-00109,laptop,iOS,2.5.1,logout,437,4779,5833,1800083175,1800083612,1
logs-row-0001110,log-0001110,log-0001110,user-00110,desktop,iOS,2.5.0,login,456,4810,5870,1800083250,1800083706,1
logs-row-0001111,log-0001111,log-0001111,user-00111,tablet,iOS,2.4.1,purchase,477,4841,5907,1800083325,1800083802,1
logs-row-0001112,log-0001112,log-0001112,user-00112,phone,iOS,2.4.0,login_failed,45,4872,5944,1800083400,1800083445,0
logs-row-0001113,log-0001113,log-0001113,user-00113,laptop,iOS,2.5.1,view,519,4903,5981,1800083475,1800083994,1
logs-row-0001114,log-0001114,log-0001114,user-00114,desktop,iOS,2.5.0,logout,532,4934,6018,1800083550,1800084082,1
logs-row-0001115,log-0001115,log-0001115,user-00115,tablet,iOS,2.4.1,login,550,4965,6055,1800083625,1800084175,1
logs-row-0001116,log-0001116,log-0001116,user-00116,phone,iOS,2.4.0,purchase,575,4996,6092,1800083700,1800084275,1
logs-row-0001117,log-0001117,log-0001117,user-00117,laptop,iOS,2.5.1,login_failed,45,5027,6129,1800083775,1800083820,0
logs-row-0001118,log-0001118,log-0001118,user-00118,desktop,iOS,2.5.0,view,613,5058,6166,1800083850,1800084463,1
logs-row-0001119,log-0001119,log-0001119,user-00119,tablet,iOS,2.4.1,logout,631,5089,6203,1800083925,1800084556,1
logs-row-0001120,log-0001120,log-0001120,user-00120,phone,iOS,2.4.0,login,649,5120,6240,1800084000,1800084649,1
logs-row-0001121,log-0001121,log-0001121,user-00121,laptop,iOS,2.5.1,purchase,664,5151,6277,1800084075,1800084739,1
logs-row-0001122,log-0001122,log-0001122,user-00122,desktop,iOS,2.5.0,login_failed,45,5182,6314,1800084150,1800084195,0
logs-row-0001123,log-0001123,log-0001123,user-00123,tablet,iOS,2.4.1,view,703,5213,6351,1800084225,1800084928,1
logs-row-0001124,log-0001124,log-0001124,user-00124,phone,iOS,2.4.0,logout,728,5244,6388,1800084300,1800085028,1
logs-row-0001125,log-0001125,log-0001125,user-00125,laptop,iOS,2.5.1,login,745,5275,6425,1800084375,1800085120,1
logs-row-0001126,log-0001126,log-0001126,user-00126,desktop,iOS,2.5.0,purchase,765,5306,6462,1800084450,1800085215,1
logs-row-0001127,log-0001127,log-0001127,user-00127,tablet,iOS,2.4.1,login_failed,45,5337,6499,1800084525,1800084570,0
logs-row-0001128,log-0001128,log-0001128,user-00128,phone,iOS,2.4.0,view,800,5368,6536,1800084600,1800085400,1
logs-row-0001129,log-0001129,log-0001129,user-00129,laptop,iOS,2.5.1,logout,821,5399,6573,1800084675,1800085496,1
logs-row-0001130,log-0001130,log-0001130,user-00130,desktop,iOS,2.5.0,login,841,430,6610,1800084750,1800085591,1
logs-row-0001131,log-0001131,log-0001131,user-00131,tablet,iOS,2.4.1,purchase,861,461,6647,1800084825,1800085686,1
logs-row-0001132,log-0001132,log-0001132,user-00132,phone,iOS,2.4.0,login_failed,45,492,6684,1800084900,1800084945,0
logs-row-0001133,log-0001133,log-0001133,user-00133,laptop,iOS,2.5.1,view,892,523,6721,1800084975,1800085867,1
logs-row-0001134,log-0001134,log-0001134,user-00134,desktop,iOS,2.5.0,logout,912,554,6758,1800085050,1800085962,1
logs-row-0001135,log-0001135,log-0001135,user-00135,tablet,iOS,2.4.1,login,932,585,6795,1800085125,1800086057,1
logs-row-0001136,log-0001136,log-0001136,user-00136,phone,iOS,2.4.0,purchase,954,616,6832,1800085200,1800086154,1
logs-row-0001137,log-0001137,log-0001137,user-00137,laptop,iOS,2.5.1,login_failed,14,647,6869,1800085275,1800085289,0
logs-row-0001138,log-0001138,log-0001138,user-00138,desktop,iOS,2.5.0,view,87,678,6906,1800085350,1800085437,1
logs-row-0001139,log-0001139,log-0001139,user-00139,tablet,iOS,2.4.1,logout,106,709,6943,1800085425,1800085531,1
logs-row-0001140,log-0001140,log-0001140,user-00140,phone,iOS,2.4.0,login,126,740,6980,1800085500,1800085626,1
logs-row-0001141,log-0001141,log-0001141,user-00141,laptop,iOS,2.5.1,purchase,151,771,7017,1800085575,1800085726,1
logs-row-0001142,log-0001142,log-0001142,user-00142,desktop,iOS,2.5.0,login_failed,45,802,7054,1800085650,1800085695,0
logs-row-0001143,log-0001143,log-0001143,user-00143,tablet,iOS,2.4.1,view,188,833,7091,1800085725,1800085913,1
logs-row-0001144,log-0001144,log-0001144,user-00144,phone,iOS,2.4.0,logout,206,864,7128,1800085800,1800086006,1
logs-row-0001145,log-0001145,log-0001145,user-00145,laptop,iOS,2.5.1,login,223,895,7165,1800085875,1800086098,1
logs-row-0001146,log-0001146,log-0001146,user-00146,desktop,iOS,2.5.0,purchase,243,926,7202,1800085950,1800086193,1
logs-row-0001147,log-0001147,log-0001147,user-00147,tablet,iOS,2.4.1,login_failed,45,957,7239,1800086025,1800086070,0
logs-row-0001148,log-0001148,log-0001148,user-00148,phone,iOS,2.4.0,view,283,988,7276,1800086100,1800086383,1
logs-row-0001149,log-0001149,log-0001149,user-00149,laptop,iOS,2.5.1,logout,303,1019,7313,1800086175,1800086478,1
logs-row-0001150,log-0001150,log-0001150,user-00150,desktop,iOS,2.5.0,login,318,1050,7350,1800086250,1800086568,1
logs-row-0001151,log-0001151,log-0001151,user-00151,tablet,iOS,2.4.1,purchase,335,1081,7387,1800086325,1800086660,1
logs-row-0001152,log-0001152,log-0001152,user-00152,phone,iOS,2.4.0,login_failed,45,1112,7424,1800086400,1800086445,0
logs-row-0001153,log-0001153,log-0001153,user-00153,laptop,iOS,2.5.1,view,373,1143,7461,1800086475,1800086848,1
logs-row-0001154,log-0001154,log-0001154,user-00154,desktop,iOS,2.5.0,logout,391,1174,7498,1800086550,1800086941,1
logs-row-0001155,log-0001155,log-0001155,user-00155,tablet,iOS,2.4.1,login,411,1205,7535,1800086625,1800087036,1
logs-row-0001156,log-0001156,log-0001156,user-00156,phone,iOS,2.4.0,purchase,430,1236,7572,1800086700,1800087130,1
logs-row-0001157,log-0001157,log-0001157,user-00157,laptop,iOS,2.5.1,login_failed,45,1267,7609,1800086775,1800086820,0
logs-row-0001158,log-0001158,log-0001158,user-00158,desktop,iOS,2.5.0,view,471,1298,7646,1800086850,1800087321,1
logs-row-0001159,log-0001159,log-0001159,user-00159,tablet,iOS,2.4.1,logout,488,1329,7683,1800086925,1800087413,1
logs-row-0001160,log-0001160,log-0001160,user-00160,phone,iOS,2.4.0,login,508,1360,7720,1800087000,1800087508,1
logs-row-0001161,log-0001161,log-0001161,user-00161,laptop,iOS,2.5.1,purchase,526,1391,7757,1800087075,1800087601,1
logs-row-0001162,log-0001162,log-0001162,user-00162,desktop,iOS,2.5.0,login_failed,45,1422,7794,1800087150,1800087195,0
logs-row-0001163,log-0001163,log-0001163,user-00163,tablet,iOS,2.4.1,view,567,1453,7831,1800087225,1800087792,1
logs-row-0001164,log-0001164,log-0001164,user-00164,phone,iOS,2.4.0,logout,581,1484,7868,1800087300,1800087881,1
logs-row-0001165,log-0001165,log-0001165,user-00165,laptop,iOS,2.5.1,login,604,1515,7905,1800087375,1800087979,1
logs-row-0001166,log-0001166,log-0001166,user-00166,desktop,iOS,2.5.0,purchase,621,1546,7942,1800087450,1800088071,1
logs-row-0001167,log-0001167,log-0001167,user-00167,tablet,iOS,2.4.1,login_failed,45,1577,7979,1800087525,1800087570,0
logs-row-0001168,log-0001168,log-0001168,user-00168,phone,iOS,2.4.0,view,663,1608,8016,1800087600,1800088263,1
logs-row-0001169,log-0001169,log-0001169,user-00169,laptop,iOS,2.5.1,logout,676,1639,8053,1800087675,1800088351,1
logs-row-0001170,log-0001170,log-0001170,user-00170,desktop,iOS,2.5.0,login,695,1670,8090,1800087750,1800088445,1
logs-row-0001171,log-0001171,log-0001171,user-00171,tablet,iOS,2.4.1,purchase,716,1701,8127,1800087825,1800088541,1
logs-row-0001172,log-0001172,log-0001172,user-00172,phone,iOS,2.4.0,login_failed,45,1732,8164,1800087900,1800087945,0
logs-row-0001173,log-0001173,log-0001173,user-00173,laptop,iOS,2.5.1,view,753,1763,8201,1800087975,1800088728,1
logs-row-0001174,log-0001174,log-0001174,user-00174,desktop,iOS,2.5.0,logout,771,1794,8238,1800088050,1800088821,1
logs-row-0001175,log-0001175,log-0001175,user-00175,tablet,iOS,2.4.1,login,792,1825,8275,1800088125,1800088917,1
logs-row-0001176,log-0001176,log-0001176,user-00176,phone,iOS,2.4.0,purchase,812,1856,8312,1800088200,1800089012,1
logs-row-0001177,log-0001177,log-0001177,user-00177,laptop,iOS,2.5.1,login_failed,45,1887,8349,1800088275,1800088320,0
logs-row-0001178,log-0001178,log-0001178,user-00178,desktop,iOS,2.5.0,view,854,1918,8386,1800088350,1800089204,1
logs-row-0001179,log-0001179,log-0001179,user-00179,tablet,iOS,2.4.1,logout,868,1949,8423,1800088425,1800089293,1
logs-row-0001180,log-0001180,log-0001180,user-00180,phone,iOS,2.4.0,login,890,1980,8460,1800088500,1800089390,1
logs-row-0001181,log-0001181,log-0001181,user-00181,laptop,iOS,2.5.1,purchase,911,2011,8497,1800088575,1800089486,1
logs-row-0001182,log-0001182,log-0001182,user-00182,desktop,iOS,2.5.0,login_failed,45,2042,8534,1800088650,1800088695,0
logs-row-0001183,log-0001183,log-0001183,user-00183,tablet,iOS,2.4.1,view,948,2073,8571,1800088725,1800089673,1
logs-row-0001184,log-0001184,log-0001184,user-00184,phone,iOS,2.4.0,logout,65,2104,8608,1800088800,1800088865,1
logs-row-0001185,log-0001185,log-0001185,user-00185,laptop,iOS,2.5.1,login,83,2135,8645,1800088875,1800088958,1
logs-row-0001186,log-0001186,log-0001186,user-00186,desktop,iOS,2.5.0,purchase,99,2166,8682,1800088950,1800089049,1
logs-row-0001187,log-0001187,log-0001187,user-00187,tablet,iOS,2.4.1,login_failed,45,2197,8719,1800089025,1800089070,0
logs-row-0001188,log-0001188,log-0001188,user-00188,phone,iOS,2.4.0,view,137,2228,8756,1800089100,1800089237,1
logs-row-0001189,log-0001189,log-0001189,user-00189,laptop,iOS,2.5.1,logout,163,2259,8793,1800089175,1800089338,1
logs-row-0001190,log-0001190,log-0001190,user-00190,desktop,iOS,2.5.0,login,180,2290,8830,1800089250,1800089430,1
logs-row-0001191,log-0001191,log-0001191,user-00191,tablet,iOS,2.4.1,purchase,199,2321,8867,1800089325,1800089524,1
logs-row-0001192,log-0001192,log-0001192,user-00192,phone,iOS,2.4.0,login_failed,45,2352,8904,1800089400,1800089445,0
logs-row-0001193,log-0001193,log-0001193,user-00193,laptop,iOS,2.5.1,view,234,2383,8941,1800089475,1800089709,1
logs-row-0001194,log-0001194,log-0001194,user-00194,desktop,iOS,2.5.0,logout,251,2414,8978,1800089550,1800089801,1
logs-row-0001195,log-0001195,log-0001195,user-00195,tablet,iOS,2.4.1,login,273,2445,9015,1800089625,1800089898,1
logs-row-0001196,log-0001196,log-0001196,user-00196,phone,iOS,2.4.0,purchase,295,2476,9052,1800089700,1800089995,1
logs-row-0001197,log-0001197,log-0001197,user-00197,laptop,iOS,2.5.1,login_failed,45,2507,9089,1800089775,1800089820,0
logs-row-0001198,log-0001198,log-0001198,user-00198,desktop,iOS,2.5.0,view,333,2538,9126,1800089850,1800090183,1
logs-row-0001199,log-0001199,log-0001199,user-00199,tablet,iOS,2.4.1,logout,350,2569,9163,1800089925,1800090275,1
logs-row-0001200,log-0001200,log-0001200,user-00000,phone,iOS,2.4.0,login,368,2600,9200,1800090000,1800090368,1
logs-row-0001201,log-0001201,log-0001201,user-00001,laptop,iOS,2.5.1,purchase,387,2631,9237,1800090075,1800090462,1
logs-row-0001202,log-0001202,log-0001202,user-00002,desktop,iOS,2.5.0,login_failed,45,2662,9274,1800090150,1800090195,0
logs-row-0001203,log-0001203,log-0001203,user-00003,tablet,iOS,2.4.1,view,425,2693,9311,1800090225,1800090650,1
logs-row-0001204,log-0001204,log-0001204,user-00004,phone,iOS,2.4.0,logout,446,2724,9348,1800090300,1800090746,1
logs-row-0001205,log-0001205,log-0001205,user-00005,laptop,iOS,2.5.1,login,461,2755,9385,1800090375,1800090836,1
logs-row-0001206,log-0001206,log-0001206,user-00006,desktop,iOS,2.5.0,purchase,480,2786,9422,1800090450,1800090930,1
logs-row-0001207,log-0001207,log-0001207,user-00007,tablet,iOS,2.4.1,login_failed,45,2817,9459,1800090525,1800090570,0
logs-row-0001208,log-0001208,log-0001208,user-00008,phone,iOS,2.4.0,view,522,2848,9496,1800090600,1800091122,1
logs-row-0001209,log-0001209,log-0001209,user-00009,laptop,iOS,2.5.1,logout,538,2879,9533,1800090675,1800091213,1
logs-row-0001210,log-0001210,log-0001210,user-00010,desktop,iOS,2.5.0,login,560,2910,9570,1800090750,1800091310,1
logs-row-0001211,log-0001211,log-0001211,user-00011,tablet,iOS,2.4.1,purchase,574,2941,9607,1800090825,1800091399,1
logs-row-0001212,log-0001212,log-0001212,user-00012,phone,iOS,2.4.0,login_failed,45,2972,9644,1800090900,1800090945,0
logs-row-0001213,log-0001213,log-0001213,user-00013,laptop,iOS,2.5.1,view,614,3003,9681,1800090975,1800091589,1
logs-row-0001214,log-0001214,log-0001214,user-00014,desktop,iOS,2.5.0,logout,636,3034,9718,1800091050,1800091686,1
logs-row-0001215,log-0001215,log-0001215,user-00015,tablet,iOS,2.4.1,login,652,3065,9755,1800091125,1800091777,1
logs-row-0001216,log-0001216,log-0001216,user-00016,phone,iOS,2.4.0,purchase,675,3096,9792,1800091200,1800091875,1
logs-row-0001217,log-0001217,log-0001217,user-00017,laptop,iOS,2.5.1,login_failed,45,3127,9829,1800091275,1800091320,0
logs-row-0001218,log-0001218,log-0001218,user-00018,desktop,iOS,2.5.0,view,707,3158,9866,1800091350,1800092057,1
logs-row-0001219,log-0001219,log-0001219,user-00019,tablet,iOS,2.4.1,logout,731,3189,9903,1800091425,1800092156,1
logs-row-0001220,log-0001220,log-0001220,user-00020,phone,iOS,2.4.0,login,751,3220,9940,1800091500,1800092251,1
logs-row-0001221,log-0001221,log-0001221,user-00021,laptop,iOS,2.5.1,purchase,768,3251,9977,1800091575,1800092343,1
logs-row-0001222,log-0001222,log-0001222,user-00022,desktop,iOS,2.5.0,login_failed,45,3282,10014,1800091650,1800091695,0
logs-row-0001223,log-0001223,log-0001223,user-00023,tablet,iOS,2.4.1,view,804,3313,10051,1800091725,1800092529,1
logs-row-0001224,log-0001224,log-0001224,user-00024,phone,iOS,2.4.0,logout,823,3344,10088,1800091800,1800092623,1
logs-row-0001225,log-0001225,log-0001225,user-00025,laptop,iOS,2.5.1,login,841,3375,10125,1800091875,1800092716,1
logs-row-0001226,log-0001226,log-0001226,user-00026,desktop,iOS,2.5.0,purchase,863,3406,10162,1800091950,1800092813,1
logs-row-0001227,log-0001227,log-0001227,user-00027,tablet,iOS,2.4.1,login_failed,45,3437,10199,1800092025,1800092070,0
logs-row-0001228,log-0001228,log-0001228,user-00028,phone,iOS,2.4.0,view,897,3468,10236,1800092100,1800092997,1
logs-row-0001229,log-0001229,log-0001229,user-00029,laptop,iOS,2.5.1,logout,916,3499,10273,1800092175,1800093091,1
logs-row-0001230,log-0001230,log-0001230,user-00030,desktop,iOS,2.5.0,login,942,3530,10310,1800092250,1800093192,1
logs-row-0001231,log-0001231,log-0001231,user-00031,tablet,iOS,2.4.1,purchase,961,3561,10347,1800092325,1800093286,1
logs-row-0001232,log-0001232,log-0001232,user-00032,phone,iOS,2.4.0,login_failed,17,3592,10384,1800092400,1800092417,0
logs-row-0001233,log-0001233,log-0001233,user-00033,laptop,iOS,2.5.1,view,99,3623,10421,1800092475,1800092574,1
logs-row-0001234,log-0001234,log-0001234,user-00034,desktop,iOS,2.5.0,logout,111,3654,10458,1800092550,1800092661,1
logs-row-0001235,log-0001235,log-0001235,user-00035,tablet,iOS,2.4.1,login,135,3685,10495,1800092625,1800092760,1
logs-row-0001236,log-0001236,log-0001236,user-00036,phone,iOS,2.4.0,purchase,150,3716,10532,1800092700,1800092850,1
logs-row-0001237,log-0001237,log-0001237,user-00037,laptop,iOS,2.5.1,login_failed,45,3747,10569,1800092775,1800092820,0
logs-row-0001238,log-0001238,log-0001238,user-00038,desktop,iOS,2.5.0,view,194,3778,10606,1800092850,1800093044,1
logs-row-0001239,log-0001239,log-0001239,user-00039,tablet,iOS,2.4.1,logout,210,3809,10643,1800092925,1800093135,1
logs-row-0001240,log-0001240,log-0001240,user-00040,phone,iOS,2.4.0,login,226,3840,10680,1800093000,1800093226,1
logs-row-0001241,log-0001241,log-0001241,user-00041,laptop,iOS,2.5.1,purchase,249,3871,10717,1800093075,1800093324,1
logs-row-0001242,log-0001242,log-0001242,user-00042,desktop,iOS,2.5.0,login_failed,45,3902,10754,1800093150,1800093195,0
logs-row-0001243,log-0001243,log-0001243,user-00043,tablet,iOS,2.4.1,view,288,3933,10791,1800093225,1800093513,1
logs-row-0001244,log-0001244,log-0001244,user-00044,phone,iOS,2.4.0,logout,301,3964,10828,1800093300,1800093601,1
logs-row-0001245,log-0001245,log-0001245,user-00045,laptop,iOS,2.5.1,login,325,3995,10865,1800093375,1800093700,1
logs-row-0001246,log-0001246,log-0001246,user-00046,desktop,iOS,2.5.0,purchase,343,4026,10902,1800093450,1800093793,1
logs-row-0001247,log-0001247,log-0001247,user-00047,tablet,iOS,2.4.1,login_failed,45,4057,10939,1800093525,1800093570,0
logs-row-0001248,log-0001248,log-0001248,user-00048,phone,iOS,2.4.0,view,382,4088,10976,1800093600,1800093982,1
logs-row-0001249,log-0001249,log-0001249,user-00049,laptop,iOS,2.5.1,logout,399,4119,11013,1800093675,1800094074,1
logs-row-0001250,log-0001250,log-0001250,user-00050,desktop,iOS,2.5.0,login,422,4150,11050,1800093750,1800094172,1
logs-row-0001251,log-0001251,log-0001251,user-00051,tablet,iOS,2.4.1,purchase,434,4181,11087,1800093825,1800094259,1
logs-row-0001252,log-0001252,log-0001252,user-00052,phone,iOS,2.4.0,login_failed,45,4212,11124,1800093900,1800093945,0
logs-row-0001253,log-0001253,log-0001253,user-00053,laptop,iOS,2.5.1,view,475,4243,11161,1800093975,1800094450,1
logs-row-0001254,log-0001254,log-0001254,user-00054,desktop,iOS,2.5.0,logout,492,4274,11198,1800094050,1800094542,1
logs-row-0001255,log-0001255,log-0001255,user-00055,tablet,iOS,2.4.1,login,511,4305,11235,1800094125,1800094636,1
logs-row-0001256,log-0001256,log-0001256,user-00056,phone,iOS,2.4.0,purchase,529,4336,11272,1800094200,1800094729,1
logs-row-0001257,log-0001257,log-0001257,user-00057,laptop,iOS,2.5.1,login_failed,45,4367,11309,1800094275,1800094320,0
logs-row-0001258,log-0001258,log-0001258,user-00058,desktop,iOS,2.5.0,view,569,4398,11346,1800094350,1800094919,1
logs-row-0001259,log-0001259,log-0001259,user-00059,tablet,iOS,2.4.1,logout,593,4429,11383,1800094425,1800095018,1
logs-row-0001260,log-0001260,log-0001260,user-00060,phone,iOS,2.4.0,login,610,4460,11420,1800094500,1800095110,1
logs-row-0001261,log-0001261,log-0001261,user-00061,laptop,iOS,2.5.1,purchase,627,4491,11457,1800094575,1800095202,1
logs-row-0001262,log-0001262,log-0001262,user-00062,desktop,iOS,2.5.0,login_failed,45,4522,11494,1800094650,1800094695,0
logs-row-0001263,log-0001263,log-0001263,user-00063,tablet,iOS,2.4.1,view,663,4553,11531,1800094725,1800095388,1
logs-row-0001264,log-0001264,log-0001264,user-00064,phone,iOS,2.4.0,logout,682,4584,11568,1800094800,1800095482,1
logs-row-0001265,log-0001265,log-0001265,user-00065,laptop,iOS,2.5.1,login,707,4615,11605,1800094875,1800095582,1
logs-row-0001266,log-0001266,log-0001266,user-00066,desktop,iOS,2.5.0,purchase,719,4646,11642,1800094950,1800095669,1
logs-row-0001267,log-0001267,log-0001267,user-00067,tablet,iOS,2.4.1,login_failed,45,4677,11679,1800095025,1800095070,0
logs-row-0001268,log-0001268,log-0001268,user-00068,phone,iOS,2.4.0,view,760,4708,11716,1800095100,1800095860,1
logs-row-0001269,log-0001269,log-0001269,user-00069,laptop,iOS,2.5.1,logout,782,4739,11753,1800095175,1800095957,1
logs-row-0001270,log-0001270,log-0001270,user-00070,desktop,iOS,2.5.0,login,801,4770,11790,1800095250,1800096051,1
logs-row-0001271,log-0001271,log-0001271,user-00071,tablet,iOS,2.4.1,purchase,818,4801,11827,1800095325,1800096143,1
logs-row-0001272,log-0001272,log-0001272,user-00072,phone,iOS,2.4.0,login_failed,45,4832,11864,1800095400,1800095445,0
logs-row-0001273,log-0001273,log-0001273,user-00073,laptop,iOS,2.5.1,view,858,4863,11901,1800095475,1800096333,1
logs-row-0001274,log-0001274,log-0001274,user-00074,desktop,iOS,2.5.0,logout,872,4894,11938,1800095550,1800096422,1
logs-row-0001275,log-0001275,log-0001275,user-00075,tablet,iOS,2.4.1,login,893,4925,11975,1800095625,1800096518,1
logs-row-0001276,log-0001276,log-0001276,user-00076,phone,iOS,2.4.0,purchase,911,4956,12012,1800095700,1800096611,1
logs-row-0001277,log-0001277,log-0001277,user-00077,laptop,iOS,2.5.1,login_failed,45,4987,12049,1800095775,1800095820,0
logs-row-0001278,log-0001278,log-0001278,user-00078,desktop,iOS,2.5.0,view,947,5018,12086,1800095850,1800096797,1
logs-row-0001279,log-0001279,log-0001279,user-00079,tablet,iOS,2.4.1,logout,67,5049,12123,1800095925,1800095992,1
logs-row-0001280,log-0001280,log-0001280,user-00080,phone,iOS,2.4.0,login,92,5080,12160,1800096000,1800096092,1
logs-row-0001281,log-0001281,log-0001281,user-00081,laptop,iOS,2.5.1,purchase,109,5111,12197,1800096075,1800096184,1
logs-row-0001282,log-0001282,log-0001282,user-00082,desktop,iOS,2.5.0,login_failed,45,5142,12234,1800096150,1800096195,0
logs-row-0001283,log-0001283,log-0001283,user-00083,tablet,iOS,2.4.1,view,146,5173,12271,1800096225,1800096371,1
logs-row-0001284,log-0001284,log-0001284,user-00084,phone,iOS,2.4.0,logout,161,5204,12308,1800096300,1800096461,1
logs-row-0001285,log-0001285,log-0001285,user-00085,laptop,iOS,2.5.1,login,186,5235,12345,1800096375,1800096561,1
logs-row-0001286,log-0001286,log-0001286,user-00086,desktop,iOS,2.5.0,purchase,199,5266,12382,1800096450,1800096649,1
logs-row-0001287,log-0001287,log-0001287,user-00087,tablet,iOS,2.4.1,login_failed,45,5297,12419,1800096525,1800096570,0
logs-row-0001288,log-0001288,log-0001288,user-00088,phone,iOS,2.4.0,view,238,5328,12456,1800096600,1800096838,1
logs-row-0001289,log-0001289,log-0001289,user-00089,laptop,iOS,2.5.1,logout,261,5359,12493,1800096675,1800096936,1
logs-row-0001290,log-0001290,log-0001290,user-00090,desktop,iOS,2.5.0,login,280,5390,12530,1800096750,1800097030,1
logs-row-0001291,log-0001291,log-0001291,user-00091,tablet,iOS,2.4.1,purchase,297,421,12567,1800096825,1800097122,1
logs-row-0001292,log-0001292,log-0001292,user-00092,phone,iOS,2.4.0,login_failed,45,452,12604,1800096900,1800096945,0
logs-row-0001293,log-0001293,log-0001293,user-00093,laptop,iOS,2.5.1,view,339,483,12641,1800096975,1800097314,1
logs-row-0001294,log-0001294,log-0001294,user-00094,desktop,iOS,2.5.0,logout,354,514,12678,1800097050,1800097404,1
logs-row-0001295,log-0001295,log-0001295,user-00095,tablet,iOS,2.4.1,login,371,545,12715,1800097125,1800097496,1
logs-row-0001296,log-0001296,log-0001296,user-00096,phone,iOS,2.4.0,purchase,392,576,12752,1800097200,1800097592,1
logs-row-0001297,log-0001297,log-0001297,user-00097,laptop,iOS,2.5.1,login_failed,45,607,12789,1800097275,1800097320,0
logs-row-0001298,log-0001298,log-0001298,user-00098,desktop,iOS,2.5.0,view,428,638,826,1800097350,1800097778,1
logs-row-0001299,log-0001299,log-0001299,user-00099,tablet,iOS,2.4.1,logout,450,669,863,1800097425,1800097875,1
logs-row-0001300,log-0001300,log-0001300,user-00100,phone,iOS,2.4.0,login,469,700,900,1800097500,1800097969,1
logs-row-0001301,log-0001301,log-0001301,user-00101,laptop,iOS,2.5.1,purchase,490,731,937,1800097575,1800098065,1
logs-row-0001302,log-0001302,log-0001302,user-00102,desktop,iOS,2.5.0,login_failed,45,762,974,1800097650,1800097695,0
logs-row-0001303,log-0001303,log-0001303,user-00103,tablet,iOS,2.4.1,view,524,793,1011,1800097725,1800098249,1
logs-row-0001304,log-0001304,log-0001304,user-00104,phone,iOS,2.4.0,logout,543,824,1048,1800097800,1800098343,1
logs-row-0001305,log-0001305,log-0001305,user-00105,laptop,iOS,2.5.1,login,564,855,1085,1800097875,1800098439,1
logs-row-0001306,log-0001306,log-0001306,user-00106,desktop,iOS,2.5.0,purchase,580,886,1122,1800097950,1800098530,1
logs-row-0001307,log-0001307,log-0001307,user-00107,tablet,iOS,2.4.1,login_failed,45,917,1159,1800098025,1800098070,0
logs-row-0001308,log-0001308,log-0001308,user-00108,phone,iOS,2.4.0,view,622,948,1196,1800098100,1800098722,1
logs-row-0001309,log-0001309,log-0001309,user-00109,laptop,iOS,2.5.1,logout,639,979,1233,1800098175,1800098814,1
logs-row-0001310,log-0001310,log-0001310,user-00110,desktop,iOS,2.5.0,login,657,1010,1270,1800098250,1800098907,1
logs-row-0001311,log-0001311,log-0001311,user-00111,tablet,iOS,2.4.1,purchase,674,1041,1307,1800098325,1800098999,1
logs-row-0001312,log-0001312,log-0001312,user-00112,phone,iOS,2.4.0,login_failed,45,1072,1344,1800098400,1800098445,0
logs-row-0001313,log-0001313,log-0001313,user-00113,laptop,iOS,2.5.1,view,716,1103,1381,1800098475,1800099191,1
logs-row-0001314,log-0001314,log-0001314,user-00114,desktop,iOS,2.5.0,logout,734,1134,1418,1800098550,1800099284,1
logs-row-0001315,log-0001315,log-0001315,user-00115,tablet,iOS,2.4.1,login,753,1165,1455,1800098625,1800099378,1
logs-row-0001316,log-0001316,log-0001316,user-00116,phone,iOS,2.4.0,purchase,774,1196,1492,1800098700,1800099474,1
logs-row-0001317,log-0001317,log-0001317,user-00117,laptop,iOS,2.5.1,login_failed,45,1227,1529,1800098775,1800098820,0
logs-row-0001318,log-0001318,log-0001318,user-00118,desktop,iOS,2.5.0,view,813,1258,1566,1800098850,1800099663,1
logs-row-0001319,log-0001319,log-0001319,user-00119,tablet,iOS,2.4.1,logout,829,1289,1603,1800098925,1800099754,1
logs-row-0001320,log-0001320,log-0001320,user-00120,phone,iOS,2.4.0,login,846,1320,1640,1800099000,1800099846,1
logs-row-0001321,log-0001321,log-0001321,user-00121,laptop,iOS,2.5.1,purchase,865,1351,1677,1800099075,1800099940,1
logs-row-0001322,log-0001322,log-0001322,user-00122,desktop,iOS,2.5.0,login_failed,45,1382,1714,1800099150,1800099195,0
logs-row-0001323,log-0001323,log-0001323,user-00123,tablet,iOS,2.4.1,view,908,1413,1751,1800099225,1800100133,1
logs-row-0001324,log-0001324,log-0001324,user-00124,phone,iOS,2.4.0,logout,927,1444,1788,1800099300,1800100227,1
logs-row-0001325,log-0001325,log-0001325,user-00125,laptop,iOS,2.5.1,login,942,1475,1825,1800099375,1800100317,1
logs-row-0001326,log-0001326,log-0001326,user-00126,desktop,iOS,2.5.0,purchase,959,1506,1862,1800099450,1800100409,1
logs-row-0001327,log-0001327,log-0001327,user-00127,tablet,iOS,2.4.1,login_failed,21,1537,1899,1800099525,1800099546,0
logs-row-0001328,log-0001328,log-0001328,user-00128,phone,iOS,2.4.0,view,100,1568,1936,1800099600,1800099700,1
logs-row-0001329,log-0001329,log-0001329,user-00129,laptop,iOS,2.5.1,logout,121,1599,1973,1800099675,1800099796,1
logs-row-0001330,log-0001330,log-0001330,user-00130,desktop,iOS,2.5.0,login,140,1630,2010,1800099750,1800099890,1
logs-row-0001331,log-0001331,log-0001331,user-00131,tablet,iOS,2.4.1,purchase,160,1661,2047,1800099825,1800099985,1
logs-row-0001332,log-0001332,log-0001332,user-00132,phone,iOS,2.4.0,login_failed,45,1692,2084,1800099900,1800099945,0
logs-row-0001333,log-0001333,log-0001333,user-00133,laptop,iOS,2.5.1,view,193,1723,2121,1800099975,1800100168,1
logs-row-0001334,log-0001334,log-0001334,user-00134,desktop,iOS,2.5.0,logout,216,1754,2158,1800100050,1800100266,1
logs-row-0001335,log-0001335,log-0001335,user-00135,tablet,iOS,2.4.1,login,234,1785,2195,1800100125,1800100359,1
logs-row-0001336,log-0001336,log-0001336,user-00136,phone,iOS,2.4.0,purchase,252,1816,2232,1800100200,1800100452,1
logs-row-0001337,log-0001337,log-0001337,user-00137,laptop,iOS,2.5.1,login_failed,45,1847,2269,1800100275,1800100320,0
logs-row-0001338,log-0001338,log-0001338,user-00138,desktop,iOS,2.5.0,view,290,1878,2306,1800100350,1800100640,1
logs-row-0001339,log-0001339,log-0001339,user-00139,tablet,iOS,2.4.1,logout,313,1909,2343,1800100425,1800100738,1
logs-row-0001340,log-0001340,log-0001340,user-00140,phone,iOS,2.4.0,login,331,1940,2380,1800100500,1800100831,1
logs-row-0001341,log-0001341,log-0001341,user-00141,laptop,iOS,2.5.1,purchase,346,1971,2417,1800100575,1800100921,1
logs-row-0001342,log-0001342,log-0001342,user-00142,desktop,iOS,2.5.0,login_failed,45,2002,2454,1800100650,1800100695,0
logs-row-0001343,log-0001343,log-0001343,user-00143,tablet,iOS,2.4.1,view,387,2033,2491,1800100725,1800101112,1
logs-row-0001344,log-0001344,log-0001344,user-00144,phone,iOS,2.4.0,logout,408,2064,2528,1800100800,1800101208,1
logs-row-0001345,log-0001345,log-0001345,user-00145,laptop,iOS,2.5.1,login,422,2095,2565,1800100875,1800101297,1
logs-row-0001346,log-0001346,log-0001346,user-00146,desktop,iOS,2.5.0,purchase,440,2126,2602,1800100950,1800101390,1
logs-row-0001347,log-0001347,log-0001347,user-00147,tablet,iOS,2.4.1,login_failed,45,2157,2639,1800101025,1800101070,0
logs-row-0001348,log-0001348,log-0001348,user-00148,phone,iOS,2.4.0,view,482,2188,2676,1800101100,1800101582,1
logs-row-0001349,log-0001349,log-0001349,user-00149,laptop,iOS,2.5.1,logout,498,2219,2713,1800101175,1800101673,1
logs-row-0001350,log-0001350,log-0001350,user-00150,desktop,iOS,2.5.0,login,516,2250,2750,1800101250,1800101766,1
logs-row-0001351,log-0001351,log-0001351,user-00151,tablet,iOS,2.4.1,purchase,535,2281,2787,1800101325,1800101860,1
logs-row-0001352,log-0001352,log-0001352,user-00152,phone,iOS,2.4.0,login_failed,45,2312,2824,1800101400,1800101445,0
logs-row-0001353,log-0001353,log-0001353,user-00153,laptop,iOS,2.5.1,view,576,2343,2861,1800101475,1800102051,1
logs-row-0001354,log-0001354,log-0001354,user-00154,desktop,iOS,2.5.0,logout,593,2374,2898,1800101550,1800102143,1
logs-row-0001355,log-0001355,log-0001355,user-00155,tablet,iOS,2.4.1,login,615,2405,2935,1800101625,1800102240,1
logs-row-0001356,log-0001356,log-0001356,user-00156,phone,iOS,2.4.0,purchase,633,2436,2972,1800101700,1800102333,1
logs-row-0001357,log-0001357,log-0001357,user-00157,laptop,iOS,2.5.1,login_failed,45,2467,3009,1800101775,1800101820,0
logs-row-0001358,log-0001358,log-0001358,user-00158,desktop,iOS,2.5.0,view,669,2498,3046,1800101850,1800102519,1
logs-row-0001359,log-0001359,log-0001359,user-00159,tablet,iOS,2.4.1,logout,690,2529,3083,1800101925,1800102615,1
logs-row-0001360,log-0001360,log-0001360,user-00160,phone,iOS,2.4.0,login,711,2560,3120,1800102000,1800102711,1
logs-row-0001361,log-0001361,log-0001361,user-00161,laptop,iOS,2.5.1,purchase,724,2591,3157,1800102075,1800102799,1
logs-row-0001362,log-0001362,log-0001362,user-00162,desktop,iOS,2.5.0,login_failed,45,2622,3194,1800102150,1800102195,0
logs-row-0001363,log-0001363,log-0001363,user-00163,tablet,iOS,2.4.1,view,767,2653,3231,1800102225,1800102992,1
logs-row-0001364,log-0001364,log-0001364,user-00164,phone,iOS,2.4.0,logout,783,2684,3268,1800102300,1800103083,1
logs-row-0001365,log-0001365,log-0001365,user-00165,laptop,iOS,2.5.1,login,807,2715,3305,1800102375,1800103182,1
logs-row-0001366,log-0001366,log-0001366,user-00166,desktop,iOS,2.5.0,purchase,820,2746,3342,1800102450,1800103270,1
logs-row-0001367,log-0001367,log-0001367,user-00167,tablet,iOS,2.4.1,login_failed,45,2777,3379,1800102525,1800102570,0
logs-row-0001368,log-0001368,log-0001368,user-00168,phone,iOS,2.4.0,view,862,2808,3416,1800102600,1800103462,1
logs-row-0001369,log-0001369,log-0001369,user-00169,laptop,iOS,2.5.1,logout,879,2839,3453,1800102675,1800103554,1
logs-row-0001370,log-0001370,log-0001370,user-00170,desktop,iOS,2.5.0,login,901,2870,3490,1800102750,1800103651,1
logs-row-0001371,log-0001371,log-0001371,user-00171,tablet,iOS,2.4.1,purchase,921,2901,3527,1800102825,1800103746,1
logs-row-0001372,log-0001372,log-0001372,user-00172,phone,iOS,2.4.0,login_failed,45,2932,3564,1800102900,1800102945,0
logs-row-0001373,log-0001373,log-0001373,user-00173,laptop,iOS,2.5.1,view,954,2963,3601,1800102975,1800103929,1
logs-row-0001374,log-0001374,log-0001374,user-00174,desktop,iOS,2.5.0,logout,74,2994,3638,1800103050,1800103124,1
logs-row-0001375,log-0001375,log-0001375,user-00175,tablet,iOS,2.4.1,login,94,3025,3675,1800103125,1800103219,1
logs-row-0001376,log-0001376,log-0001376,user-00176,phone,iOS,2.4.0,purchase,109,3056,3712,1800103200,1800103309,1
logs-row-0001377,log-0001377,log-0001377,user-00177,laptop,iOS,2.5.1,login_failed,45,3087,3749,1800103275,1800103320,0
logs-row-0001378,log-0001378,log-0001378,user-00178,desktop,iOS,2.5.0,view,148,3118,3786,1800103350,1800103498,1
logs-row-0001379,log-0001379,log-0001379,user-00179,tablet,iOS,2.4.1,logout,170,3149,3823,1800103425,1800103595,1
logs-row-0001380,log-0001380,log-0001380,user-00180,phone,iOS,2.4.0,login,186,3180,3860,1800103500,1800103686,1
logs-row-0001381,log-0001381,log-0001381,user-00181,laptop,iOS,2.5.1,purchase,207,3211,3897,1800103575,1800103782,1
logs-row-0001382,log-0001382,log-0001382,user-00182,desktop,iOS,2.5.0,login_failed,45,3242,3934,1800103650,1800103695,0
logs-row-0001383,log-0001383,log-0001383,user-00183,tablet,iOS,2.4.1,view,245,3273,3971,1800103725,1800103970,1
logs-row-0001384,log-0001384,log-0001384,user-00184,phone,iOS,2.4.0,logout,266,3304,4008,1800103800,1800104066,1
logs-row-0001385,log-0001385,log-0001385,user-00185,laptop,iOS,2.5.1,login,285,3335,4045,1800103875,1800104160,1
logs-row-0001386,log-0001386,log-0001386,user-00186,desktop,iOS,2.5.0,purchase,300,3366,4082,1800103950,1800104250,1
logs-row-0001387,log-0001387,log-0001387,user-00187,tablet,iOS,2.4.1,login_failed,45,3397,4119,1800104025,1800104070,0
logs-row-0001388,log-0001388,log-0001388,user-00188,phone,iOS,2.4.0,view,339,3428,4156,1800104100,1800104439,1
logs-row-0001389,log-0001389,log-0001389,user-00189,laptop,iOS,2.5.1,logout,356,3459,4193,1800104175,1800104531,1
logs-row-0001390,log-0001390,log-0001390,user-00190,desktop,iOS,2.5.0,login,377,3490,4230,1800104250,1800104627,1
logs-row-0001391,log-0001391,log-0001391,user-00191,tablet,iOS,2.4.1,purchase,396,3521,4267,1800104325,1800104721,1
logs-row-0001392,log-0001392,log-0001392,user-00192,phone,iOS,2.4.0,login_failed,45,3552,4304,1800104400,1800104445,0
logs-row-0001393,log-0001393,log-0001393,user-00193,laptop,iOS,2.5.1,view,438,3583,4341,1800104475,1800104913,1
logs-row-0001394,log-0001394,log-0001394,user-00194,desktop,iOS,2.5.0,logout,453,3614,4378,1800104550,1800105003,1
logs-row-0001395,log-0001395,log-0001395,user-00195,tablet,iOS,2.4.1,login,471,3645,4415,1800104625,1800105096,1
logs-row-0001396,log-0001396,log-0001396,user-00196,phone,iOS,2.4.0,purchase,493,3676,4452,1800104700,1800105193,1
logs-row-0001397,log-0001397,log-0001397,user-00197,laptop,iOS,2.5.1,login_failed,45,3707,4489,1800104775,1800104820,0
logs-row-0001398,log-0001398,log-0001398,user-00198,desktop,iOS,2.5.0,view,530,3738,4526,1800104850,1800105380,1
logs-row-0001399,log-0001399,log-0001399,user-00199,tablet,iOS,2.4.1,logout,547,3769,4563,1800104925,1800105472,1
logs-row-0001400,log-0001400,log-0001400,user-00000,phone,iOS,2.4.0,login,567,3800,4600,1800105000,1800105567,1
logs-row-0001401,log-0001401,log-0001401,user-00001,laptop,iOS,2.5.1,purchase,587,3831,4637,1800105075,1800105662,1
logs-row-0001402,log-0001402,log-0001402,user-00002,desktop,iOS,2.5.0,login_failed,45,3862,4674,1800105150,1800105195,0
logs-row-0001403,log-0001403,log-0001403,user-00003,tablet,iOS,2.4.1,view,623,3893,4711,1800105225,1800105848,1
logs-row-0001404,log-0001404,log-0001404,user-00004,phone,iOS,2.4.0,logout,642,3924,4748,1800105300,1800105942,1
logs-row-0001405,log-0001405,log-0001405,user-00005,laptop,iOS,2.5.1,login,661,3955,4785,1800105375,1800106036,1
logs-row-0001406,log-0001406,log-0001406,user-00006,desktop,iOS,2.5.0,purchase,685,3986,4822,1800105450,1800106135,1
logs-row-0001407,log-0001407,log-0001407,user-00007,tablet,iOS,2.4.1,login_failed,45,4017,4859,1800105525,1800105570,0
logs-row-0001408,log-0001408,log-0001408,user-00008,phone,iOS,2.4.0,view,719,4048,4896,1800105600,1800106319,1
logs-row-0001409,log-0001409,log-0001409,user-00009,laptop,iOS,2.5.1,logout,738,4079,4933,1800105675,1800106413,1
logs-row-0001410,log-0001410,log-0001410,user-00010,desktop,iOS,2.5.0,login,759,4110,4970,1800105750,1800106509,1
logs-row-0001411,log-0001411,log-0001411,user-00011,tablet,iOS,2.4.1,purchase,779,4141,5007,1800105825,1800106604,1
logs-row-0001412,log-0001412,log-0001412,user-00012,phone,iOS,2.4.0,login_failed,45,4172,5044,1800105900,1800105945,0
logs-row-0001413,log-0001413,log-0001413,user-00013,laptop,iOS,2.5.1,view,817,4203,5081,1800105975,1800106792,1
logs-row-0001414,log-0001414,log-0001414,user-00014,desktop,iOS,2.5.0,logout,836,4234,5118,1800106050,1800106886,1
logs-row-0001415,log-0001415,log-0001415,user-00015,tablet,iOS,2.4.1,login,854,4265,5155,1800106125,1800106979,1
logs-row-0001416,log-0001416,log-0001416,user-00016,phone,iOS,2.4.0,purchase,872,4296,5192,1800106200,1800107072,1
logs-row-0001417,log-0001417,log-0001417,user-00017,laptop,iOS,2.5.1,login_failed,45,4327,5229,1800106275,1800106320,0
logs-row-0001418,log-0001418,log-0001418,user-00018,desktop,iOS,2.5.0,view,910,4358,5266,1800106350,1800107260,1
logs-row-0001419,log-0001419,log-0001419,user-00019,tablet,iOS,2.4.1,logout,930,4389,5303,1800106425,1800107355,1
logs-row-0001420,log-0001420,log-0001420,user-00020,phone,iOS,2.4.0,login,950,4420,5340,1800106500,1800107450,1
logs-row-0001421,log-0001421,log-0001421,user-00021,laptop,iOS,2.5.1,purchase,964,4451,5377,1800106575,1800107539,1
logs-row-0001422,log-0001422,log-0001422,user-00022,desktop,iOS,2.5.0,login_failed,25,4482,5414,1800106650,1800106675,0
logs-row-0001423,log-0001423,log-0001423,user-00023,tablet,iOS,2.4.1,view,107,4513,5451,1800106725,1800106832,1
logs-row-0001424,log-0001424,log-0001424,user-00024,phone,iOS,2.4.0,logout,128,4544,5488,1800106800,1800106928,1
logs-row-0001425,log-0001425,log-0001425,user-00025,laptop,iOS,2.5.1,login,140,4575,5525,1800106875,1800107015,1
logs-row-0001426,log-0001426,log-0001426,user-00026,desktop,iOS,2.5.0,purchase,160,4606,5562,1800106950,1800107110,1
logs-row-0001427,log-0001427,log-0001427,user-00027,tablet,iOS,2.4.1,login_failed,45,4637,5599,1800107025,1800107070,0
logs-row-0001428,log-0001428,log-0001428,user-00028,phone,iOS,2.4.0,view,201,4668,5636,1800107100,1800107301,1
logs-row-0001429,log-0001429,log-0001429,user-00029,laptop,iOS,2.5.1,logout,223,4699,5673,1800107175,1800107398,1
logs-row-0001430,log-0001430,log-0001430,user-00030,desktop,iOS,2.5.0,login,242,4730,5710,1800107250,1800107492,1
logs-row-0001431,log-0001431,log-0001431,user-00031,tablet,iOS,2.4.1,purchase,254,4761,5747,1800107325,1800107579,1
logs-row-0001432,log-0001432,log-0001432,user-00032,phone,iOS,2.4.0,login_failed,45,4792,5784,1800107400,1800107445,0
logs-row-0001433,log-0001433,log-0001433,user-00033,laptop,iOS,2.5.1,view,297,4823,5821,1800107475,1800107772,1
logs-row-0001434,log-0001434,log-0001434,user-00034,desktop,iOS,2.5.0,logout,315,4854,5858,1800107550,1800107865,1
logs-row-0001435,log-0001435,log-0001435,user-00035,tablet,iOS,2.4.1,login,333,4885,5895,1800107625,1800107958,1
logs-row-0001436,log-0001436,log-0001436,user-00036,phone,iOS,2.4.0,purchase,354,4916,5932,1800107700,1800108054,1
logs-row-0001437,log-0001437,log-0001437,user-00037,laptop,iOS,2.5.1,login_failed,45,4947,5969,1800107775,1800107820,0
logs-row-0001438,log-0001438,log-0001438,user-00038,desktop,iOS,2.5.0,view,391,4978,6006,1800107850,1800108241,1
logs-row-0001439,log-0001439,log-0001439,user-00039,tablet,iOS,2.4.1,logout,408,5009,6043,1800107925,1800108333,1
logs-row-0001440,log-0001440,log-0001440,user-00040,phone,iOS,2.4.0,login,430,5040,6080,1800108000,1800108430,1
logs-row-0001441,log-0001441,log-0001441,user-00041,laptop,iOS,2.5.1,purchase,449,5071,6117,1800108075,1800108524,1
logs-row-0001442,log-0001442,log-0001442,user-00042,desktop,iOS,2.5.0,login_failed,45,5102,6154,1800108150,1800108195,0
logs-row-0001443,log-0001443,log-0001443,user-00043,tablet,iOS,2.4.1,view,489,5133,6191,1800108225,1800108714,1
logs-row-0001444,log-0001444,log-0001444,user-00044,phone,iOS,2.4.0,logout,508,5164,6228,1800108300,1800108808,1
logs-row-0001445,log-0001445,log-0001445,user-00045,laptop,iOS,2.5.1,login,526,5195,6265,1800108375,1800108901,1
logs-row-0001446,log-0001446,log-0001446,user-00046,desktop,iOS,2.5.0,purchase,546,5226,6302,1800108450,1800108996,1
logs-row-0001447,log-0001447,log-0001447,user-00047,tablet,iOS,2.4.1,login_failed,45,5257,6339,1800108525,1800108570,0
logs-row-0001448,log-0001448,log-0001448,user-00048,phone,iOS,2.4.0,view,577,5288,6376,1800108600,1800109177,1
logs-row-0001449,log-0001449,log-0001449,user-00049,laptop,iOS,2.5.1,logout,602,5319,6413,1800108675,1800109277,1
logs-row-0001450,log-0001450,log-0001450,user-00050,desktop,iOS,2.5.0,login,615,5350,6450,1800108750,1800109365,1
logs-row-0001451,log-0001451,log-0001451,user-00051,tablet,iOS,2.4.1,purchase,634,5381,6487,1800108825,1800109459,1
logs-row-0001452,log-0001452,log-0001452,user-00052,phone,iOS,2.4.0,login_failed,45,412,6524,1800108900,1800108945,0
logs-row-0001453,log-0001453,log-0001453,user-00053,laptop,iOS,2.5.1,view,675,443,6561,1800108975,1800109650,1
logs-row-0001454,log-0001454,log-0001454,user-00054,desktop,iOS,2.5.0,logout,692,474,6598,1800109050,1800109742,1
logs-row-0001455,log-0001455,log-0001455,user-00055,tablet,iOS,2.4.1,login,713,505,6635,1800109125,1800109838,1
logs-row-0001456,log-0001456,log-0001456,user-00056,phone,iOS,2.4.0,purchase,729,536,6672,1800109200,1800109929,1
logs-row-0001457,log-0001457,log-0001457,user-00057,laptop,iOS,2.5.1,login_failed,45,567,6709,1800109275,1800109320,0
logs-row-0001458,log-0001458,log-0001458,user-00058,desktop,iOS,2.5.0,view,774,598,6746,1800109350,1800110124,1
logs-row-0001459,log-0001459,log-0001459,user-00059,tablet,iOS,2.4.1,logout,788,629,6783,1800109425,1800110213,1
logs-row-0001460,log-0001460,log-0001460,user-00060,phone,iOS,2.4.0,login,807,660,6820,1800109500,1800110307,1
logs-row-0001461,log-0001461,log-0001461,user-00061,laptop,iOS,2.5.1,purchase,828,691,6857,1800109575,1800110403,1
logs-row-0001462,log-0001462,log-0001462,user-00062,desktop,iOS,2.5.0,login_failed,45,722,6894,1800109650,1800109695,0
logs-row-0001463,log-0001463,log-0001463,user-00063,tablet,iOS,2.4.1,view,868,753,6931,1800109725,1800110593,1
logs-row-0001464,log-0001464,log-0001464,user-00064,phone,iOS,2.4.0,logout,887,784,6968,1800109800,1800110687,1
logs-row-0001465,log-0001465,log-0001465,user-00065,laptop,iOS,2.5.1,login,906,815,7005,1800109875,1800110781,1
logs-row-0001466,log-0001466,log-0001466,user-00066,desktop,iOS,2.5.0,purchase,925,846,7042,1800109950,1800110875,1
logs-row-0001467,log-0001467,log-0001467,user-00067,tablet,iOS,2.4.1,login_failed,45,877,7079,1800110025,1800110070,0
logs-row-0001468,log-0001468,log-0001468,user-00068,phone,iOS,2.4.0,view,962,908,7116,1800110100,1800111062,1
logs-row-0001469,log-0001469,log-0001469,user-00069,laptop,iOS,2.5.1,logout,81,939,7153,1800110175,1800110256,1
logs-row-0001470,log-0001470,log-0001470,user-00070,desktop,iOS,2.5.0,login,99,970,7190,1800110250,1800110349,1
logs-row-0001471,log-0001471,log-0001471,user-00071,tablet,iOS,2.4.1,purchase,120,1001,7227,1800110325,1800110445,1
logs-row-0001472,log-0001472,log-0001472,user-00072,phone,iOS,2.4.0,login_failed,45,1032,7264,1800110400,1800110445,0
logs-row-0001473,log-0001473,log-0001473,user-00073,laptop,iOS,2.5.1,view,157,1063,7301,1800110475,1800110632,1
logs-row-0001474,log-0001474,log-0001474,user-00074,desktop,iOS,2.5.0,logout,174,1094,7338,1800110550,1800110724,1
logs-row-0001475,log-0001475,log-0001475,user-00075,tablet,iOS,2.4.1,login,192,1125,7375,1800110625,1800110817,1
logs-row-0001476,log-0001476,log-0001476,user-00076,phone,iOS,2.4.0,purchase,214,1156,7412,1800110700,1800110914,1
logs-row-0001477,log-0001477,log-0001477,user-00077,laptop,iOS,2.5.1,login_failed,45,1187,7449,1800110775,1800110820,0
logs-row-0001478,log-0001478,log-0001478,user-00078,desktop,iOS,2.5.0,view,250,1218,7486,1800110850,1800111100,1
logs-row-0001479,log-0001479,log-0001479,user-00079,tablet,iOS,2.4.1,logout,266,1249,7523,1800110925,1800111191,1
logs-row-0001480,log-0001480,log-0001480,user-00080,phone,iOS,2.4.0,login,289,1280,7560,1800111000,1800111289,1
logs-row-0001481,log-0001481,log-0001481,user-00081,laptop,iOS,2.5.1,purchase,310,1311,7597,1800111075,1800111385,1
logs-row-0001482,log-0001482,log-0001482,user-00082,desktop,iOS,2.5.0,login_failed,45,1342,7634,1800111150,1800111195,0
logs-row-0001483,log-0001483,log-0001483,user-00083,tablet,iOS,2.4.1,view,342,1373,7671,1800111225,1800111567,1
logs-row-0001484,log-0001484,log-0001484,user-00084,phone,iOS,2.4.0,logout,364,1404,7708,1800111300,1800111664,1
logs-row-0001485,log-0001485,log-0001485,user-00085,laptop,iOS,2.5.1,login,383,1435,7745,1800111375,1800111758,1
logs-row-0001486,log-0001486,log-0001486,user-00086,desktop,iOS,2.5.0,purchase,404,1466,7782,1800111450,1800111854,1
logs-row-0001487,log-0001487,log-0001487,user-00087,tablet,iOS,2.4.1,login_failed,45,1497,7819,1800111525,1800111570,0
logs-row-0001488,log-0001488,log-0001488,user-00088,phone,iOS,2.4.0,view,443,1528,7856,1800111600,1800112043,1
logs-row-0001489,log-0001489,log-0001489,user-00089,laptop,iOS,2.5.1,logout,462,1559,7893,1800111675,1800112137,1
logs-row-0001490,log-0001490,log-0001490,user-00090,desktop,iOS,2.5.0,login,475,1590,7930,1800111750,1800112225,1
logs-row-0001491,log-0001491,log-0001491,user-00091,tablet,iOS,2.4.1,purchase,500,1621,7967,1800111825,1800112325,1
logs-row-0001492,log-0001492,log-0001492,user-00092,phone,iOS,2.4.0,login_failed,45,1652,8004,1800111900,1800111945,0
logs-row-0001493,log-0001493,log-0001493,user-00093,laptop,iOS,2.5.1,view,539,1683,8041,1800111975,1800112514,1
logs-row-0001494,log-0001494,log-0001494,user-00094,desktop,iOS,2.5.0,logout,556,1714,8078,1800112050,1800112606,1
logs-row-0001495,log-0001495,log-0001495,user-00095,tablet,iOS,2.4.1,login,571,1745,8115,1800112125,1800112696,1
logs-row-0001496,log-0001496,log-0001496,user-00096,phone,iOS,2.4.0,purchase,590,1776,8152,1800112200,1800112790,1
logs-row-0001497,log-0001497,log-0001497,user-00097,laptop,iOS,2.5.1,login_failed,45,1807,8189,1800112275,1800112320,0
logs-row-0001498,log-0001498,log-0001498,user-00098,desktop,iOS,2.5.0,view,629,1838,8226,1800112350,1800112979,1
logs-row-0001499,log-0001499,log-0001499,user-00099,tablet,iOS,2.4.1,logout,652,1869,8263,1800112425,1800113077,1
logs-row-0001500,log-0001500,log-0001500,user-00100,phone,iOS,2.4.0,login,668,1900,8300,1800112500,1800113168,1
logs-row-0001501,log-0001501,log-0001501,user-00101,laptop,iOS,2.5.1,purchase,685,1931,8337,1800112575,1800113260,1
logs-row-0001502,log-0001502,log-0001502,user-00102,desktop,iOS,2.5.0,login_failed,45,1962,8374,1800112650,1800112695,0
logs-row-0001503,log-0001503,log-0001503,user-00103,tablet,iOS,2.4.1,view,727,1993,8411,1800112725,1800113452,1
logs-row-0001504,log-0001504,log-0001504,user-00104,phone,iOS,2.4.0,logout,745,2024,8448,1800112800,1800113545,1
logs-row-0001505,log-0001505,log-0001505,user-00105,laptop,iOS,2.5.1,login,765,2055,8485,1800112875,1800113640,1
logs-row-0001506,log-0001506,log-0001506,user-00106,desktop,iOS,2.5.0,purchase,780,2086,8522,1800112950,1800113730,1
logs-row-0001507,log-0001507,log-0001507,user-00107,tablet,iOS,2.4.1,login_failed,45,2117,8559,1800113025,1800113070,0
logs-row-0001508,log-0001508,log-0001508,user-00108,phone,iOS,2.4.0,view,818,2148,8596,1800113100,1800113918,1
logs-row-0001509,log-0001509,log-0001509,user-00109,laptop,iOS,2.5.1,logout,839,2179,8633,1800113175,1800114014,1
logs-row-0001510,log-0001510,log-0001510,user-00110,desktop,iOS,2.5.0,login,857,2210,8670,1800113250,1800114107,1
logs-row-0001511,log-0001511,log-0001511,user-00111,tablet,iOS,2.4.1,purchase,881,2241,8707,1800113325,1800114206,1
logs-row-0001512,log-0001512,log-0001512,user-00112,phone,iOS,2.4.0,login_failed,45,2272,8744,1800113400,1800113445,0
logs-row-0001513,log-0001513,log-0001513,user-00113,laptop,iOS,2.5.1,view,919,2303,8781,1800113475,1800114394,1
logs-row-0001514,log-0001514,log-0001514,user-00114,desktop,iOS,2.5.0,logout,934,2334,8818,1800113550,1800114484,1
logs-row-0001515,log-0001515,log-0001515,user-00115,tablet,iOS,2.4.1,login,953,2365,8855,1800113625,1800114578,1
logs-row-0001516,log-0001516,log-0001516,user-00116,phone,iOS,2.4.0,purchase,74,2396,8892,1800113700,1800113774,1
logs-row-0001517,log-0001517,log-0001517,user-00117,laptop,iOS,2.5.1,login_failed,35,2427,8929,1800113775,1800113810,0
logs-row-0001518,log-0001518,log-0001518,user-00118,desktop,iOS,2.5.0,view,107,2458,8966,1800113850,1800113957,1
logs-row-0001519,log-0001519,log-0001519,user-00119,tablet,iOS,2.4.1,logout,126,2489,9003,1800113925,1800114051,1
logs-row-0001520,log-0001520,log-0001520,user-00120,phone,iOS,2.4.0,login,147,2520,9040,1800114000,1800114147,1
logs-row-0001521,log-0001521,log-0001521,user-00121,laptop,iOS,2.5.1,purchase,164,2551,9077,1800114075,1800114239,1
logs-row-0001522,log-0001522,log-0001522,user-00122,desktop,iOS,2.5.0,login_failed,45,2582,9114,1800114150,1800114195,0
logs-row-0001523,log-0001523,log-0001523,user-00123,tablet,iOS,2.4.1,view,205,2613,9151,1800114225,1800114430,1
logs-row-0001524,log-0001524,log-0001524,user-00124,phone,iOS,2.4.0,logout,227,2644,9188,1800114300,1800114527,1
logs-row-0001525,log-0001525,log-0001525,user-00125,laptop,iOS,2.5.1,login,246,2675,9225,1800114375,1800114621,1
logs-row-0001526,log-0001526,log-0001526,user-00126,desktop,iOS,2.5.0,purchase,264,2706,9262,1800114450,1800114714,1
logs-row-0001527,log-0001527,log-0001527,user-00127,tablet,iOS,2.4.1,login_failed,45,2737,9299,1800114525,1800114570,0
logs-row-0001528,log-0001528,log-0001528,user-00128,phone,iOS,2.4.0,view,302,2768,9336,1800114600,1800114902,1
logs-row-0001529,log-0001529,log-0001529,user-00129,laptop,iOS,2.5.1,logout,318,2799,9373,1800114675,1800114993,1
logs-row-0001530,log-0001530,log-0001530,user-00130,desktop,iOS,2.5.0,login,338,2830,9410,1800114750,1800115088,1
logs-row-0001531,log-0001531,log-0001531,user-00131,tablet,iOS,2.4.1,purchase,354,2861,9447,1800114825,1800115179,1
logs-row-0001532,log-0001532,log-0001532,user-00132,phone,iOS,2.4.0,login_failed,45,2892,9484,1800114900,1800114945,0
logs-row-0001533,log-0001533,log-0001533,user-00133,laptop,iOS,2.5.1,view,399,2923,9521,1800114975,1800115374,1
logs-row-0001534,log-0001534,log-0001534,user-00134,desktop,iOS,2.5.0,logout,415,2954,9558,1800115050,1800115465,1
logs-row-0001535,log-0001535,log-0001535,user-00135,tablet,iOS,2.4.1,login,437,2985,9595,1800115125,1800115562,1
logs-row-0001536,log-0001536,log-0001536,user-00136,phone,iOS,2.4.0,purchase,450,3016,9632,1800115200,1800115650,1
logs-row-0001537,log-0001537,log-0001537,user-00137,laptop,iOS,2.5.1,login_failed,45,3047,9669,1800115275,1800115320,0
logs-row-0001538,log-0001538,log-0001538,user-00138,desktop,iOS,2.5.0,view,487,3078,9706,1800115350,1800115837,1
logs-row-0001539,log-0001539,log-0001539,user-00139,tablet,iOS,2.4.1,logout,509,3109,9743,1800115425,1800115934,1
logs-row-0001540,log-0001540,log-0001540,user-00140,phone,iOS,2.4.0,login,532,3140,9780,1800115500,1800116032,1
logs-row-0001541,log-0001541,log-0001541,user-00141,laptop,iOS,2.5.1,purchase,551,3171,9817,1800115575,1800116126,1
logs-row-0001542,log-0001542,log-0001542,user-00142,desktop,iOS,2.5.0,login_failed,45,3202,9854,1800115650,1800115695,0
logs-row-0001543,log-0001543,log-0001543,user-00143,tablet,iOS,2.4.1,view,582,3233,9891,1800115725,1800116307,1
logs-row-0001544,log-0001544,log-0001544,user-00144,phone,iOS,2.4.0,logout,602,3264,9928,1800115800,1800116402,1
logs-row-0001545,log-0001545,log-0001545,user-00145,laptop,iOS,2.5.1,login,624,3295,9965,1800115875,1800116499,1
logs-row-0001546,log-0001546,log-0001546,user-00146,desktop,iOS,2.5.0,purchase,646,3326,10002,1800115950,1800116596,1
logs-row-0001547,log-0001547,log-0001547,user-00147,tablet,iOS,2.4.1,login_failed,45,3357,10039,1800116025,1800116070,0
logs-row-0001548,log-0001548,log-0001548,user-00148,phone,iOS,2.4.0,view,681,3388,10076,1800116100,1800116781,1
logs-row-0001549,log-0001549,log-0001549,user-00149,laptop,iOS,2.5.1,logout,696,3419,10113,1800116175,1800116871,1
logs-row-0001550,log-0001550,log-0001550,user-00150,desktop,iOS,2.5.0,login,721,3450,10150,1800116250,1800116971,1
logs-row-0001551,log-0001551,log-0001551,user-00151,tablet,iOS,2.4.1,purchase,736,3481,10187,1800116325,1800117061,1
logs-row-0001552,log-0001552,log-0001552,user-00152,phone,iOS,2.4.0,login_failed,45,3512,10224,1800116400,1800116445,0
logs-row-0001553,log-0001553,log-0001553,user-00153,laptop,iOS,2.5.1,view,779,3543,10261,1800116475,1800117254,1
logs-row-0001554,log-0001554,log-0001554,user-00154,desktop,iOS,2.5.0,logout,795,3574,10298,1800116550,1800117345,1
logs-row-0001555,log-0001555,log-0001555,user-00155,tablet,iOS,2.4.1,login,810,3605,10335,1800116625,1800117435,1
logs-row-0001556,log-0001556,log-0001556,user-00156,phone,iOS,2.4.0,purchase,832,3636,10372,1800116700,1800117532,1
logs-row-0001557,log-0001557,log-0001557,user-00157,laptop,iOS,2.5.1,login_failed,45,3667,10409,1800116775,1800116820,0
logs-row-0001558,log-0001558,log-0001558,user-00158,desktop,iOS,2.5.0,view,874,3698,10446,1800116850,1800117724,1
logs-row-0001559,log-0001559,log-0001559,user-00159,tablet,iOS,2.4.1,logout,890,3729,10483,1800116925,1800117815,1
logs-row-0001560,log-0001560,log-0001560,user-00160,phone,iOS,2.4.0,login,905,3760,10520,1800117000,1800117905,1
logs-row-0001561,log-0001561,log-0001561,user-00161,laptop,iOS,2.5.1,purchase,931,3791,10557,1800117075,1800118006,1
logs-row-0001562,log-0001562,log-0001562,user-00162,desktop,iOS,2.5.0,login_failed,45,3822,10594,1800117150,1800117195,0
logs-row-0001563,log-0001563,log-0001563,user-00163,tablet,iOS,2.4.1,view,67,3853,10631,1800117225,1800117292,1
logs-row-0001564,log-0001564,log-0001564,user-00164,phone,iOS,2.4.0,logout,81,3884,10668,1800117300,1800117381,1
logs-row-0001565,log-0001565,log-0001565,user-00165,laptop,iOS,2.5.1,login,102,3915,10705,1800117375,1800117477,1
logs-row-0001566,log-0001566,log-0001566,user-00166,desktop,iOS,2.5.0,purchase,121,3946,10742,1800117450,1800117571,1
logs-row-0001567,log-0001567,log-0001567,user-00167,tablet,iOS,2.4.1,login_failed,45,3977,10779,1800117525,1800117570,0
logs-row-0001568,log-0001568,log-0001568,user-00168,phone,iOS,2.4.0,view,157,4008,10816,1800117600,1800117757,1
logs-row-0001569,log-0001569,log-0001569,user-00169,laptop,iOS,2.5.1,logout,180,4039,10853,1800117675,1800117855,1
logs-row-0001570,log-0001570,log-0001570,user-00170,desktop,iOS,2.5.0,login,198,4070,10890,1800117750,1800117948,1
logs-row-0001571,log-0001571,log-0001571,user-00171,tablet,iOS,2.4.1,purchase,218,4101,10927,1800117825,1800118043,1
logs-row-0001572,log-0001572,log-0001572,user-00172,phone,iOS,2.4.0,login_failed,45,4132,10964,1800117900,1800117945,0
logs-row-0001573,log-0001573,log-0001573,user-00173,laptop,iOS,2.5.1,view,254,4163,11001,1800117975,1800118229,1
logs-row-0001574,log-0001574,log-0001574,user-00174,desktop,iOS,2.5.0,logout,275,4194,11038,1800118050,1800118325,1
logs-row-0001575,log-0001575,log-0001575,user-00175,tablet,iOS,2.4.1,login,297,4225,11075,1800118125,1800118422,1
logs-row-0001576,log-0001576,log-0001576,user-00176,phone,iOS,2.4.0,purchase,316,4256,11112,1800118200,1800118516,1
logs-row-0001577,log-0001577,log-0001577,user-00177,laptop,iOS,2.5.1,login_failed,45,4287,11149,1800118275,1800118320,0
logs-row-0001578,log-0001578,log-0001578,user-00178,desktop,iOS,2.5.0,view,352,4318,11186,1800118350,1800118702,1
logs-row-0001579,log-0001579,log-0001579,user-00179,tablet,iOS,2.4.1,logout,373,4349,11223,1800118425,1800118798,1
logs-row-0001580,log-0001580,log-0001580,user-00180,phone,iOS,2.4.0,login,386,4380,11260,1800118500,1800118886,1
logs-row-0001581,log-0001581,log-0001581,user-00181,laptop,iOS,2.5.1,purchase,406,4411,11297,1800118575,1800118981,1
logs-row-0001582,log-0001582,log-0001582,user-00182,desktop,iOS,2.5.0,login_failed,45,4442,11334,1800118650,1800118695,0
logs-row-0001583,log-0001583,log-0001583,user-00183,tablet,iOS,2.4.1,view,442,4473,11371,1800118725,1800119167,1
logs-row-0001584,log-0001584,log-0001584,user-00184,phone,iOS,2.4.0,logout,463,4504,11408,1800118800,1800119263,1
logs-row-0001585,log-0001585,log-0001585,user-00185,laptop,iOS,2.5.1,login,484,4535,11445,1800118875,1800119359,1
logs-row-0001586,log-0001586,log-0001586,user-00186,desktop,iOS,2.5.0,purchase,504,4566,11482,1800118950,1800119454,1
logs-row-0001587,log-0001587,log-0001587,user-00187,tablet,iOS,2.4.1,login_failed,45,4597,11519,1800119025,1800119070,0
logs-row-0001588,log-0001588,log-0001588,user-00188,phone,iOS,2.4.0,view,538,4628,11556,1800119100,1800119638,1
logs-row-0001589,log-0001589,log-0001589,user-00189,laptop,iOS,2.5.1,logout,557,4659,11593,1800119175,1800119732,1
logs-row-0001590,log-0001590,log-0001590,user-00190,desktop,iOS,2.5.0,login,578,4690,11630,1800119250,1800119828,1
logs-row-0001591,log-0001591,log-0001591,user-00191,tablet,iOS,2.4.1,purchase,595,4721,11667,1800119325,1800119920,1
logs-row-0001592,log-0001592,log-0001592,user-00192,phone,iOS,2.4.0,login_failed,45,4752,11704,1800119400,1800119445,0
logs-row-0001593,log-0001593,log-0001593,user-00193,laptop,iOS,2.5.1,view,633,4783,11741,1800119475,1800120108,1
logs-row-0001594,log-0001594,log-0001594,user-00194,desktop,iOS,2.5.0,logout,652,4814,11778,1800119550,1800120202,1
logs-row-0001595,log-0001595,log-0001595,user-00195,tablet,iOS,2.4.1,login,673,4845,11815,1800119625,1800120298,1
logs-row-0001596,log-0001596,log-0001596,user-00196,phone,iOS,2.4.0,purchase,695,4876,11852,1800119700,1800120395,1
logs-row-0001597,log-0001597,log-0001597,user-00197,laptop,iOS,2.5.1,login_failed,45,4907,11889,1800119775,1800119820,0
logs-row-0001598,log-0001598,log-0001598,user-00198,desktop,iOS,2.5.0,view,733,4938,11926,1800119850,1800120583,1
logs-row-0001599,log-0001599,log-0001599,user-00199,tablet,iOS,2.4.1,logout,750,4969,11963,1800119925,1800120675,1
logs-row-0001600,log-0001600,log-0001600,user-00000,phone,iOS,2.4.0,login,765,5000,12000,1800120000,1800120765,1
logs-row-0001601,log-0001601,log-0001601,user-00001,laptop,iOS,2.5.1,purchase,788,5031,12037,1800120075,1800120863,1
logs-row-0001602,log-0001602,log-0001602,user-00002,desktop,iOS,2.5.0,login_failed,45,5062,12074,1800120150,1800120195,0
logs-row-0001603,log-0001603,log-0001603,user-00003,tablet,iOS,2.4.1,view,824,5093,12111,1800120225,1800121049,1
logs-row-0001604,log-0001604,log-0001604,user-00004,phone,iOS,2.4.0,logout,846,5124,12148,1800120300,1800121146,1
logs-row-0001605,log-0001605,log-0001605,user-00005,laptop,iOS,2.5.1,login,861,5155,12185,1800120375,1800121236,1
logs-row-0001606,log-0001606,log-0001606,user-00006,desktop,iOS,2.5.0,purchase,879,5186,12222,1800120450,1800121329,1
logs-row-0001607,log-0001607,log-0001607,user-00007,tablet,iOS,2.4.1,login_failed,45,5217,12259,1800120525,1800120570,0
logs-row-0001608,log-0001608,log-0001608,user-00008,phone,iOS,2.4.0,view,924,5248,12296,1800120600,1800121524,1
logs-row-0001609,log-0001609,log-0001609,user-00009,laptop,iOS,2.5.1,logout,943,5279,12333,1800120675,1800121618,1
logs-row-0001610,log-0001610,log-0001610,user-00010,desktop,iOS,2.5.0,login,957,5310,12370,1800120750,1800121707,1
logs-row-0001611,log-0001611,log-0001611,user-00011,tablet,iOS,2.4.1,purchase,77,5341,12407,1800120825,1800120902,1
logs-row-0001612,log-0001612,log-0001612,user-00012,phone,iOS,2.4.0,login_failed,33,5372,12444,1800120900,1800120933,0
logs-row-0001613,log-0001613,log-0001613,user-00013,laptop,iOS,2.5.1,view,116,403,12481,1800120975,1800121091,1
logs-row-0001614,log-0001614,log-0001614,user-00014,desktop,iOS,2.5.0,logout,133,434,12518,1800121050,1800121183,1
logs-row-0001615,log-0001615,log-0001615,user-00015,tablet,iOS,2.4.1,login,154,465,12555,1800121125,1800121279,1
logs-row-0001616,log-0001616,log-0001616,user-00016,phone,iOS,2.4.0,purchase,173,496,12592,1800121200,1800121373,1
logs-row-0001617,log-0001617,log-0001617,user-00017,laptop,iOS,2.5.1,login_failed,45,527,12629,1800121275,1800121320,0
logs-row-0001618,log-0001618,log-0001618,user-00018,desktop,iOS,2.5.0,view,207,558,12666,1800121350,1800121557,1
logs-row-0001619,log-0001619,log-0001619,user-00019,tablet,iOS,2.4.1,logout,228,589,12703,1800121425,1800121653,1
logs-row-0001620,log-0001620,log-0001620,user-00020,phone,iOS,2.4.0,login,245,620,12740,1800121500,1800121745,1
logs-row-0001621,log-0001621,log-0001621,user-00021,laptop,iOS,2.5.1,purchase,270,651,12777,1800121575,1800121845,1
logs-row-0001622,log-0001622,log-0001622,user-00022,desktop,iOS,2.5.0,login_failed,45,682,814,1800121650,1800121695,0
logs-row-0001623,log-0001623,log-0001623,user-00023,tablet,iOS,2.4.1,view,306,713,851,1800121725,1800122031,1
logs-row-0001624,log-0001624,log-0001624,user-00024,phone,iOS,2.4.0,logout,322,744,888,1800121800,1800122122,1
logs-row-0001625,log-0001625,log-0001625,user-00025,laptop,iOS,2.5.1,login,341,775,925,1800121875,1800122216,1
logs-row-0001626,log-0001626,log-0001626,user-00026,desktop,iOS,2.5.0,purchase,363,806,962,1800121950,1800122313,1
logs-row-0001627,log-0001627,log-0001627,user-00027,tablet,iOS,2.4.1,login_failed,45,837,999,1800122025,1800122070,0
logs-row-0001628,log-0001628,log-0001628,user-00028,phone,iOS,2.4.0,view,399,868,1036,1800122100,1800122499,1
logs-row-0001629,log-0001629,log-0001629,user-00029,laptop,iOS,2.5.1,logout,420,899,1073,1800122175,1800122595,1
logs-row-0001630,log-0001630,log-0001630,user-00030,desktop,iOS,2.5.0,login,441,930,1110,1800122250,1800122691,1
logs-row-0001631,log-0001631,log-0001631,user-00031,tablet,iOS,2.4.1,purchase,455,961,1147,1800122325,1800122780,1
logs-row-0001632,log-0001632,log-0001632,user-00032,phone,iOS,2.4.0,login_failed,45,992,1184,1800122400,1800122445,0
logs-row-0001633,log-0001633,log-0001633,user-00033,laptop,iOS,2.5.1,view,494,1023,1221,1800122475,1800122969,1
logs-row-0001634,log-0001634,log-0001634,user-00034,desktop,iOS,2.5.0,logout,516,1054,1258,1800122550,1800123066,1
logs-row-0001635,log-0001635,log-0001635,user-00035,tablet,iOS,2.4.1,login,530,1085,1295,1800122625,1800123155,1
logs-row-0001636,log-0001636,log-0001636,user-00036,phone,iOS,2.4.0,purchase,552,1116,1332,1800122700,1800123252,1
logs-row-0001637,log-0001637,log-0001637,user-00037,laptop,iOS,2.5.1,login_failed,45,1147,1369,1800122775,1800122820,0
logs-row-0001638,log-0001638,log-0001638,user-00038,desktop,iOS,2.5.0,view,590,1178,1406,1800122850,1800123440,1
logs-row-0001639,log-0001639,log-0001639,user-00039,tablet,iOS,2.4.1,logout,606,1209,1443,1800122925,1800123531,1
logs-row-0001640,log-0001640,log-0001640,user-00040,phone,iOS,2.4.0,login,627,1240,1480,1800123000,1800123627,1
logs-row-0001641,log-0001641,log-0001641,user-00041,laptop,iOS,2.5.1,purchase,648,1271,1517,1800123075,1800123723,1
logs-row-0001642,log-0001642,log-0001642,user-00042,desktop,iOS,2.5.0,login_failed,45,1302,1554,1800123150,1800123195,0
logs-row-0001643,log-0001643,log-0001643,user-00043,tablet,iOS,2.4.1,view,682,1333,1591,1800123225,1800123907,1
logs-row-0001644,log-0001644,log-0001644,user-00044,phone,iOS,2.4.0,logout,708,1364,1628,1800123300,1800124008,1
logs-row-0001645,log-0001645,log-0001645,user-00045,laptop,iOS,2.5.1,login,722,1395,1665,1800123375,1800124097,1
logs-row-0001646,log-0001646,log-0001646,user-00046,desktop,iOS,2.5.0,purchase,743,1426,1702,1800123450,1800124193,1
logs-row-0001647,log-0001647,log-0001647,user-00047,tablet,iOS,2.4.1,login_failed,45,1457,1739,1800123525,1800123570,0
logs-row-0001648,log-0001648,log-0001648,user-00048,phone,iOS,2.4.0,view,781,1488,1776,1800123600,1800124381,1
logs-row-0001649,log-0001649,log-0001649,user-00049,laptop,iOS,2.5.1,logout,799,1519,1813,1800123675,1800124474,1
logs-row-0001650,log-0001650,log-0001650,user-00050,desktop,iOS,2.5.0,login,819,1550,1850,1800123750,1800124569,1
logs-row-0001651,log-0001651,log-0001651,user-00051,tablet,iOS,2.4.1,purchase,839,1581,1887,1800123825,1800124664,1
logs-row-0001652,log-0001652,log-0001652,user-00052,phone,iOS,2.4.0,login_failed,45,1612,1924,1800123900,1800123945,0
logs-row-0001653,log-0001653,log-0001653,user-00053,laptop,iOS,2.5.1,view,879,1643,1961,1800123975,1800124854,1
logs-row-0001654,log-0001654,log-0001654,user-00054,desktop,iOS,2.5.0,logout,897,1674,1998,1800124050,1800124947,1
logs-row-0001655,log-0001655,log-0001655,user-00055,tablet,iOS,2.4.1,login,913,1705,2035,1800124125,1800125038,1
logs-row-0001656,log-0001656,log-0001656,user-00056,phone,iOS,2.4.0,purchase,933,1736,2072,1800124200,1800125133,1
logs-row-0001657,log-0001657,log-0001657,user-00057,laptop,iOS,2.5.1,login_failed,45,1767,2109,1800124275,1800124320,0
logs-row-0001658,log-0001658,log-0001658,user-00058,desktop,iOS,2.5.0,view,69,1798,2146,1800124350,1800124419,1
logs-row-0001659,log-0001659,log-0001659,user-00059,tablet,iOS,2.4.1,logout,86,1829,2183,1800124425,1800124511,1
logs-row-0001660,log-0001660,log-0001660,user-00060,phone,iOS,2.4.0,login,108,1860,2220,1800124500,1800124608,1
logs-row-0001661,log-0001661,log-0001661,user-00061,laptop,iOS,2.5.1,purchase,129,1891,2257,1800124575,1800124704,1
logs-row-0001662,log-0001662,log-0001662,user-00062,desktop,iOS,2.5.0,login_failed,45,1922,2294,1800124650,1800124695,0
logs-row-0001663,log-0001663,log-0001663,user-00063,tablet,iOS,2.4.1,view,165,1953,2331,1800124725,1800124890,1
logs-row-0001664,log-0001664,log-0001664,user-00064,phone,iOS,2.4.0,logout,182,1984,2368,1800124800,1800124982,1
logs-row-0001665,log-0001665,log-0001665,user-00065,laptop,iOS,2.5.1,login,204,2015,2405,1800124875,1800125079,1
logs-row-0001666,log-0001666,log-0001666,user-00066,desktop,iOS,2.5.0,purchase,221,2046,2442,1800124950,1800125171,1
logs-row-0001667,log-0001667,log-0001667,user-00067,tablet,iOS,2.4.1,login_failed,45,2077,2479,1800125025,1800125070,0
logs-row-0001668,log-0001668,log-0001668,user-00068,phone,iOS,2.4.0,view,259,2108,2516,1800125100,1800125359,1
logs-row-0001669,log-0001669,log-0001669,user-00069,laptop,iOS,2.5.1,logout,279,2139,2553,1800125175,1800125454,1
logs-row-0001670,log-0001670,log-0001670,user-00070,desktop,iOS,2.5.0,login,296,2170,2590,1800125250,1800125546,1
logs-row-0001671,log-0001671,log-0001671,user-00071,tablet,iOS,2.4.1,purchase,317,2201,2627,1800125325,1800125642,1
logs-row-0001672,log-0001672,log-0001672,user-00072,phone,iOS,2.4.0,login_failed,45,2232,2664,1800125400,1800125445,0
logs-row-0001673,log-0001673,log-0001673,user-00073,laptop,iOS,2.5.1,view,352,2263,2701,1800125475,1800125827,1
logs-row-0001674,log-0001674,log-0001674,user-00074,desktop,iOS,2.5.0,logout,377,2294,2738,1800125550,1800125927,1
logs-row-0001675,log-0001675,log-0001675,user-00075,tablet,iOS,2.4.1,login,393,2325,2775,1800125625,1800126018,1
logs-row-0001676,log-0001676,log-0001676,user-00076,phone,iOS,2.4.0,purchase,414,2356,2812,1800125700,1800126114,1
logs-row-0001677,log-0001677,log-0001677,user-00077,laptop,iOS,2.5.1,login_failed,45,2387,2849,1800125775,1800125820,0
logs-row-0001678,log-0001678,log-0001678,user-00078,desktop,iOS,2.5.0,view,450,2418,2886,1800125850,1800126300,1
logs-row-0001679,log-0001679,log-0001679,user-00079,tablet,iOS,2.4.1,logout,471,2449,2923,1800125925,1800126396,1
logs-row-0001680,log-0001680,log-0001680,user-00080,phone,iOS,2.4.0,login,489,2480,2960,1800126000,1800126489,1
logs-row-0001681,log-0001681,log-0001681,user-00081,laptop,iOS,2.5.1,purchase,506,2511,2997,1800126075,1800126581,1
logs-row-0001682,log-0001682,log-0001682,user-00082,desktop,iOS,2.5.0,login_failed,45,2542,3034,1800126150,1800126195,0
logs-row-0001683,log-0001683,log-0001683,user-00083,tablet,iOS,2.4.1,view,542,2573,3071,1800126225,1800126767,1
logs-row-0001684,log-0001684,log-0001684,user-00084,phone,iOS,2.4.0,logout,568,2604,3108,1800126300,1800126868,1
logs-row-0001685,log-0001685,log-0001685,user-00085,laptop,iOS,2.5.1,login,585,2635,3145,1800126375,1800126960,1
logs-row-0001686,log-0001686,log-0001686,user-00086,desktop,iOS,2.5.0,purchase,601,2666,3182,1800126450,1800127051,1
logs-row-0001687,log-0001687,log-0001687,user-00087,tablet,iOS,2.4.1,login_failed,45,2697,3219,1800126525,1800126570,0
logs-row-0001688,log-0001688,log-0001688,user-00088,phone,iOS,2.4.0,view,638,2728,3256,1800126600,1800127238,1
logs-row-0001689,log-0001689,log-0001689,user-00089,laptop,iOS,2.5.1,logout,658,2759,3293,1800126675,1800127333,1
logs-row-0001690,log-0001690,log-0001690,user-00090,desktop,iOS,2.5.0,login,678,2790,3330,1800126750,1800127428,1
logs-row-0001691,log-0001691,log-0001691,user-00091,tablet,iOS,2.4.1,purchase,700,2821,3367,1800126825,1800127525,1
logs-row-0001692,log-0001692,log-0001692,user-00092,phone,iOS,2.4.0,login_failed,45,2852,3404,1800126900,1800126945,0
logs-row-0001693,log-0001693,log-0001693,user-00093,laptop,iOS,2.5.1,view,735,2883,3441,1800126975,1800127710,1
logs-row-0001694,log-0001694,log-0001694,user-00094,desktop,iOS,2.5.0,logout,756,2914,3478,1800127050,1800127806,1
logs-row-0001695,log-0001695,log-0001695,user-00095,tablet,iOS,2.4.1,login,775,2945,3515,1800127125,1800127900,1
logs-row-0001696,log-0001696,log-0001696,user-00096,phone,iOS,2.4.0,purchase,791,2976,3552,1800127200,1800127991,1
logs-row-0001697,log-0001697,log-0001697,user-00097,laptop,iOS,2.5.1,login_failed,45,3007,3589,1800127275,1800127320,0
logs-row-0001698,log-0001698,log-0001698,user-00098,desktop,iOS,2.5.0,view,831,3038,3626,1800127350,1800128181,1
logs-row-0001699,log-0001699,log-0001699,user-00099,tablet,iOS,2.4.1,logout,849,3069,3663,1800127425,1800128274,1
logs-row-0001700,log-0001700,log-0001700,user-00100,phone,iOS,2.4.0,login,872,3100,3700,1800127500,1800128372,1
logs-row-0001701,log-0001701,log-0001701,user-00101,laptop,iOS,2.5.1,purchase,887,3131,3737,1800127575,1800128462,1
logs-row-0001702,log-0001702,log-0001702,user-00102,desktop,iOS,2.5.0,login_failed,45,3162,3774,1800127650,1800127695,0
logs-row-0001703,log-0001703,log-0001703,user-00103,tablet,iOS,2.4.1,view,923,3193,3811,1800127725,1800128648,1
logs-row-0001704,log-0001704,log-0001704,user-00104,phone,iOS,2.4.0,logout,945,3224,3848,1800127800,1800128745,1
logs-row-0001705,log-0001705,log-0001705,user-00105,laptop,iOS,2.5.1,login,960,3255,3885,1800127875,1800128835,1
logs-row-0001706,log-0001706,log-0001706,user-00106,desktop,iOS,2.5.0,purchase,81,3286,3922,1800127950,1800128031,1
logs-row-0001707,log-0001707,log-0001707,user-00107,tablet,iOS,2.4.1,login_failed,41,3317,3959,1800128025,1800128066,0
logs-row-0001708,log-0001708,log-0001708,user-00108,phone,iOS,2.4.0,view,119,3348,3996,1800128100,1800128219,1
logs-row-0001709,log-0001709,log-0001709,user-00109,laptop,iOS,2.5.1,logout,139,3379,4033,1800128175,1800128314,1
logs-row-0001710,log-0001710,log-0001710,user-00110,desktop,iOS,2.5.0,login,155,3410,4070,1800128250,1800128405,1
logs-row-0001711,log-0001711,log-0001711,user-00111,tablet,iOS,2.4.1,purchase,178,3441,4107,1800128325,1800128503,1
logs-row-0001712,log-0001712,log-0001712,user-00112,phone,iOS,2.4.0,login_failed,45,3472,4144,1800128400,1800128445,0
logs-row-0001713,log-0001713,log-0001713,user-00113,laptop,iOS,2.5.1,view,212,3503,4181,1800128475,1800128687,1
logs-row-0001714,log-0001714,log-0001714,user-00114,desktop,iOS,2.5.0,logout,231,3534,4218,1800128550,1800128781,1
logs-row-0001715,log-0001715,log-0001715,user-00115,tablet,iOS,2.4.1,login,250,3565,4255,1800128625,1800128875,1
logs-row-0001716,log-0001716,log-0001716,user-00116,phone,iOS,2.4.0,purchase,272,3596,4292,1800128700,1800128972,1
logs-row-0001717,log-0001717,log-0001717,user-00117,laptop,iOS,2.5.1,login_failed,45,3627,4329,1800128775,1800128820,0
logs-row-0001718,log-0001718,log-0001718,user-00118,desktop,iOS,2.5.0,view,308,3658,4366,1800128850,1800129158,1
logs-row-0001719,log-0001719,log-0001719,user-00119,tablet,iOS,2.4.1,logout,326,3689,4403,1800128925,1800129251,1
logs-row-0001720,log-0001720,log-0001720,user-00120,phone,iOS,2.4.0,login,351,3720,4440,1800129000,1800129351,1
logs-row-0001721,log-0001721,log-0001721,user-00121,laptop,iOS,2.5.1,purchase,365,3751,4477,1800129075,1800129440,1
logs-row-0001722,log-0001722,log-0001722,user-00122,desktop,iOS,2.5.0,login_failed,45,3782,4514,1800129150,1800129195,0
logs-row-0001723,log-0001723,log-0001723,user-00123,tablet,iOS,2.4.1,view,407,3813,4551,1800129225,1800129632,1
logs-row-0001724,log-0001724,log-0001724,user-00124,phone,iOS,2.4.0,logout,428,3844,4588,1800129300,1800129728,1
logs-row-0001725,log-0001725,log-0001725,user-00125,laptop,iOS,2.5.1,login,447,3875,4625,1800129375,1800129822,1
logs-row-0001726,log-0001726,log-0001726,user-00126,desktop,iOS,2.5.0,purchase,460,3906,4662,1800129450,1800129910,1
logs-row-0001727,log-0001727,log-0001727,user-00127,tablet,iOS,2.4.1,login_failed,45,3937,4699,1800129525,1800129570,0
logs-row-0001728,log-0001728,log-0001728,user-00128,phone,iOS,2.4.0,view,498,3968,4736,1800129600,1800130098,1
logs-row-0001729,log-0001729,log-0001729,user-00129,laptop,iOS,2.5.1,logout,519,3999,4773,1800129675,1800130194,1
logs-row-0001730,log-0001730,log-0001730,user-00130,desktop,iOS,2.5.0,login,539,4030,4810,1800129750,1800130289,1
logs-row-0001731,log-0001731,log-0001731,user-00131,tablet,iOS,2.4.1,purchase,554,4061,4847,1800129825,1800130379,1
logs-row-0001732,log-0001732,log-0001732,user-00132,phone,iOS,2.4.0,login_failed,45,4092,4884,1800129900,1800129945,0
logs-row-0001733,log-0001733,log-0001733,user-00133,laptop,iOS,2.5.1,view,595,4123,4921,1800129975,1800130570,1
logs-row-0001734,log-0001734,log-0001734,user-00134,desktop,iOS,2.5.0,logout,612,4154,4958,1800130050,1800130662,1
logs-row-0001735,log-0001735,log-0001735,user-00135,tablet,iOS,2.4.1,login,637,4185,4995,1800130125,1800130762,1
logs-row-0001736,log-0001736,log-0001736,user-00136,phone,iOS,2.4.0,purchase,652,4216,5032,1800130200,1800130852,1
logs-row-0001737,log-0001737,log-0001737,user-00137,laptop,iOS,2.5.1,login_failed,45,4247,5069,1800130275,1800130320,0
logs-row-0001738,log-0001738,log-0001738,user-00138,desktop,iOS,2.5.0,view,687,4278,5106,1800130350,1800131037,1
logs-row-0001739,log-0001739,log-0001739,user-00139,tablet,iOS,2.4.1,logout,706,4309,5143,1800130425,1800131131,1
logs-row-0001740,log-0001740,log-0001740,user-00140,phone,iOS,2.4.0,login,727,4340,5180,1800130500,1800131227,1
logs-row-0001741,log-0001741,log-0001741,user-00141,laptop,iOS,2.5.1,purchase,751,4371,5217,1800130575,1800131326,1
logs-row-0001742,log-0001742,log-0001742,user-00142,desktop,iOS,2.5.0,login_failed,45,4402,5254,1800130650,1800130695,0
logs-row-0001743,log-0001743,log-0001743,user-00143,tablet,iOS,2.4.1,view,784,4433,5291,1800130725,1800131509,1
logs-row-0001744,log-0001744,log-0001744,user-00144,phone,iOS,2.4.0,logout,808,4464,5328,1800130800,1800131608,1
logs-row-0001745,log-0001745,log-0001745,user-00145,laptop,iOS,2.5.1,login,825,4495,5365,1800130875,1800131700,1
logs-row-0001746,log-0001746,log-0001746,user-00146,desktop,iOS,2.5.0,purchase,844,4526,5402,1800130950,1800131794,1
logs-row-0001747,log-0001747,log-0001747,user-00147,tablet,iOS,2.4.1,login_failed,45,4557,5439,1800131025,1800131070,0
logs-row-0001748,log-0001748,log-0001748,user-00148,phone,iOS,2.4.0,view,879,4588,5476,1800131100,1800131979,1
logs-row-0001749,log-0001749,log-0001749,user-00149,laptop,iOS,2.5.1,logout,901,4619,5513,1800131175,1800132076,1
logs-row-0001750,log-0001750,log-0001750,user-00150,desktop,iOS,2.5.0,login,920,4650,5550,1800131250,1800132170,1
logs-row-0001751,log-0001751,log-0001751,user-00151,tablet,iOS,2.4.1,purchase,940,4681,5587,1800131325,1800132265,1
logs-row-0001752,log-0001752,log-0001752,user-00152,phone,iOS,2.4.0,login_failed,45,4712,5624,1800131400,1800131445,0
logs-row-0001753,log-0001753,log-0001753,user-00153,laptop,iOS,2.5.1,view,77,4743,5661,1800131475,1800131552,1
logs-row-0001754,log-0001754,log-0001754,user-00154,desktop,iOS,2.5.0,logout,97,4774,5698,1800131550,1800131647,1
logs-row-0001755,log-0001755,log-0001755,user-00155,tablet,iOS,2.4.1,login,112,4805,5735,1800131625,1800131737,1
logs-row-0001756,log-0001756,log-0001756,user-00156,phone,iOS,2.4.0,purchase,134,4836,5772,1800131700,1800131834,1
logs-row-0001757,log-0001757,log-0001757,user-00157,laptop,iOS,2.5.1,login_failed,45,4867,5809,1800131775,1800131820,0
logs-row-0001758,log-0001758,log-0001758,user-00158,desktop,iOS,2.5.0,view,168,4898,5846,1800131850,1800132018,1
logs-row-0001759,log-0001759,log-0001759,user-00159,tablet,iOS,2.4.1,logout,190,4929,5883,1800131925,1800132115,1
logs-row-0001760,log-0001760,log-0001760,user-00160,phone,iOS,2.4.0,login,206,4960,5920,1800132000,1800132206,1
logs-row-0001761,log-0001761,log-0001761,user-00161,laptop,iOS,2.5.1,purchase,226,4991,5957,1800132075,1800132301,1
logs-row-0001762,log-0001762,log-0001762,user-00162,desktop,iOS,2.5.0,login_failed,45,5022,5994,1800132150,1800132195,0
logs-row-0001763,log-0001763,log-0001763,user-00163,tablet,iOS,2.4.1,view,266,5053,6031,1800132225,1800132491,1
logs-row-0001764,log-0001764,log-0001764,user-00164,phone,iOS,2.4.0,logout,287,5084,6068,1800132300,1800132587,1
logs-row-0001765,log-0001765,log-0001765,user-00165,laptop,iOS,2.5.1,login,304,5115,6105,1800132375,1800132679,1
logs-row-0001766,log-0001766,log-0001766,user-00166,desktop,iOS,2.5.0,purchase,321,5146,6142,1800132450,1800132771,1
logs-row-0001767,log-0001767,log-0001767,user-00167,tablet,iOS,2.4.1,login_failed,45,5177,6179,1800132525,1800132570,0
logs-row-0001768,log-0001768,log-0001768,user-00168,phone,iOS,2.4.0,view,362,5208,6216,1800132600,1800132962,1
logs-row-0001769,log-0001769,log-0001769,user-00169,laptop,iOS,2.5.1,logout,380,5239,6253,1800132675,1800133055,1
logs-row-0001770,log-0001770,log-0001770,user-00170,desktop,iOS,2.5.0,login,396,5270,6290,1800132750,1800133146,1
logs-row-0001771,log-0001771,log-0001771,user-00171,tablet,iOS,2.4.1,purchase,420,5301,6327,1800132825,1800133245,1
logs-row-0001772,log-0001772,log-0001772,user-00172,phone,iOS,2.4.0,login_failed,45,5332,6364,1800132900,1800132945,0
logs-row-0001773,log-0001773,log-0001773,user-00173,laptop,iOS,2.5.1,view,456,5363,6401,1800132975,1800133431,1
logs-row-0001774,log-0001774,log-0001774,user-00174,desktop,iOS,2.5.0,logout,478,5394,6438,1800133050,1800133528,1
logs-row-0001775,log-0001775,log-0001775,user-00175,tablet,iOS,2.4.1,login,492,425,6475,1800133125,1800133617,1
logs-row-0001776,log-0001776,log-0001776,user-00176,phone,iOS,2.4.0,purchase,513,456,6512,1800133200,1800133713,1
logs-row-0001777,log-0001777,log-0001777,user-00177,laptop,iOS,2.5.1,login_failed,45,487,6549,1800133275,1800133320,0
logs-row-0001778,log-0001778,log-0001778,user-00178,desktop,iOS,2.5.0,view,552,518,6586,1800133350,1800133902,1
logs-row-0001779,log-0001779,log-0001779,user-00179,tablet,iOS,2.4.1,logout,569,549,6623,1800133425,1800133994,1
logs-row-0001780,log-0001780,log-0001780,user-00180,phone,iOS,2.4.0,login,588,580,6660,1800133500,1800134088,1
logs-row-0001781,log-0001781,log-0001781,user-00181,laptop,iOS,2.5.1,purchase,604,611,6697,1800133575,1800134179,1
logs-row-0001782,log-0001782,log-0001782,user-00182,desktop,iOS,2.5.0,login_failed,45,642,6734,1800133650,1800133695,0
logs-row-0001783,log-0001783,log-0001783,user-00183,tablet,iOS,2.4.1,view,642,673,6771,1800133725,1800134367,1
logs-row-0001784,log-0001784,log-0001784,user-00184,phone,iOS,2.4.0,logout,662,704,6808,1800133800,1800134462,1
logs-row-0001785,log-0001785,log-0001785,user-00185,laptop,iOS,2.5.1,login,687,735,6845,1800133875,1800134562,1
logs-row-0001786,log-0001786,log-0001786,user-00186,desktop,iOS,2.5.0,purchase,700,766,6882,1800133950,1800134650,1
logs-row-0001787,log-0001787,log-0001787,user-00187,tablet,iOS,2.4.1,login_failed,45,797,6919,1800134025,1800134070,0
logs-row-0001788,log-0001788,log-0001788,user-00188,phone,iOS,2.4.0,view,742,828,6956,1800134100,1800134842,1
logs-row-0001789,log-0001789,log-0001789,user-00189,laptop,iOS,2.5.1,logout,759,859,6993,1800134175,1800134934,1
logs-row-0001790,log-0001790,log-0001790,user-00190,desktop,iOS,2.5.0,login,780,890,7030,1800134250,1800135030,1
logs-row-0001791,log-0001791,log-0001791,user-00191,tablet,iOS,2.4.1,purchase,798,921,7067,1800134325,1800135123,1
logs-row-0001792,log-0001792,log-0001792,user-00192,phone,iOS,2.4.0,login_failed,45,952,7104,1800134400,1800134445,0
logs-row-0001793,log-0001793,log-0001793,user-00193,laptop,iOS,2.5.1,view,834,983,7141,1800134475,1800135309,1
logs-row-0001794,log-0001794,log-0001794,user-00194,desktop,iOS,2.5.0,logout,853,1014,7178,1800134550,1800135403,1
logs-row-0001795,log-0001795,log-0001795,user-00195,tablet,iOS,2.4.1,login,876,1045,7215,1800134625,1800135501,1
logs-row-0001796,log-0001796,log-0001796,user-00196,phone,iOS,2.4.0,purchase,895,1076,7252,1800134700,1800135595,1
logs-row-0001797,log-0001797,log-0001797,user-00197,laptop,iOS,2.5.1,login_failed,45,1107,7289,1800134775,1800134820,0
logs-row-0001798,log-0001798,log-0001798,user-00198,desktop,iOS,2.5.0,view,932,1138,7326,1800134850,1800135782,1
logs-row-0001799,log-0001799,log-0001799,user-00199,tablet,iOS,2.4.1,logout,952,1169,7363,1800134925,1800135877,1
logs-row-0001800,log-0001800,log-0001800,user-00000,phone,iOS,2.4.0,login,67,1200,7400,1800135000,1800135067,1
logs-row-0001801,log-0001801,log-0001801,user-00001,laptop,iOS,2.5.1,purchase,87,1231,7437,1800135075,1800135162,1
logs-row-0001802,log-0001802,log-0001802,user-00002,desktop,iOS,2.5.0,login_failed,45,1262,7474,1800135150,1800135195,0
logs-row-0001803,log-0001803,log-0001803,user-00003,tablet,iOS,2.4.1,view,128,1293,7511,1800135225,1800135353,1
logs-row-0001804,log-0001804,log-0001804,user-00004,phone,iOS,2.4.0,logout,147,1324,7548,1800135300,1800135447,1
logs-row-0001805,log-0001805,log-0001805,user-00005,laptop,iOS,2.5.1,login,162,1355,7585,1800135375,1800135537,1
logs-row-0001806,log-0001806,log-0001806,user-00006,desktop,iOS,2.5.0,purchase,179,1386,7622,1800135450,1800135629,1
logs-row-0001807,log-0001807,log-0001807,user-00007,tablet,iOS,2.4.1,login_failed,45,1417,7659,1800135525,1800135570,0
logs-row-0001808,log-0001808,log-0001808,user-00008,phone,iOS,2.4.0,view,220,1448,7696,1800135600,1800135820,1
logs-row-0001809,log-0001809,log-0001809,user-00009,laptop,iOS,2.5.1,logout,239,1479,7733,1800135675,1800135914,1
logs-row-0001810,log-0001810,log-0001810,user-00010,desktop,iOS,2.5.0,login,257,1510,7770,1800135750,1800136007,1
logs-row-0001811,log-0001811,log-0001811,user-00011,tablet,iOS,2.4.1,purchase,275,1541,7807,1800135825,1800136100,1
logs-row-0001812,log-0001812,log-0001812,user-00012,phone,iOS,2.4.0,login_failed,45,1572,7844,1800135900,1800135945,0
logs-row-0001813,log-0001813,log-0001813,user-00013,laptop,iOS,2.5.1,view,318,1603,7881,1800135975,1800136293,1
logs-row-0001814,log-0001814,log-0001814,user-00014,desktop,iOS,2.5.0,logout,332,1634,7918,1800136050,1800136382,1
logs-row-0001815,log-0001815,log-0001815,user-00015,tablet,iOS,2.4.1,login,353,1665,7955,1800136125,1800136478,1
logs-row-0001816,log-0001816,log-0001816,user-00016,phone,iOS,2.4.0,purchase,373,1696,7992,1800136200,1800136573,1
logs-row-0001817,log-0001817,log-0001817,user-00017,laptop,iOS,2.5.1,login_failed,45,1727,8029,1800136275,1800136320,0
logs-row-0001818,log-0001818,log-0001818,user-00018,desktop,iOS,2.5.0,view,407,1758,8066,1800136350,1800136757,1
logs-row-0001819,log-0001819,log-0001819,user-00019,tablet,iOS,2.4.1,logout,430,1789,8103,1800136425,1800136855,1
logs-row-0001820,log-0001820,log-0001820,user-00020,phone,iOS,2.4.0,login,445,1820,8140,1800136500,1800136945,1
logs-row-0001821,log-0001821,log-0001821,user-00021,laptop,iOS,2.5.1,purchase,464,1851,8177,1800136575,1800137039,1
logs-row-0001822,log-0001822,log-0001822,user-00022,desktop,iOS,2.5.0,login_failed,45,1882,8214,1800136650,1800136695,0
logs-row-0001823,log-0001823,log-0001823,user-00023,tablet,iOS,2.4.1,view,506,1913,8251,1800136725,1800137231,1
logs-row-0001824,log-0001824,log-0001824,user-00024,phone,iOS,2.4.0,logout,522,1944,8288,1800136800,1800137322,1
logs-row-0001825,log-0001825,log-0001825,user-00025,laptop,iOS,2.5.1,login,547,1975,8325,1800136875,1800137422,1
logs-row-0001826,log-0001826,log-0001826,user-00026,desktop,iOS,2.5.0,purchase,566,2006,8362,1800136950,1800137516,1
logs-row-0001827,log-0001827,log-0001827,user-00027,tablet,iOS,2.4.1,login_failed,45,2037,8399,1800137025,1800137070,0
logs-row-0001828,log-0001828,log-0001828,user-00028,phone,iOS,2.4.0,view,603,2068,8436,1800137100,1800137703,1
logs-row-0001829,log-0001829,log-0001829,user-00029,laptop,iOS,2.5.1,logout,616,2099,8473,1800137175,1800137791,1
logs-row-0001830,log-0001830,log-0001830,user-00030,desktop,iOS,2.5.0,login,641,2130,8510,1800137250,1800137891,1
logs-row-0001831,log-0001831,log-0001831,user-00031,tablet,iOS,2.4.1,purchase,657,2161,8547,1800137325,1800137982,1
logs-row-0001832,log-0001832,log-0001832,user-00032,phone,iOS,2.4.0,login_failed,45,2192,8584,1800137400,1800137445,0
logs-row-0001833,log-0001833,log-0001833,user-00033,laptop,iOS,2.5.1,view,692,2223,8621,1800137475,1800138167,1
logs-row-0001834,log-0001834,log-0001834,user-00034,desktop,iOS,2.5.0,logout,716,2254,8658,1800137550,1800138266,1
logs-row-0001835,log-0001835,log-0001835,user-00035,tablet,iOS,2.4.1,login,736,2285,8695,1800137625,1800138361,1
logs-row-0001836,log-0001836,log-0001836,user-00036,phone,iOS,2.4.0,purchase,755,2316,8732,1800137700,1800138455,1
logs-row-0001837,log-0001837,log-0001837,user-00037,laptop,iOS,2.5.1,login_failed,45,2347,8769,1800137775,1800137820,0
logs-row-0001838,log-0001838,log-0001838,user-00038,desktop,iOS,2.5.0,view,788,2378,8806,1800137850,1800138638,1
logs-row-0001839,log-0001839,log-0001839,user-00039,tablet,iOS,2.4.1,logout,808,2409,8843,1800137925,1800138733,1
logs-row-0001840,log-0001840,log-0001840,user-00040,phone,iOS,2.4.0,login,828,2440,8880,1800138000,1800138828,1
logs-row-0001841,log-0001841,log-0001841,user-00041,laptop,iOS,2.5.1,purchase,845,2471,8917,1800138075,1800138920,1
logs-row-0001842,log-0001842,log-0001842,user-00042,desktop,iOS,2.5.0,login_failed,45,2502,8954,1800138150,1800138195,0
logs-row-0001843,log-0001843,log-0001843,user-00043,tablet,iOS,2.4.1,view,883,2533,8991,1800138225,1800139108,1
logs-row-0001844,log-0001844,log-0001844,user-00044,phone,iOS,2.4.0,logout,906,2564,9028,1800138300,1800139206,1
logs-row-0001845,log-0001845,log-0001845,user-00045,laptop,iOS,2.5.1,login,921,2595,9065,1800138375,1800139296,1
logs-row-0001846,log-0001846,log-0001846,user-00046,desktop,iOS,2.5.0,purchase,940,2626,9102,1800138450,1800139390,1
logs-row-0001847,log-0001847,log-0001847,user-00047,tablet,iOS,2.4.1,login_failed,5,2657,9139,1800138525,1800138530,0
logs-row-0001848,log-0001848,log-0001848,user-00048,phone,iOS,2.4.0,view,78,2688,9176,1800138600,1800138678,1
logs-row-0001849,log-0001849,log-0001849,user-00049,laptop,iOS,2.5.1,logout,97,2719,9213,1800138675,1800138772,1
logs-row-0001850,log-0001850,log-0001850,user-00050,desktop,iOS,2.5.0,login,116,2750,9250,1800138750,1800138866,1
logs-row-0001851,log-0001851,log-0001851,user-00051,tablet,iOS,2.4.1,purchase,137,2781,9287,1800138825,1800138962,1
logs-row-0001852,log-0001852,log-0001852,user-00052,phone,iOS,2.4.0,login_failed,45,2812,9324,1800138900,1800138945,0
logs-row-0001853,log-0001853,log-0001853,user-00053,laptop,iOS,2.5.1,view,173,2843,9361,1800138975,1800139148,1
logs-row-0001854,log-0001854,log-0001854,user-00054,desktop,iOS,2.5.0,logout,196,2874,9398,1800139050,1800139246,1
logs-row-0001855,log-0001855,log-0001855,user-00055,tablet,iOS,2.4.1,login,214,2905,9435,1800139125,1800139339,1
logs-row-0001856,log-0001856,log-0001856,user-00056,phone,iOS,2.4.0,purchase,229,2936,9472,1800139200,1800139429,1
logs-row-0001857,log-0001857,log-0001857,user-00057,laptop,iOS,2.5.1,login_failed,45,2967,9509,1800139275,1800139320,0
logs-row-0001858,log-0001858,log-0001858,user-00058,desktop,iOS,2.5.0,view,271,2998,9546,1800139350,1800139621,1
logs-row-0001859,log-0001859,log-0001859,user-00059,tablet,iOS,2.4.1,logout,293,3029,9583,1800139425,1800139718,1
logs-row-0001860,log-0001860,log-0001860,user-00060,phone,iOS,2.4.0,login,306,3060,9620,1800139500,1800139806,1
logs-row-0001861,log-0001861,log-0001861,user-00061,laptop,iOS,2.5.1,purchase,329,3091,9657,1800139575,1800139904,1
logs-row-0001862,log-0001862,log-0001862,user-00062,desktop,iOS,2.5.0,login_failed,45,3122,9694,1800139650,1800139695,0
logs-row-0001863,log-0001863,log-0001863,user-00063,tablet,iOS,2.4.1,view,367,3153,9731,1800139725,1800140092,1
logs-row-0001864,log-0001864,log-0001864,user-00064,phone,iOS,2.4.0,logout,382,3184,9768,1800139800,1800140182,1
logs-row-0001865,log-0001865,log-0001865,user-00065,laptop,iOS,2.5.1,login,405,3215,9805,1800139875,1800140280,1
logs-row-0001866,log-0001866,log-0001866,user-00066,desktop,iOS,2.5.0,purchase,420,3246,9842,1800139950,1800140370,1
logs-row-0001867,log-0001867,log-0001867,user-00067,tablet,iOS,2.4.1,login_failed,45,3277,9879,1800140025,1800140070,0
logs-row-0001868,log-0001868,log-0001868,user-00068,phone,iOS,2.4.0,view,459,3308,9916,1800140100,1800140559,1
logs-row-0001869,log-0001869,log-0001869,user-00069,laptop,iOS,2.5.1,logout,478,3339,9953,1800140175,1800140653,1
logs-row-0001870,log-0001870,log-0001870,user-00070,desktop,iOS,2.5.0,login,502,3370,9990,1800140250,1800140752,1
logs-row-0001871,log-0001871,log-0001871,user-00071,tablet,iOS,2.4.1,purchase,516,3401,10027,1800140325,1800140841,1
logs-row-0001872,log-0001872,log-0001872,user-00072,phone,iOS,2.4.0,login_failed,45,3432,10064,1800140400,1800140445,0
logs-row-0001873,log-0001873,log-0001873,user-00073,laptop,iOS,2.5.1,view,555,3463,10101,1800140475,1800141030,1
logs-row-0001874,log-0001874,log-0001874,user-00074,desktop,iOS,2.5.0,logout,573,3494,10138,1800140550,1800141123,1
logs-row-0001875,log-0001875,log-0001875,user-00075,tablet,iOS,2.4.1,login,595,3525,10175,1800140625,1800141220,1
logs-row-0001876,log-0001876,log-0001876,user-00076,phone,iOS,2.4.0,purchase,611,3556,10212,1800140700,1800141311,1
logs-row-0001877,log-0001877,log-0001877,user-00077,laptop,iOS,2.5.1,login_failed,45,3587,10249,1800140775,1800140820,0
logs-row-0001878,log-0001878,log-0001878,user-00078,desktop,iOS,2.5.0,view,649,3618,10286,1800140850,1800141499,1
logs-row-0001879,log-0001879,log-0001879,user-00079,tablet,iOS,2.4.1,logout,668,3649,10323,1800140925,1800141593,1
logs-row-0001880,log-0001880,log-0001880,user-00080,phone,iOS,2.4.0,login,689,3680,10360,1800141000,1800141689,1
logs-row-0001881,log-0001881,log-0001881,user-00081,laptop,iOS,2.5.1,purchase,707,3711,10397,1800141075,1800141782,1
logs-row-0001882,log-0001882,log-0001882,user-00082,desktop,iOS,2.5.0,login_failed,45,3742,10434,1800141150,1800141195,0
logs-row-0001883,log-0001883,log-0001883,user-00083,tablet,iOS,2.4.1,view,747,3773,10471,1800141225,1800141972,1
logs-row-0001884,log-0001884,log-0001884,user-00084,phone,iOS,2.4.0,logout,762,3804,10508,1800141300,1800142062,1
logs-row-0001885,log-0001885,log-0001885,user-00085,laptop,iOS,2.5.1,login,781,3835,10545,1800141375,1800142156,1
logs-row-0001886,log-0001886,log-0001886,user-00086,desktop,iOS,2.5.0,purchase,804,3866,10582,1800141450,1800142254,1
logs-row-0001887,log-0001887,log-0001887,user-00087,tablet,iOS,2.4.1,login_failed,45,3897,10619,1800141525,1800141570,0
logs-row-0001888,log-0001888,log-0001888,user-00088,phone,iOS,2.4.0,view,840,3928,10656,1800141600,1800142440,1
logs-row-0001889,log-0001889,log-0001889,user-00089,laptop,iOS,2.5.1,logout,856,3959,10693,1800141675,1800142531,1
logs-row-0001890,log-0001890,log-0001890,user-00090,desktop,iOS,2.5.0,login,876,3990,10730,1800141750,1800142626,1
logs-row-0001891,log-0001891,log-0001891,user-00091,tablet,iOS,2.4.1,purchase,900,4021,10767,1800141825,1800142725,1
logs-row-0001892,log-0001892,log-0001892,user-00092,phone,iOS,2.4.0,login_failed,45,4052,10804,1800141900,1800141945,0
logs-row-0001893,log-0001893,log-0001893,user-00093,laptop,iOS,2.5.1,view,938,4083,10841,1800141975,1800142913,1
logs-row-0001894,log-0001894,log-0001894,user-00094,desktop,iOS,2.5.0,logout,951,4114,10878,1800142050,1800143001,1
logs-row-0001895,log-0001895,log-0001895,user-00095,tablet,iOS,2.4.1,login,73,4145,10915,1800142125,1800142198,1
logs-row-0001896,log-0001896,log-0001896,user-00096,phone,iOS,2.4.0,purchase,92,4176,10952,1800142200,1800142292,1
logs-row-0001897,log-0001897,log-0001897,user-00097,laptop,iOS,2.5.1,login_failed,45,4207,10989,1800142275,1800142320,0
logs-row-0001898,log-0001898,log-0001898,user-00098,desktop,iOS,2.5.0,view,130,4238,11026,1800142350,1800142480,1
logs-row-0001899,log-0001899,log-0001899,user-00099,tablet,iOS,2.4.1,logout,150,4269,11063,1800142425,1800142575,1
logs-row-0001900,log-0001900,log-0001900,user-00100,phone,iOS,2.4.0,login,170,4300,11100,1800142500,1800142670,1
logs-row-0001901,log-0001901,log-0001901,user-00101,laptop,iOS,2.5.1,purchase,185,4331,11137,1800142575,1800142760,1
logs-row-0001902,log-0001902,log-0001902,user-00102,desktop,iOS,2.5.0,login_failed,45,4362,11174,1800142650,1800142695,0
logs-row-0001903,log-0001903,log-0001903,user-00103,tablet,iOS,2.4.1,view,225,4393,11211,1800142725,1800142950,1
logs-row-0001904,log-0001904,log-0001904,user-00104,phone,iOS,2.4.0,logout,244,4424,11248,1800142800,1800143044,1
logs-row-0001905,log-0001905,log-0001905,user-00105,laptop,iOS,2.5.1,login,264,4455,11285,1800142875,1800143139,1
logs-row-0001906,log-0001906,log-0001906,user-00106,desktop,iOS,2.5.0,purchase,284,4486,11322,1800142950,1800143234,1
logs-row-0001907,log-0001907,log-0001907,user-00107,tablet,iOS,2.4.1,login_failed,45,4517,11359,1800143025,1800143070,0
logs-row-0001908,log-0001908,log-0001908,user-00108,phone,iOS,2.4.0,view,321,4548,11396,1800143100,1800143421,1
logs-row-0001909,log-0001909,log-0001909,user-00109,laptop,iOS,2.5.1,logout,341,4579,11433,1800143175,1800143516,1
logs-row-0001910,log-0001910,log-0001910,user-00110,desktop,iOS,2.5.0,login,357,4610,11470,1800143250,1800143607,1
logs-row-0001911,log-0001911,log-0001911,user-00111,tablet,iOS,2.4.1,purchase,375,4641,11507,1800143325,1800143700,1
logs-row-0001912,log-0001912,log-0001912,user-00112,phone,iOS,2.4.0,login_failed,45,4672,11544,1800143400,1800143445,0
logs-row-0001913,log-0001913,log-0001913,user-00113,laptop,iOS,2.5.1,view,418,4703,11581,1800143475,1800143893,1
logs-row-0001914,log-0001914,log-0001914,user-00114,desktop,iOS,2.5.0,logout,436,4734,11618,1800143550,1800143986,1
logs-row-0001915,log-0001915,log-0001915,user-00115,tablet,iOS,2.4.1,login,457,4765,11655,1800143625,1800144082,1
logs-row-0001916,log-0001916,log-0001916,user-00116,phone,iOS,2.4.0,purchase,475,4796,11692,1800143700,1800144175,1
logs-row-0001917,log-0001917,log-0001917,user-00117,laptop,iOS,2.5.1,login_failed,45,4827,11729,1800143775,1800143820,0
logs-row-0001918,log-0001918,log-0001918,user-00118,desktop,iOS,2.5.0,view,514,4858,11766,1800143850,1800144364,1
logs-row-0001919,log-0001919,log-0001919,user-00119,tablet,iOS,2.4.1,logout,531,4889,11803,1800143925,1800144456,1
logs-row-0001920,log-0001920,log-0001920,user-00120,phone,iOS,2.4.0,login,546,4920,11840,1800144000,1800144546,1
logs-row-0001921,log-0001921,log-0001921,user-00121,laptop,iOS,2.5.1,purchase,570,4951,11877,1800144075,1800144645,1
logs-row-0001922,log-0001922,log-0001922,user-00122,desktop,iOS,2.5.0,login_failed,45,4982,11914,1800144150,1800144195,0
logs-row-0001923,log-0001923,log-0001923,user-00123,tablet,iOS,2.4.1,view,604,5013,11951,1800144225,1800144829,1
logs-row-0001924,log-0001924,log-0001924,user-00124,phone,iOS,2.4.0,logout,622,5044,11988,1800144300,1800144922,1
logs-row-0001925,log-0001925,log-0001925,user-00125,laptop,iOS,2.5.1,login,642,5075,12025,1800144375,1800145017,1
logs-row-0001926,log-0001926,log-0001926,user-00126,desktop,iOS,2.5.0,purchase,663,5106,12062,1800144450,1800145113,1
logs-row-0001927,log-0001927,log-0001927,user-00127,tablet,iOS,2.4.1,login_failed,45,5137,12099,1800144525,1800144570,0
logs-row-0001928,log-0001928,log-0001928,user-00128,phone,iOS,2.4.0,view,699,5168,12136,1800144600,1800145299,1
logs-row-0001929,log-0001929,log-0001929,user-00129,laptop,iOS,2.5.1,logout,720,5199,12173,1800144675,1800145395,1
logs-row-0001930,log-0001930,log-0001930,user-00130,desktop,iOS,2.5.0,login,736,5230,12210,1800144750,1800145486,1
logs-row-0001931,log-0001931,log-0001931,user-00131,tablet,iOS,2.4.1,purchase,755,5261,12247,1800144825,1800145580,1
logs-row-0001932,log-0001932,log-0001932,user-00132,phone,iOS,2.4.0,login_failed,45,5292,12284,1800144900,1800144945,0
logs-row-0001933,log-0001933,log-0001933,user-00133,laptop,iOS,2.5.1,view,797,5323,12321,1800144975,1800145772,1
logs-row-0001934,log-0001934,log-0001934,user-00134,desktop,iOS,2.5.0,logout,815,5354,12358,1800145050,1800145865,1
logs-row-0001935,log-0001935,log-0001935,user-00135,tablet,iOS,2.4.1,login,836,5385,12395,1800145125,1800145961,1
logs-row-0001936,log-0001936,log-0001936,user-00136,phone,iOS,2.4.0,purchase,855,416,12432,1800145200,1800146055,1
logs-row-0001937,log-0001937,log-0001937,user-00137,laptop,iOS,2.5.1,login_failed,45,447,12469,1800145275,1800145320,0
logs-row-0001938,log-0001938,log-0001938,user-00138,desktop,iOS,2.5.0,view,893,478,12506,1800145350,1800146243,1
logs-row-0001939,log-0001939,log-0001939,user-00139,tablet,iOS,2.4.1,logout,912,509,12543,1800145425,1800146337,1
logs-row-0001940,log-0001940,log-0001940,user-00140,phone,iOS,2.4.0,login,927,540,12580,1800145500,1800146427,1
logs-row-0001941,log-0001941,log-0001941,user-00141,laptop,iOS,2.5.1,purchase,944,571,12617,1800145575,1800146519,1
logs-row-0001942,log-0001942,log-0001942,user-00142,desktop,iOS,2.5.0,login_failed,45,602,12654,1800145650,1800145695,0
logs-row-0001943,log-0001943,log-0001943,user-00143,tablet,iOS,2.4.1,view,88,633,12691,1800145725,1800145813,1
logs-row-0001944,log-0001944,log-0001944,user-00144,phone,iOS,2.4.0,logout,104,664,12728,1800145800,1800145904,1
logs-row-0001945,log-0001945,log-0001945,user-00145,laptop,iOS,2.5.1,login,122,695,12765,1800145875,1800145997,1
logs-row-0001946,log-0001946,log-0001946,user-00146,desktop,iOS,2.5.0,purchase,146,726,802,1800145950,1800146096,1
logs-row-0001947,log-0001947,log-0001947,user-00147,tablet,iOS,2.4.1,login_failed,45,757,839,1800146025,1800146070,0
logs-row-0001948,log-0001948,log-0001948,user-00148,phone,iOS,2.4.0,view,177,788,876,1800146100,1800146277,1
logs-row-0001949,log-0001949,log-0001949,user-00149,laptop,iOS,2.5.1,logout,198,819,913,1800146175,1800146373,1
logs-row-0001950,log-0001950,log-0001950,user-00150,desktop,iOS,2.5.0,login,221,850,950,1800146250,1800146471,1
logs-row-0001951,log-0001951,log-0001951,user-00151,tablet,iOS,2.4.1,purchase,241,881,987,1800146325,1800146566,1
logs-row-0001952,log-0001952,log-0001952,user-00152,phone,iOS,2.4.0,login_failed,45,912,1024,1800146400,1800146445,0
logs-row-0001953,log-0001953,log-0001953,user-00153,laptop,iOS,2.5.1,view,275,943,1061,1800146475,1800146750,1
logs-row-0001954,log-0001954,log-0001954,user-00154,desktop,iOS,2.5.0,logout,291,974,1098,1800146550,1800146841,1
logs-row-0001955,log-0001955,log-0001955,user-00155,tablet,iOS,2.4.1,login,312,1005,1135,1800146625,1800146937,1
logs-row-0001956,log-0001956,log-0001956,user-00156,phone,iOS,2.4.0,purchase,332,1036,1172,1800146700,1800147032,1
logs-row-0001957,log-0001957,log-0001957,user-00157,laptop,iOS,2.5.1,login_failed,45,1067,1209,1800146775,1800146820,0
logs-row-0001958,log-0001958,log-0001958,user-00158,desktop,iOS,2.5.0,view,370,1098,1246,1800146850,1800147220,1
logs-row-0001959,log-0001959,log-0001959,user-00159,tablet,iOS,2.4.1,logout,392,1129,1283,1800146925,1800147317,1
logs-row-0001960,log-0001960,log-0001960,user-00160,phone,iOS,2.4.0,login,408,1160,1320,1800147000,1800147408,1
logs-row-0001961,log-0001961,log-0001961,user-00161,laptop,iOS,2.5.1,purchase,428,1191,1357,1800147075,1800147503,1
logs-row-0001962,log-0001962,log-0001962,user-00162,desktop,iOS,2.5.0,login_failed,45,1222,1394,1800147150,1800147195,0
logs-row-0001963,log-0001963,log-0001963,user-00163,tablet,iOS,2.4.1,view,468,1253,1431,1800147225,1800147693,1
logs-row-0001964,log-0001964,log-0001964,user-00164,phone,iOS,2.4.0,logout,488,1284,1468,1800147300,1800147788,1
logs-row-0001965,log-0001965,log-0001965,user-00165,laptop,iOS,2.5.1,login,502,1315,1505,1800147375,1800147877,1
logs-row-0001966,log-0001966,log-0001966,user-00166,desktop,iOS,2.5.0,purchase,519,1346,1542,1800147450,1800147969,1
logs-row-0001967,log-0001967,log-0001967,user-00167,tablet,iOS,2.4.1,login_failed,45,1377,1579,1800147525,1800147570,0
logs-row-0001968,log-0001968,log-0001968,user-00168,phone,iOS,2.4.0,view,559,1408,1616,1800147600,1800148159,1
logs-row-0001969,log-0001969,log-0001969,user-00169,laptop,iOS,2.5.1,logout,581,1439,1653,1800147675,1800148256,1
logs-row-0001970,log-0001970,log-0001970,user-00170,desktop,iOS,2.5.0,login,599,1470,1690,1800147750,1800148349,1
logs-row-0001971,log-0001971,log-0001971,user-00171,tablet,iOS,2.4.1,purchase,617,1501,1727,1800147825,1800148442,1
logs-row-0001972,log-0001972,log-0001972,user-00172,phone,iOS,2.4.0,login_failed,45,1532,1764,1800147900,1800147945,0
logs-row-0001973,log-0001973,log-0001973,user-00173,laptop,iOS,2.5.1,view,654,1563,1801,1800147975,1800148629,1
logs-row-0001974,log-0001974,log-0001974,user-00174,desktop,iOS,2.5.0,logout,674,1594,1838,1800148050,1800148724,1
logs-row-0001975,log-0001975,log-0001975,user-00175,tablet,iOS,2.4.1,login,696,1625,1875,1800148125,1800148821,1
logs-row-0001976,log-0001976,log-0001976,user-00176,phone,iOS,2.4.0,purchase,710,1656,1912,1800148200,1800148910,1
logs-row-0001977,log-0001977,log-0001977,user-00177,laptop,iOS,2.5.1,login_failed,45,1687,1949,1800148275,1800148320,0
logs-row-0001978,log-0001978,log-0001978,user-00178,desktop,iOS,2.5.0,view,752,1718,1986,1800148350,1800149102,1
logs-row-0001979,log-0001979,log-0001979,user-00179,tablet,iOS,2.4.1,logout,768,1749,2023,1800148425,1800149193,1
logs-row-0001980,log-0001980,log-0001980,user-00180,phone,iOS,2.4.0,login,786,1780,2060,1800148500,1800149286,1
logs-row-0001981,log-0001981,log-0001981,user-00181,laptop,iOS,2.5.1,purchase,808,1811,2097,1800148575,1800149383,1
logs-row-0001982,log-0001982,log-0001982,user-00182,desktop,iOS,2.5.0,login_failed,45,1842,2134,1800148650,1800148695,0
logs-row-0001983,log-0001983,log-0001983,user-00183,tablet,iOS,2.4.1,view,846,1873,2171,1800148725,1800149571,1
logs-row-0001984,log-0001984,log-0001984,user-00184,phone,iOS,2.4.0,logout,868,1904,2208,1800148800,1800149668,1
logs-row-0001985,log-0001985,log-0001985,user-00185,laptop,iOS,2.5.1,login,880,1935,2245,1800148875,1800149755,1
logs-row-0001986,log-0001986,log-0001986,user-00186,desktop,iOS,2.5.0,purchase,903,1966,2282,1800148950,1800149853,1
logs-row-0001987,log-0001987,log-0001987,user-00187,tablet,iOS,2.4.1,login_failed,45,1997,2319,1800149025,1800149070,0
logs-row-0001988,log-0001988,log-0001988,user-00188,phone,iOS,2.4.0,view,937,2028,2356,1800149100,1800150037,1
logs-row-0001989,log-0001989,log-0001989,user-00189,laptop,iOS,2.5.1,logout,961,2059,2393,1800149175,1800150136,1
logs-row-0001990,log-0001990,log-0001990,user-00190,desktop,iOS,2.5.0,login,77,2090,2430,1800149250,1800149327,1
logs-row-0001991,log-0001991,log-0001991,user-00191,tablet,iOS,2.4.1,purchase,97,2121,2467,1800149325,1800149422,1
logs-row-0001992,log-0001992,log-0001992,user-00192,phone,iOS,2.4.0,login_failed,45,2152,2504,1800149400,1800149445,0
logs-row-0001993,log-0001993,log-0001993,user-00193,laptop,iOS,2.5.1,view,136,2183,2541,1800149475,1800149611,1
logs-row-0001994,log-0001994,log-0001994,user-00194,desktop,iOS,2.5.0,logout,155,2214,2578,1800149550,1800149705,1
logs-row-0001995,log-0001995,log-0001995,user-00195,tablet,iOS,2.4.1,login,175,2245,2615,1800149625,1800149800,1
logs-row-0001996,log-0001996,log-0001996,user-00196,phone,iOS,2.4.0,purchase,189,2276,2652,1800149700,1800149889,1
logs-row-0001997,log-0001997,log-0001997,user-00197,laptop,iOS,2.5.1,login_failed,45,2307,2689,1800149775,1800149820,0
logs-row-0001998,log-0001998,log-0001998,user-00198,desktop,iOS,2.5.0,view,233,2338,2726,1800149850,1800150083,1
logs-row-0001999,log-0001999,log-0001999,user-00199,tablet,iOS,2.4.1,logout,251,2369,2763,1800149925,1800150176,1
logs-row-0002000,log-0002000,log-0002000,user-00000,phone,iOS,2.4.0,login,271,2400,2800,1800150000,1800150271,1
logs-row-0002001,log-0002001,log-0002001,user-00001,laptop,iOS,2.5.1,purchase,288,2431,2837,1800150075,1800150363,1
logs-row-0002002,log-0002002,log-0002002,user-00002,desktop,iOS,2.5.0,login_failed,45,2462,2874,1800150150,1800150195,0
logs-row-0002003,log-0002003,log-0002003,user-00003,tablet,iOS,2.4.1,view,327,2493,2911,1800150225,1800150552,1
logs-row-0002004,log-0002004,log-0002004,user-00004,phone,iOS,2.4.0,logout,341,2524,2948,1800150300,1800150641,1
logs-row-0002005,log-0002005,log-0002005,user-00005,laptop,iOS,2.5.1,login,364,2555,2985,1800150375,1800150739,1
logs-row-0002006,log-0002006,log-0002006,user-00006,desktop,iOS,2.5.0,purchase,381,2586,3022,1800150450,1800150831,1
logs-row-0002007,log-0002007,log-0002007,user-00007,tablet,iOS,2.4.1,login_failed,45,2617,3059,1800150525,1800150570,0
logs-row-0002008,log-0002008,log-0002008,user-00008,phone,iOS,2.4.0,view,420,2648,3096,1800150600,1800151020,1
logs-row-0002009,log-0002009,log-0002009,user-00009,laptop,iOS,2.5.1,logout,441,2679,3133,1800150675,1800151116,1
logs-row-0002010,log-0002010,log-0002010,user-00010,desktop,iOS,2.5.0,login,461,2710,3170,1800150750,1800151211,1
logs-row-0002011,log-0002011,log-0002011,user-00011,tablet,iOS,2.4.1,purchase,474,2741,3207,1800150825,1800151299,1
logs-row-0002012,log-0002012,log-0002012,user-00012,phone,iOS,2.4.0,login_failed,45,2772,3244,1800150900,1800150945,0
logs-row-0002013,log-0002013,log-0002013,user-00013,laptop,iOS,2.5.1,view,512,2803,3281,1800150975,1800151487,1
logs-row-0002014,log-0002014,log-0002014,user-00014,desktop,iOS,2.5.0,logout,533,2834,3318,1800151050,1800151583,1
logs-row-0002015,log-0002015,log-0002015,user-00015,tablet,iOS,2.4.1,login,550,2865,3355,1800151125,1800151675,1
logs-row-0002016,log-0002016,log-0002016,user-00016,phone,iOS,2.4.0,purchase,570,2896,3392,1800151200,1800151770,1
logs-row-0002017,log-0002017,log-0002017,user-00017,laptop,iOS,2.5.1,login_failed,45,2927,3429,1800151275,1800151320,0
logs-row-0002018,log-0002018,log-0002018,user-00018,desktop,iOS,2.5.0,view,609,2958,3466,1800151350,1800151959,1
logs-row-0002019,log-0002019,log-0002019,user-00019,tablet,iOS,2.4.1,logout,631,2989,3503,1800151425,1800152056,1
logs-row-0002020,log-0002020,log-0002020,user-00020,phone,iOS,2.4.0,login,651,3020,3540,1800151500,1800152151,1
logs-row-0002021,log-0002021,log-0002021,user-00021,laptop,iOS,2.5.1,purchase,666,3051,3577,1800151575,1800152241,1
logs-row-0002022,log-0002022,log-0002022,user-00022,desktop,iOS,2.5.0,login_failed,45,3082,3614,1800151650,1800151695,0
logs-row-0002023,log-0002023,log-0002023,user-00023,tablet,iOS,2.4.1,view,702,3113,3651,1800151725,1800152427,1
logs-row-0002024,log-0002024,log-0002024,user-00024,phone,iOS,2.4.0,logout,727,3144,3688,1800151800,1800152527,1
logs-row-0002025,log-0002025,log-0002025,user-00025,laptop,iOS,2.5.1,login,742,3175,3725,1800151875,1800152617,1
logs-row-0002026,log-0002026,log-0002026,user-00026,desktop,iOS,2.5.0,purchase,763,3206,3762,1800151950,1800152713,1
logs-row-0002027,log-0002027,log-0002027,user-00027,tablet,iOS,2.4.1,login_failed,45,3237,3799,1800152025,1800152070,0
logs-row-0002028,log-0002028,log-0002028,user-00028,phone,iOS,2.4.0,view,799,3268,3836,1800152100,1800152899,1
logs-row-0002029,log-0002029,log-0002029,user-00029,laptop,iOS,2.5.1,logout,817,3299,3873,1800152175,1800152992,1
logs-row-0002030,log-0002030,log-0002030,user-00030,desktop,iOS,2.5.0,login,840,3330,3910,1800152250,1800153090,1
logs-row-0002031,log-0002031,log-0002031,user-00031,tablet,iOS,2.4.1,purchase,857,3361,3947,1800152325,1800153182,1
logs-row-0002032,log-0002032,log-0002032,user-00032,phone,iOS,2.4.0,login_failed,45,3392,3984,1800152400,1800152445,0
logs-row-0002033,log-0002033,log-0002033,user-00033,laptop,iOS,2.5.1,view,896,3423,4021,1800152475,1800153371,1
logs-row-0002034,log-0002034,log-0002034,user-00034,desktop,iOS,2.5.0,logout,915,3454,4058,1800152550,1800153465,1
logs-row-0002035,log-0002035,log-0002035,user-00035,tablet,iOS,2.4.1,login,936,3485,4095,1800152625,1800153561,1
logs-row-0002036,log-0002036,log-0002036,user-00036,phone,iOS,2.4.0,purchase,949,3516,4132,1800152700,1800153649,1
logs-row-0002037,log-0002037,log-0002037,user-00037,laptop,iOS,2.5.1,login_failed,9,3547,4169,1800152775,1800152784,0
logs-row-0002038,log-0002038,log-0002038,user-00038,desktop,iOS,2.5.0,view,91,3578,4206,1800152850,1800152941,1
logs-row-0002039,log-0002039,log-0002039,user-00039,tablet,iOS,2.4.1,logout,110,3609,4243,1800152925,1800153035,1
logs-row-0002040,log-0002040,log-0002040,user-00040,phone,iOS,2.4.0,login,126,3640,4280,1800153000,1800153126,1
logs-row-0002041,log-0002041,log-0002041,user-00041,laptop,iOS,2.5.1,purchase,148,3671,4317,1800153075,1800153223,1
logs-row-0002042,log-0002042,log-0002042,user-00042,desktop,iOS,2.5.0,login_failed,45,3702,4354,1800153150,1800153195,0
logs-row-0002043,log-0002043,log-0002043,user-00043,tablet,iOS,2.4.1,view,187,3733,4391,1800153225,1800153412,1
logs-row-0002044,log-0002044,log-0002044,user-00044,phone,iOS,2.4.0,logout,201,3764,4428,1800153300,1800153501,1
logs-row-0002045,log-0002045,log-0002045,user-00045,laptop,iOS,2.5.1,login,224,3795,4465,1800153375,1800153599,1
logs-row-0002046,log-0002046,log-0002046,user-00046,desktop,iOS,2.5.0,purchase,239,3826,4502,1800153450,1800153689,1
logs-row-0002047,log-0002047,log-0002047,user-00047,tablet,iOS,2.4.1,login_failed,45,3857,4539,1800153525,1800153570,0
logs-row-0002048,log-0002048,log-0002048,user-00048,phone,iOS,2.4.0,view,279,3888,4576,1800153600,1800153879,1
logs-row-0002049,log-0002049,log-0002049,user-00049,laptop,iOS,2.5.1,logout,299,3919,4613,1800153675,1800153974,1
logs-row-0002050,log-0002050,log-0002050,user-00050,desktop,iOS,2.5.0,login,319,3950,4650,1800153750,1800154069,1
logs-row-0002051,log-0002051,log-0002051,user-00051,tablet,iOS,2.4.1,purchase,337,3981,4687,1800153825,1800154162,1
logs-row-0002052,log-0002052,log-0002052,user-00052,phone,iOS,2.4.0,login_failed,45,4012,4724,1800153900,1800153945,0
logs-row-0002053,log-0002053,log-0002053,user-00053,laptop,iOS,2.5.1,view,374,4043,4761,1800153975,1800154349,1
logs-row-0002054,log-0002054,log-0002054,user-00054,desktop,iOS,2.5.0,logout,394,4074,4798,1800154050,1800154444,1
logs-row-0002055,log-0002055,log-0002055,user-00055,tablet,iOS,2.4.1,login,417,4105,4835,1800154125,1800154542,1
logs-row-0002056,log-0002056,log-0002056,user-00056,phone,iOS,2.4.0,purchase,431,4136,4872,1800154200,1800154631,1
logs-row-0002057,log-0002057,log-0002057,user-00057,laptop,iOS,2.5.1,login_failed,45,4167,4909,1800154275,1800154320,0
logs-row-0002058,log-0002058,log-0002058,user-00058,desktop,iOS,2.5.0,view,473,4198,4946,1800154350,1800154823,1
logs-row-0002059,log-0002059,log-0002059,user-00059,tablet,iOS,2.4.1,logout,490,4229,4983,1800154425,1800154915,1
logs-row-0002060,log-0002060,log-0002060,user-00060,phone,iOS,2.4.0,login,505,4260,5020,1800154500,1800155005,1
logs-row-0002061,log-0002061,log-0002061,user-00061,laptop,iOS,2.5.1,purchase,526,4291,5057,1800154575,1800155101,1
logs-row-0002062,log-0002062,log-0002062,user-00062,desktop,iOS,2.5.0,login_failed,45,4322,5094,1800154650,1800154695,0
logs-row-0002063,log-0002063,log-0002063,user-00063,tablet,iOS,2.4.1,view,566,4353,5131,1800154725,1800155291,1
logs-row-0002064,log-0002064,log-0002064,user-00064,phone,iOS,2.4.0,logout,587,4384,5168,1800154800,1800155387,1
logs-row-0002065,log-0002065,log-0002065,user-00065,laptop,iOS,2.5.1,login,607,4415,5205,1800154875,1800155482,1
logs-row-0002066,log-0002066,log-0002066,user-00066,desktop,iOS,2.5.0,purchase,626,4446,5242,1800154950,1800155576,1
logs-row-0002067,log-0002067,log-0002067,user-00067,tablet,iOS,2.4.1,login_failed,45,4477,5279,1800155025,1800155070,0
logs-row-0002068,log-0002068,log-0002068,user-00068,phone,iOS,2.4.0,view,663,4508,5316,1800155100,1800155763,1
logs-row-0002069,log-0002069,log-0002069,user-00069,laptop,iOS,2.5.1,logout,682,4539,5353,1800155175,1800155857,1
logs-row-0002070,log-0002070,log-0002070,user-00070,desktop,iOS,2.5.0,login,701,4570,5390,1800155250,1800155951,1
logs-row-0002071,log-0002071,log-0002071,user-00071,tablet,iOS,2.4.1,purchase,717,4601,5427,1800155325,1800156042,1
logs-row-0002072,log-0002072,log-0002072,user-00072,phone,iOS,2.4.0,login_failed,45,4632,5464,1800155400,1800155445,0
logs-row-0002073,log-0002073,log-0002073,user-00073,laptop,iOS,2.5.1,view,758,4663,5501,1800155475,1800156233,1
logs-row-0002074,log-0002074,log-0002074,user-00074,desktop,iOS,2.5.0,logout,776,4694,5538,1800155550,1800156326,1
logs-row-0002075,log-0002075,log-0002075,user-00075,tablet,iOS,2.4.1,login,794,4725,5575,1800155625,1800156419,1
logs-row-0002076,log-0002076,log-0002076,user-00076,phone,iOS,2.4.0,purchase,809,4756,5612,1800155700,1800156509,1
logs-row-0002077,log-0002077,log-0002077,user-00077,laptop,iOS,2.5.1,login_failed,45,4787,5649,1800155775,1800155820,0
logs-row-0002078,log-0002078,log-0002078,user-00078,desktop,iOS,2.5.0,view,848,4818,5686,1800155850,1800156698,1
logs-row-0002079,log-0002079,log-0002079,user-00079,tablet,iOS,2.4.1,logout,868,4849,5723,1800155925,1800156793,1
logs-row-0002080,log-0002080,log-0002080,user-00080,phone,iOS,2.4.0,login,892,4880,5760,1800156000,1800156892,1
logs-row-0002081,log-0002081,log-0002081,user-00081,laptop,iOS,2.5.1,purchase,904,4911,5797,1800156075,1800156979,1
logs-row-0002082,log-0002082,log-0002082,user-00082,desktop,iOS,2.5.0,login_failed,45,4942,5834,1800156150,1800156195,0
logs-row-0002083,log-0002083,log-0002083,user-00083,tablet,iOS,2.4.1,view,942,4973,5871,1800156225,1800157167,1
logs-row-0002084,log-0002084,log-0002084,user-00084,phone,iOS,2.4.0,logout,961,5004,5908,1800156300,1800157261,1
logs-row-0002085,log-0002085,log-0002085,user-00085,laptop,iOS,2.5.1,login,84,5035,5945,1800156375,1800156459,1
logs-row-0002086,log-0002086,log-0002086,user-00086,desktop,iOS,2.5.0,purchase,101,5066,5982,1800156450,1800156551,1
logs-row-0002087,log-0002087,log-0002087,user-00087,tablet,iOS,2.4.1,login_failed,45,5097,6019,1800156525,1800156570,0
logs-row-0002088,log-0002088,log-0002088,user-00088,phone,iOS,2.4.0,view,142,5128,6056,1800156600,1800156742,1
logs-row-0002089,log-0002089,log-0002089,user-00089,laptop,iOS,2.5.1,logout,160,5159,6093,1800156675,1800156835,1
logs-row-0002090,log-0002090,log-0002090,user-00090,desktop,iOS,2.5.0,login,182,5190,6130,1800156750,1800156932,1
logs-row-0002091,log-0002091,log-0002091,user-00091,tablet,iOS,2.4.1,purchase,199,5221,6167,1800156825,1800157024,1
logs-row-0002092,log-0002092,log-0002092,user-00092,phone,iOS,2.4.0,login_failed,45,5252,6204,1800156900,1800156945,0
logs-row-0002093,log-0002093,log-0002093,user-00093,laptop,iOS,2.5.1,view,238,5283,6241,1800156975,1800157213,1
logs-row-0002094,log-0002094,log-0002094,user-00094,desktop,iOS,2.5.0,logout,251,5314,6278,1800157050,1800157301,1
logs-row-0002095,log-0002095,log-0002095,user-00095,tablet,iOS,2.4.1,login,277,5345,6315,1800157125,1800157402,1
logs-row-0002096,log-0002096,log-0002096,user-00096,phone,iOS,2.4.0,purchase,294,5376,6352,1800157200,1800157494,1
logs-row-0002097,log-0002097,log-0002097,user-00097,laptop,iOS,2.5.1,login_failed,45,407,6389,1800157275,1800157320,0
logs-row-0002098,log-0002098,log-0002098,user-00098,desktop,iOS,2.5.0,view,329,438,6426,1800157350,1800157679,1
logs-row-0002099,log-0002099,log-0002099,user-00099,tablet,iOS,2.4.1,logout,351,469,6463,1800157425,1800157776,1
logs-row-0002100,log-0002100,log-0002100,user-00100,phone,iOS,2.4.0,login,368,500,6500,1800157500,1800157868,1
logs-row-0002101,log-0002101,log-0002101,user-00101,laptop,iOS,2.5.1,purchase,387,531,6537,1800157575,1800157962,1
logs-row-0002102,log-0002102,log-0002102,user-00102,desktop,iOS,2.5.0,login_failed,45,562,6574,1800157650,1800157695,0
logs-row-0002103,log-0002103,log-0002103,user-00103,tablet,iOS,2.4.1,view,422,593,6611,1800157725,1800158147,1
logs-row-0002104,log-0002104,log-0002104,user-00104,phone,iOS,2.4.0,logout,447,624,6648,1800157800,1800158247,1
logs-row-0002105,log-0002105,log-0002105,user-00105,laptop,iOS,2.5.1,login,465,655,6685,1800157875,1800158340,1
logs-row-0002106,log-0002106,log-0002106,user-00106,desktop,iOS,2.5.0,purchase,484,686,6722,1800157950,1800158434,1
logs-row-0002107,log-0002107,log-0002107,user-00107,tablet,iOS,2.4.1,login_failed,45,717,6759,1800158025,1800158070,0
logs-row-0002108,log-0002108,log-0002108,user-00108,phone,iOS,2.4.0,view,518,748,6796,1800158100,1800158618,1
logs-row-0002109,log-0002109,log-0002109,user-00109,laptop,iOS,2.5.1,logout,543,779,6833,1800158175,1800158718,1
logs-row-0002110,log-0002110,log-0002110,user-00110,desktop,iOS,2.5.0,login,560,810,6870,1800158250,1800158810,1
logs-row-0002111,log-0002111,log-0002111,user-00111,tablet,iOS,2.4.1,purchase,581,841,6907,1800158325,1800158906,1
logs-row-0002112,log-0002112,log-0002112,user-00112,phone,iOS,2.4.0,login_failed,45,872,6944,1800158400,1800158445,0
logs-row-0002113,log-0002113,log-0002113,user-00113,laptop,iOS,2.5.1,view,617,903,6981,1800158475,1800159092,1
logs-row-0002114,log-0002114,log-0002114,user-00114,desktop,iOS,2.5.0,logout,635,934,7018,1800158550,1800159185,1
logs-row-0002115,log-0002115,log-0002115,user-00115,tablet,iOS,2.4.1,login,652,965,7055,1800158625,1800159277,1
logs-row-0002116,log-0002116,log-0002116,user-00116,phone,iOS,2.4.0,purchase,675,996,7092,1800158700,1800159375,1
logs-row-0002117,log-0002117,log-0002117,user-00117,laptop,iOS,2.5.1,login_failed,45,1027,7129,1800158775,1800158820,0
logs-row-0002118,log-0002118,log-0002118,user-00118,desktop,iOS,2.5.0,view,709,1058,7166,1800158850,1800159559,1
logs-row-0002119,log-0002119,log-0002119,user-00119,tablet,iOS,2.4.1,logout,727,1089,7203,1800158925,1800159652,1
logs-row-0002120,log-0002120,log-0002120,user-00120,phone,iOS,2.4.0,login,747,1120,7240,1800159000,1800159747,1
logs-row-0002121,log-0002121,log-0002121,user-00121,laptop,iOS,2.5.1,purchase,768,1151,7277,1800159075,1800159843,1
logs-row-0002122,log-0002122,log-0002122,user-00122,desktop,iOS,2.5.0,login_failed,45,1182,7314,1800159150,1800159195,0
logs-row-0002123,log-0002123,log-0002123,user-00123,tablet,iOS,2.4.1,view,804,1213,7351,1800159225,1800160029,1
logs-row-0002124,log-0002124,log-0002124,user-00124,phone,iOS,2.4.0,logout,826,1244,7388,1800159300,1800160126,1
logs-row-0002125,log-0002125,log-0002125,user-00125,laptop,iOS,2.5.1,login,847,1275,7425,1800159375,1800160222,1
logs-row-0002126,log-0002126,log-0002126,user-00126,desktop,iOS,2.5.0,purchase,865,1306,7462,1800159450,1800160315,1
logs-row-0002127,log-0002127,log-0002127,user-00127,tablet,iOS,2.4.1,login_failed,45,1337,7499,1800159525,1800159570,0
logs-row-0002128,log-0002128,log-0002128,user-00128,phone,iOS,2.4.0,view,904,1368,7536,1800159600,1800160504,1
logs-row-0002129,log-0002129,log-0002129,user-00129,laptop,iOS,2.5.1,logout,921,1399,7573,1800159675,1800160596,1
logs-row-0002130,log-0002130,log-0002130,user-00130,desktop,iOS,2.5.0,login,937,1430,7610,1800159750,1800160687,1
logs-row-0002131,log-0002131,log-0002131,user-00131,tablet,iOS,2.4.1,purchase,957,1461,7647,1800159825,1800160782,1
logs-row-0002132,log-0002132,log-0002132,user-00132,phone,iOS,2.4.0,login_failed,20,1492,7684,1800159900,1800159920,0
logs-row-0002133,log-0002133,log-0002133,user-00133,laptop,iOS,2.5.1,view,93,1523,7721,1800159975,1800160068,1
logs-row-0002134,log-0002134,log-0002134,user-00134,desktop,iOS,2.5.0,logout,113,1554,7758,1800160050,1800160163,1
logs-row-0002135,log-0002135,log-0002135,user-00135,tablet,iOS,2.4.1,login,137,1585,7795,1800160125,1800160262,1
logs-row-0002136,log-0002136,log-0002136,user-00136,phone,iOS,2.4.0,purchase,150,1616,7832,1800160200,1800160350,1
logs-row-0002137,log-0002137,log-0002137,user-00137,laptop,iOS,2.5.1,login_failed,45,1647,7869,1800160275,1800160320,0
logs-row-0002138,log-0002138,log-0002138,user-00138,desktop,iOS,2.5.0,view,190,1678,7906,1800160350,1800160540,1
logs-row-0002139,log-0002139,log-0002139,user-00139,tablet,iOS,2.4.1,logout,211,1709,7943,1800160425,1800160636,1
logs-row-0002140,log-0002140,log-0002140,user-00140,phone,iOS,2.4.0,login,229,1740,7980,1800160500,1800160729,1
logs-row-0002141,log-0002141,log-0002141,user-00141,laptop,iOS,2.5.1,purchase,247,1771,8017,1800160575,1800160822,1
logs-row-0002142,log-0002142,log-0002142,user-00142,desktop,iOS,2.5.0,login_failed,45,1802,8054,1800160650,1800160695,0
logs-row-0002143,log-0002143,log-0002143,user-00143,tablet,iOS,2.4.1,view,285,1833,8091,1800160725,1800161010,1
logs-row-0002144,log-0002144,log-0002144,user-00144,phone,iOS,2.4.0,logout,301,1864,8128,1800160800,1800161101,1
logs-row-0002145,log-0002145,log-0002145,user-00145,laptop,iOS,2.5.1,login,320,1895,8165,1800160875,1800161195,1
logs-row-0002146,log-0002146,log-0002146,user-00146,desktop,iOS,2.5.0,purchase,345,1926,8202,1800160950,1800161295,1
logs-row-0002147,log-0002147,log-0002147,user-00147,tablet,iOS,2.4.1,login_failed,45,1957,8239,1800161025,1800161070,0
logs-row-0002148,log-0002148,log-0002148,user-00148,phone,iOS,2.4.0,view,383,1988,8276,1800161100,1800161483,1
logs-row-0002149,log-0002149,log-0002149,user-00149,laptop,iOS,2.5.1,logout,396,2019,8313,1800161175,1800161571,1
logs-row-0002150,log-0002150,log-0002150,user-00150,desktop,iOS,2.5.0,login,421,2050,8350,1800161250,1800161671,1
logs-row-0002151,log-0002151,log-0002151,user-00151,tablet,iOS,2.4.1,purchase,440,2081,8387,1800161325,1800161765,1
logs-row-0002152,log-0002152,log-0002152,user-00152,phone,iOS,2.4.0,login_failed,45,2112,8424,1800161400,1800161445,0
logs-row-0002153,log-0002153,log-0002153,user-00153,laptop,iOS,2.5.1,view,478,2143,8461,1800161475,1800161953,1
logs-row-0002154,log-0002154,log-0002154,user-00154,desktop,iOS,2.5.0,logout,493,2174,8498,1800161550,1800162043,1
logs-row-0002155,log-0002155,log-0002155,user-00155,tablet,iOS,2.4.1,login,515,2205,8535,1800161625,1800162140,1
logs-row-0002156,log-0002156,log-0002156,user-00156,phone,iOS,2.4.0,purchase,532,2236,8572,1800161700,1800162232,1
logs-row-0002157,log-0002157,log-0002157,user-00157,laptop,iOS,2.5.1,login_failed,45,2267,8609,1800161775,1800161820,0
logs-row-0002158,log-0002158,log-0002158,user-00158,desktop,iOS,2.5.0,view,567,2298,8646,1800161850,1800162417,1
logs-row-0002159,log-0002159,log-0002159,user-00159,tablet,iOS,2.4.1,logout,587,2329,8683,1800161925,1800162512,1
logs-row-0002160,log-0002160,log-0002160,user-00160,phone,iOS,2.4.0,login,607,2360,8720,1800162000,1800162607,1
logs-row-0002161,log-0002161,log-0002161,user-00161,laptop,iOS,2.5.1,purchase,624,2391,8757,1800162075,1800162699,1
logs-row-0002162,log-0002162,log-0002162,user-00162,desktop,iOS,2.5.0,login_failed,45,2422,8794,1800162150,1800162195,0
logs-row-0002163,log-0002163,log-0002163,user-00163,tablet,iOS,2.4.1,view,665,2453,8831,1800162225,1800162890,1
logs-row-0002164,log-0002164,log-0002164,user-00164,phone,iOS,2.4.0,logout,681,2484,8868,1800162300,1800162981,1
logs-row-0002165,log-0002165,log-0002165,user-00165,laptop,iOS,2.5.1,login,707,2515,8905,1800162375,1800163082,1
logs-row-0002166,log-0002166,log-0002166,user-00166,desktop,iOS,2.5.0,purchase,722,2546,8942,1800162450,1800163172,1
logs-row-0002167,log-0002167,log-0002167,user-00167,tablet,iOS,2.4.1,login_failed,45,2577,8979,1800162525,1800162570,0
logs-row-0002168,log-0002168,log-0002168,user-00168,phone,iOS,2.4.0,view,762,2608,9016,1800162600,1800163362,1
logs-row-0002169,log-0002169,log-0002169,user-00169,laptop,iOS,2.5.1,logout,782,2639,9053,1800162675,1800163457,1
logs-row-0002170,log-0002170,log-0002170,user-00170,desktop,iOS,2.5.0,login,802,2670,9090,1800162750,1800163552,1
logs-row-0002171,log-0002171,log-0002171,user-00171,tablet,iOS,2.4.1,purchase,818,2701,9127,1800162825,1800163643,1
logs-row-0002172,log-0002172,log-0002172,user-00172,phone,iOS,2.4.0,login_failed,45,2732,9164,1800162900,1800162945,0
logs-row-0002173,log-0002173,log-0002173,user-00173,laptop,iOS,2.5.1,view,857,2763,9201,1800162975,1800163832,1
logs-row-0002174,log-0002174,log-0002174,user-00174,desktop,iOS,2.5.0,logout,871,2794,9238,1800163050,1800163921,1
logs-row-0002175,log-0002175,log-0002175,user-00175,tablet,iOS,2.4.1,login,897,2825,9275,1800163125,1800164022,1
logs-row-0002176,log-0002176,log-0002176,user-00176,phone,iOS,2.4.0,purchase,912,2856,9312,1800163200,1800164112,1
logs-row-0002177,log-0002177,log-0002177,user-00177,laptop,iOS,2.5.1,login_failed,45,2887,9349,1800163275,1800163320,0
logs-row-0002178,log-0002178,log-0002178,user-00178,desktop,iOS,2.5.0,view,948,2918,9386,1800163350,1800164298,1
logs-row-0002179,log-0002179,log-0002179,user-00179,tablet,iOS,2.4.1,logout,68,2949,9423,1800163425,1800163493,1
logs-row-0002180,log-0002180,log-0002180,user-00180,phone,iOS,2.4.0,login,92,2980,9460,1800163500,1800163592,1
logs-row-0002181,log-0002181,log-0002181,user-00181,laptop,iOS,2.5.1,purchase,109,3011,9497,1800163575,1800163684,1
logs-row-0002182,log-0002182,log-0002182,user-00182,desktop,iOS,2.5.0,login_failed,45,3042,9534,1800163650,1800163695,0
logs-row-0002183,log-0002183,log-0002183,user-00183,tablet,iOS,2.4.1,view,149,3073,9571,1800163725,1800163874,1
logs-row-0002184,log-0002184,log-0002184,user-00184,phone,iOS,2.4.0,logout,162,3104,9608,1800163800,1800163962,1
logs-row-0002185,log-0002185,log-0002185,user-00185,laptop,iOS,2.5.1,login,183,3135,9645,1800163875,1800164058,1
logs-row-0002186,log-0002186,log-0002186,user-00186,desktop,iOS,2.5.0,purchase,199,3166,9682,1800163950,1800164149,1
logs-row-0002187,log-0002187,log-0002187,user-00187,tablet,iOS,2.4.1,login_failed,45,3197,9719,1800164025,1800164070,0
logs-row-0002188,log-0002188,log-0002188,user-00188,phone,iOS,2.4.0,view,242,3228,9756,1800164100,1800164342,1
logs-row-0002189,log-0002189,log-0002189,user-00189,laptop,iOS,2.5.1,logout,260,3259,9793,1800164175,1800164435,1
logs-row-0002190,log-0002190,log-0002190,user-00190,desktop,iOS,2.5.0,login,277,3290,9830,1800164250,1800164527,1
logs-row-0002191,log-0002191,log-0002191,user-00191,tablet,iOS,2.4.1,purchase,301,3321,9867,1800164325,1800164626,1
logs-row-0002192,log-0002192,log-0002192,user-00192,phone,iOS,2.4.0,login_failed,45,3352,9904,1800164400,1800164445,0
logs-row-0002193,log-0002193,log-0002193,user-00193,laptop,iOS,2.5.1,view,333,3383,9941,1800164475,1800164808,1
logs-row-0002194,log-0002194,log-0002194,user-00194,desktop,iOS,2.5.0,logout,355,3414,9978,1800164550,1800164905,1
logs-row-0002195,log-0002195,log-0002195,user-00195,tablet,iOS,2.4.1,login,371,3445,10015,1800164625,1800164996,1
logs-row-0002196,log-0002196,log-0002196,user-00196,phone,iOS,2.4.0,purchase,389,3476,10052,1800164700,1800165089,1
logs-row-0002197,log-0002197,log-0002197,user-00197,laptop,iOS,2.5.1,login_failed,45,3507,10089,1800164775,1800164820,0
logs-row-0002198,log-0002198,log-0002198,user-00198,desktop,iOS,2.5.0,view,429,3538,10126,1800164850,1800165279,1
logs-row-0002199,log-0002199,log-0002199,user-00199,tablet,iOS,2.4.1,logout,452,3569,10163,1800164925,1800165377,1
logs-row-0002200,log-0002200,log-0002200,user-00000,phone,iOS,2.4.0,login,469,3600,10200,1800165000,1800165469,1
logs-row-0002201,log-0002201,log-0002201,user-00001,laptop,iOS,2.5.1,purchase,491,3631,10237,1800165075,1800165566,1
logs-row-0002202,log-0002202,log-0002202,user-00002,desktop,iOS,2.5.0,login_failed,45,3662,10274,1800165150,1800165195,0
logs-row-0002203,log-0002203,log-0002203,user-00003,tablet,iOS,2.4.1,view,522,3693,10311,1800165225,1800165747,1
logs-row-0002204,log-0002204,log-0002204,user-00004,phone,iOS,2.4.0,logout,541,3724,10348,1800165300,1800165841,1
logs-row-0002205,log-0002205,log-0002205,user-00005,laptop,iOS,2.5.1,login,566,3755,10385,1800165375,1800165941,1
logs-row-0002206,log-0002206,log-0002206,user-00006,desktop,iOS,2.5.0,purchase,586,3786,10422,1800165450,1800166036,1
logs-row-0002207,log-0002207,log-0002207,user-00007,tablet,iOS,2.4.1,login_failed,45,3817,10459,1800165525,1800165570,0
logs-row-0002208,log-0002208,log-0002208,user-00008,phone,iOS,2.4.0,view,622,3848,10496,1800165600,1800166222,1
logs-row-0002209,log-0002209,log-0002209,user-00009,laptop,iOS,2.5.1,logout,641,3879,10533,1800165675,1800166316,1
logs-row-0002210,log-0002210,log-0002210,user-00010,desktop,iOS,2.5.0,login,661,3910,10570,1800165750,1800166411,1
logs-row-0002211,log-0002211,log-0002211,user-00011,tablet,iOS,2.4.1,purchase,676,3941,10607,1800165825,1800166501,1
logs-row-0002212,log-0002212,log-0002212,user-00012,phone,iOS,2.4.0,login_failed,45,3972,10644,1800165900,1800165945,0
logs-row-0002213,log-0002213,log-0002213,user-00013,laptop,iOS,2.5.1,view,713,4003,10681,1800165975,1800166688,1
logs-row-0002214,log-0002214,log-0002214,user-00014,desktop,iOS,2.5.0,logout,732,4034,10718,1800166050,1800166782,1
logs-row-0002215,log-0002215,log-0002215,user-00015,tablet,iOS,2.4.1,login,754,4065,10755,1800166125,1800166879,1
logs-row-0002216,log-0002216,log-0002216,user-00016,phone,iOS,2.4.0,purchase,769,4096,10792,1800166200,1800166969,1
logs-row-0002217,log-0002217,log-0002217,user-00017,laptop,iOS,2.5.1,login_failed,45,4127,10829,1800166275,1800166320,0
logs-row-0002218,log-0002218,log-0002218,user-00018,desktop,iOS,2.5.0,view,808,4158,10866,1800166350,1800167158,1
logs-row-0002219,log-0002219,log-0002219,user-00019,tablet,iOS,2.4.1,logout,828,4189,10903,1800166425,1800167253,1
logs-row-0002220,log-0002220,log-0002220,user-00020,phone,iOS,2.4.0,login,848,4220,10940,1800166500,1800167348,1
logs-row-0002221,log-0002221,log-0002221,user-00021,laptop,iOS,2.5.1,purchase,864,4251,10977,1800166575,1800167439,1
logs-row-0002222,log-0002222,log-0002222,user-00022,desktop,iOS,2.5.0,login_failed,45,4282,11014,1800166650,1800166695,0
logs-row-0002223,log-0002223,log-0002223,user-00023,tablet,iOS,2.4.1,view,909,4313,11051,1800166725,1800167634,1
logs-row-0002224,log-0002224,log-0002224,user-00024,phone,iOS,2.4.0,logout,922,4344,11088,1800166800,1800167722,1
logs-row-0002225,log-0002225,log-0002225,user-00025,laptop,iOS,2.5.1,login,946,4375,11125,1800166875,1800167821,1
logs-row-0002226,log-0002226,log-0002226,user-00026,desktop,iOS,2.5.0,purchase,66,4406,11162,1800166950,1800167016,1
logs-row-0002227,log-0002227,log-0002227,user-00027,tablet,iOS,2.4.1,login_failed,20,4437,11199,1800167025,1800167045,0
logs-row-0002228,log-0002228,log-0002228,user-00028,phone,iOS,2.4.0,view,98,4468,11236,1800167100,1800167198,1
logs-row-0002229,log-0002229,log-0002229,user-00029,laptop,iOS,2.5.1,logout,123,4499,11273,1800167175,1800167298,1
logs-row-0002230,log-0002230,log-0002230,user-00030,desktop,iOS,2.5.0,login,141,4530,11310,1800167250,1800167391,1
logs-row-0002231,log-0002231,log-0002231,user-00031,tablet,iOS,2.4.1,purchase,160,4561,11347,1800167325,1800167485,1
logs-row-0002232,log-0002232,log-0002232,user-00032,phone,iOS,2.4.0,login_failed,45,4592,11384,1800167400,1800167445,0
logs-row-0002233,log-0002233,log-0002233,user-00033,laptop,iOS,2.5.1,view,194,4623,11421,1800167475,1800167669,1
logs-row-0002234,log-0002234,log-0002234,user-00034,desktop,iOS,2.5.0,logout,218,4654,11458,1800167550,1800167768,1
logs-row-0002235,log-0002235,log-0002235,user-00035,tablet,iOS,2.4.1,login,230,4685,11495,1800167625,1800167855,1
logs-row-0002236,log-0002236,log-0002236,user-00036,phone,iOS,2.4.0,purchase,250,4716,11532,1800167700,1800167950,1
logs-row-0002237,log-0002237,log-0002237,user-00037,laptop,iOS,2.5.1,login_failed,45,4747,11569,1800167775,1800167820,0
logs-row-0002238,log-0002238,log-0002238,user-00038,desktop,iOS,2.5.0,view,292,4778,11606,1800167850,1800168142,1
logs-row-0002239,log-0002239,log-0002239,user-00039,tablet,iOS,2.4.1,logout,308,4809,11643,1800167925,1800168233,1
logs-row-0002240,log-0002240,log-0002240,user-00040,phone,iOS,2.4.0,login,329,4840,11680,1800168000,1800168329,1
logs-row-0002241,log-0002241,log-0002241,user-00041,laptop,iOS,2.5.1,purchase,347,4871,11717,1800168075,1800168422,1
logs-row-0002242,log-0002242,log-0002242,user-00042,desktop,iOS,2.5.0,login_failed,45,4902,11754,1800168150,1800168195,0
logs-row-0002243,log-0002243,log-0002243,user-00043,tablet,iOS,2.4.1,view,382,4933,11791,1800168225,1800168607,1
logs-row-0002244,log-0002244,log-0002244,user-00044,phone,iOS,2.4.0,logout,404,4964,11828,1800168300,1800168704,1
logs-row-0002245,log-0002245,log-0002245,user-00045,laptop,iOS,2.5.1,login,424,4995,11865,1800168375,1800168799,1
logs-row-0002246,log-0002246,log-0002246,user-00046,desktop,iOS,2.5.0,purchase,439,5026,11902,1800168450,1800168889,1
logs-row-0002247,log-0002247,log-0002247,user-00047,tablet,iOS,2.4.1,login_failed,45,5057,11939,1800168525,1800168570,0
logs-row-0002248,log-0002248,log-0002248,user-00048,phone,iOS,2.4.0,view,482,5088,11976,1800168600,1800169082,1
logs-row-0002249,log-0002249,log-0002249,user-00049,laptop,iOS,2.5.1,logout,502,5119,12013,1800168675,1800169177,1
logs-row-0002250,log-0002250,log-0002250,user-00050,desktop,iOS,2.5.0,login,520,5150,12050,1800168750,1800169270,1
logs-row-0002251,log-0002251,log-0002251,user-00051,tablet,iOS,2.4.1,purchase,536,5181,12087,1800168825,1800169361,1
logs-row-0002252,log-0002252,log-0002252,user-00052,phone,iOS,2.4.0,login_failed,45,5212,12124,1800168900,1800168945,0
logs-row-0002253,log-0002253,log-0002253,user-00053,laptop,iOS,2.5.1,view,578,5243,12161,1800168975,1800169553,1
logs-row-0002254,log-0002254,log-0002254,user-00054,desktop,iOS,2.5.0,logout,596,5274,12198,1800169050,1800169646,1
logs-row-0002255,log-0002255,log-0002255,user-00055,tablet,iOS,2.4.1,login,613,5305,12235,1800169125,1800169738,1
logs-row-0002256,log-0002256,log-0002256,user-00056,phone,iOS,2.4.0,purchase,630,5336,12272,1800169200,1800169830,1
logs-row-0002257,log-0002257,log-0002257,user-00057,laptop,iOS,2.5.1,login_failed,45,5367,12309,1800169275,1800169320,0
logs-row-0002258,log-0002258,log-0002258,user-00058,desktop,iOS,2.5.0,view,669,5398,12346,1800169350,1800170019,1
logs-row-0002259,log-0002259,log-0002259,user-00059,tablet,iOS,2.4.1,logout,692,429,12383,1800169425,1800170117,1
logs-row-0002260,log-0002260,log-0002260,user-00060,phone,iOS,2.4.0,login,706,460,12420,1800169500,1800170206,1
logs-row-0002261,log-0002261,log-0002261,user-00061,laptop,iOS,2.5.1,purchase,731,491,12457,1800169575,1800170306,1
logs-row-0002262,log-0002262,log-0002262,user-00062,desktop,iOS,2.5.0,login_failed,45,522,12494,1800169650,1800169695,0
logs-row-0002263,log-0002263,log-0002263,user-00063,tablet,iOS,2.4.1,view,764,553,12531,1800169725,1800170489,1
logs-row-0002264,log-0002264,log-0002264,user-00064,phone,iOS,2.4.0,logout,786,584,12568,1800169800,1800170586,1
logs-row-0002265,log-0002265,log-0002265,user-00065,laptop,iOS,2.5.1,login,801,615,12605,1800169875,1800170676,1
logs-row-0002266,log-0002266,log-0002266,user-00066,desktop,iOS,2.5.0,purchase,823,646,12642,1800169950,1800170773,1
logs-row-0002267,log-0002267,log-0002267,user-00067,tablet,iOS,2.4.1,login_failed,45,677,12679,1800170025,1800170070,0
logs-row-0002268,log-0002268,log-0002268,user-00068,phone,iOS,2.4.0,view,859,708,12716,1800170100,1800170959,1
logs-row-0002269,log-0002269,log-0002269,user-00069,laptop,iOS,2.5.1,logout,879,739,12753,1800170175,1800171054,1
logs-row-0002270,log-0002270,log-0002270,user-00070,desktop,iOS,2.5.0,login,902,770,12790,1800170250,1800171152,1
logs-row-0002271,log-0002271,log-0002271,user-00071,tablet,iOS,2.4.1,purchase,918,801,827,1800170325,1800171243,1
logs-row-0002272,log-0002272,log-0002272,user-00072,phone,iOS,2.4.0,login_failed,45,832,864,1800170400,1800170445,0
logs-row-0002273,log-0002273,log-0002273,user-00073,laptop,iOS,2.5.1,view,953,863,901,1800170475,1800171428,1
logs-row-0002274,log-0002274,log-0002274,user-00074,desktop,iOS,2.5.0,logout,72,894,938,1800170550,1800170622,1
logs-row-0002275,log-0002275,log-0002275,user-00075,tablet,iOS,2.4.1,login,94,925,975,1800170625,1800170719,1
logs-row-0002276,log-0002276,log-0002276,user-00076,phone,iOS,2.4.0,purchase,112,956,1012,1800170700,1800170812,1
logs-row-0002277,log-0002277,log-0002277,user-00077,laptop,iOS,2.5.1,login_failed,45,987,1049,1800170775,1800170820,0
logs-row-0002278,log-0002278,log-0002278,user-00078,desktop,iOS,2.5.0,view,149,1018,1086,1800170850,1800170999,1
logs-row-0002279,log-0002279,log-0002279,user-00079,tablet,iOS,2.4.1,logout,168,1049,1123,1800170925,1800171093,1
logs-row-0002280,log-0002280,log-0002280,user-00080,phone,iOS,2.4.0,login,186,1080,1160,1800171000,1800171186,1
logs-row-0002281,log-0002281,log-0002281,user-00081,laptop,iOS,2.5.1,purchase,206,1111,1197,1800171075,1800171281,1
logs-row-0002282,log-0002282,log-0002282,user-00082,desktop,iOS,2.5.0,login_failed,45,1142,1234,1800171150,1800171195,0
logs-row-0002283,log-0002283,log-0002283,user-00083,tablet,iOS,2.4.1,view,249,1173,1271,1800171225,1800171474,1
logs-row-0002284,log-0002284,log-0002284,user-00084,phone,iOS,2.4.0,logout,267,1204,1308,1800171300,1800171567,1
logs-row-0002285,log-0002285,log-0002285,user-00085,laptop,iOS,2.5.1,login,287,1235,1345,1800171375,1800171662,1
logs-row-0002286,log-0002286,log-0002286,user-00086,desktop,iOS,2.5.0,purchase,304,1266,1382,1800171450,1800171754,1
logs-row-0002287,log-0002287,log-0002287,user-00087,tablet,iOS,2.4.1,login_failed,45,1297,1419,1800171525,1800171570,0
logs-row-0002288,log-0002288,log-0002288,user-00088,phone,iOS,2.4.0,view,339,1328,1456,1800171600,1800171939,1
logs-row-0002289,log-0002289,log-0002289,user-00089,laptop,iOS,2.5.1,logout,359,1359,1493,1800171675,1800172034,1
logs-row-0002290,log-0002290,log-0002290,user-00090,desktop,iOS,2.5.0,login,376,1390,1530,1800171750,1800172126,1
logs-row-0002291,log-0002291,log-0002291,user-00091,tablet,iOS,2.4.1,purchase,400,1421,1567,1800171825,1800172225,1
logs-row-0002292,log-0002292,log-0002292,user-00092,phone,iOS,2.4.0,login_failed,45,1452,1604,1800171900,1800171945,0
logs-row-0002293,log-0002293,log-0002293,user-00093,laptop,iOS,2.5.1,view,437,1483,1641,1800171975,1800172412,1
logs-row-0002294,log-0002294,log-0002294,user-00094,desktop,iOS,2.5.0,logout,454,1514,1678,1800172050,1800172504,1
logs-row-0002295,log-0002295,log-0002295,user-00095,tablet,iOS,2.4.1,login,474,1545,1715,1800172125,1800172599,1
logs-row-0002296,log-0002296,log-0002296,user-00096,phone,iOS,2.4.0,purchase,491,1576,1752,1800172200,1800172691,1
logs-row-0002297,log-0002297,log-0002297,user-00097,laptop,iOS,2.5.1,login_failed,45,1607,1789,1800172275,1800172320,0
logs-row-0002298,log-0002298,log-0002298,user-00098,desktop,iOS,2.5.0,view,529,1638,1826,1800172350,1800172879,1
logs-row-0002299,log-0002299,log-0002299,user-00099,tablet,iOS,2.4.1,logout,553,1669,1863,1800172425,1800172978,1
logs-row-0002300,log-0002300,log-0002300,user-00100,phone,iOS,2.4.0,login,568,1700,1900,1800172500,1800173068,1
logs-row-0002301,log-0002301,log-0002301,user-00101,laptop,iOS,2.5.1,purchase,585,1731,1937,1800172575,1800173160,1
logs-row-0002302,log-0002302,log-0002302,user-00102,desktop,iOS,2.5.0,login_failed,45,1762,1974,1800172650,1800172695,0
logs-row-0002303,log-0002303,log-0002303,user-00103,tablet,iOS,2.4.1,view,625,1793,2011,1800172725,1800173350,1
logs-row-0002304,log-0002304,log-0002304,user-00104,phone,iOS,2.4.0,logout,645,1824,2048,1800172800,1800173445,1
logs-row-0002305,log-0002305,log-0002305,user-00105,laptop,iOS,2.5.1,login,662,1855,2085,1800172875,1800173537,1
logs-row-0002306,log-0002306,log-0002306,user-00106,desktop,iOS,2.5.0,purchase,679,1886,2122,1800172950,1800173629,1
logs-row-0002307,log-0002307,log-0002307,user-00107,tablet,iOS,2.4.1,login_failed,45,1917,2159,1800173025,1800173070,0
logs-row-0002308,log-0002308,log-0002308,user-00108,phone,iOS,2.4.0,view,724,1948,2196,1800173100,1800173824,1
logs-row-0002309,log-0002309,log-0002309,user-00109,laptop,iOS,2.5.1,logout,742,1979,2233,1800173175,1800173917,1
logs-row-0002310,log-0002310,log-0002310,user-00110,desktop,iOS,2.5.0,login,759,2010,2270,1800173250,1800174009,1
logs-row-0002311,log-0002311,log-0002311,user-00111,tablet,iOS,2.4.1,purchase,778,2041,2307,1800173325,1800174103,1
logs-row-0002312,log-0002312,log-0002312,user-00112,phone,iOS,2.4.0,login_failed,45,2072,2344,1800173400,1800173445,0
logs-row-0002313,log-0002313,log-0002313,user-00113,laptop,iOS,2.5.1,view,818,2103,2381,1800173475,1800174293,1
logs-row-0002314,log-0002314,log-0002314,user-00114,desktop,iOS,2.5.0,logout,831,2134,2418,1800173550,1800174381,1
logs-row-0002315,log-0002315,log-0002315,user-00115,tablet,iOS,2.4.1,login,851,2165,2455,1800173625,1800174476,1
logs-row-0002316,log-0002316,log-0002316,user-00116,phone,iOS,2.4.0,purchase,872,2196,2492,1800173700,1800174572,1
logs-row-0002317,log-0002317,log-0002317,user-00117,laptop,iOS,2.5.1,login_failed,45,2227,2529,1800173775,1800173820,0
logs-row-0002318,log-0002318,log-0002318,user-00118,desktop,iOS,2.5.0,view,912,2258,2566,1800173850,1800174762,1
logs-row-0002319,log-0002319,log-0002319,user-00119,tablet,iOS,2.4.1,logout,928,2289,2603,1800173925,1800174853,1
logs-row-0002320,log-0002320,log-0002320,user-00120,phone,iOS,2.4.0,login,950,2320,2640,1800174000,1800174950,1
logs-row-0002321,log-0002321,log-0002321,user-00121,laptop,iOS,2.5.1,purchase,69,2351,2677,1800174075,1800174144,1
logs-row-0002322,log-0002322,log-0002322,user-00122,desktop,iOS,2.5.0,login_failed,27,2382,2714,1800174150,1800174177,0
logs-row-0002323,log-0002323,log-0002323,user-00123,tablet,iOS,2.4.1,view,104,2413,2751,1800174225,1800174329,1
logs-row-0002324,log-0002324,log-0002324,user-00124,phone,iOS,2.4.0,logout,126,2444,2788,1800174300,1800174426,1
logs-row-0002325,log-0002325,log-0002325,user-00125,laptop,iOS,2.5.1,login,146,2475,2825,1800174375,1800174521,1
logs-row-0002326,log-0002326,log-0002326,user-00126,desktop,iOS,2.5.0,purchase,159,2506,2862,1800174450,1800174609,1
logs-row-0002327,log-0002327,log-0002327,user-00127,tablet,iOS,2.4.1,login_failed,45,2537,2899,1800174525,1800174570,0
logs-row-0002328,log-0002328,log-0002328,user-00128,phone,iOS,2.4.0,view,200,2568,2936,1800174600,1800174800,1
logs-row-0002329,log-0002329,log-0002329,user-00129,laptop,iOS,2.5.1,logout,220,2599,2973,1800174675,1800174895,1
logs-row-0002330,log-0002330,log-0002330,user-00130,desktop,iOS,2.5.0,login,235,2630,3010,1800174750,1800174985,1
logs-row-0002331,log-0002331,log-0002331,user-00131,tablet,iOS,2.4.1,purchase,255,2661,3047,1800174825,1800175080,1
logs-row-0002332,log-0002332,log-0002332,user-00132,phone,iOS,2.4.0,login_failed,45,2692,3084,1800174900,1800174945,0
logs-row-0002333,log-0002333,log-0002333,user-00133,laptop,iOS,2.5.1,view,294,2723,3121,1800174975,1800175269,1
logs-row-0002334,log-0002334,log-0002334,user-00134,desktop,iOS,2.5.0,logout,316,2754,3158,1800175050,1800175366,1
logs-row-0002335,log-0002335,log-0002335,user-00135,tablet,iOS,2.4.1,login,332,2785,3195,1800175125,1800175457,1
logs-row-0002336,log-0002336,log-0002336,user-00136,phone,iOS,2.4.0,purchase,354,2816,3232,1800175200,1800175554,1
logs-row-0002337,log-0002337,log-0002337,user-00137,laptop,iOS,2.5.1,login_failed,45,2847,3269,1800175275,1800175320,0
logs-row-0002338,log-0002338,log-0002338,user-00138,desktop,iOS,2.5.0,view,388,2878,3306,1800175350,1800175738,1
logs-row-0002339,log-0002339,log-0002339,user-00139,tablet,iOS,2.4.1,logout,409,2909,3343,1800175425,1800175834,1
logs-row-0002340,log-0002340,log-0002340,user-00140,phone,iOS,2.4.0,login,431,2940,3380,1800175500,1800175931,1
logs-row-0002341,log-0002341,log-0002341,user-00141,laptop,iOS,2.5.1,purchase,451,2971,3417,1800175575,1800176026,1
logs-row-0002342,log-0002342,log-0002342,user-00142,desktop,iOS,2.5.0,login_failed,45,3002,3454,1800175650,1800175695,0
logs-row-0002343,log-0002343,log-0002343,user-00143,tablet,iOS,2.4.1,view,484,3033,3491,1800175725,1800176209,1
logs-row-0002344,log-0002344,log-0002344,user-00144,phone,iOS,2.4.0,logout,507,3064,3528,1800175800,1800176307,1
logs-row-0002345,log-0002345,log-0002345,user-00145,laptop,iOS,2.5.1,login,522,3095,3565,1800175875,1800176397,1
logs-row-0002346,log-0002346,log-0002346,user-00146,desktop,iOS,2.5.0,purchase,542,3126,3602,1800175950,1800176492,1
logs-row-0002347,log-0002347,log-0002347,user-00147,tablet,iOS,2.4.1,login_failed,45,3157,3639,1800176025,1800176070,0
logs-row-0002348,log-0002348,log-0002348,user-00148,phone,iOS,2.4.0,view,584,3188,3676,1800176100,1800176684,1
logs-row-0002349,log-0002349,log-0002349,user-00149,laptop,iOS,2.5.1,logout,602,3219,3713,1800176175,1800176777,1
logs-row-0002350,log-0002350,log-0002350,user-00150,desktop,iOS,2.5.0,login,618,3250,3750,1800176250,1800176868,1
logs-row-0002351,log-0002351,log-0002351,user-00151,tablet,iOS,2.4.1,purchase,639,3281,3787,1800176325,1800176964,1
logs-row-0002352,log-0002352,log-0002352,user-00152,phone,iOS,2.4.0,login_failed,45,3312,3824,1800176400,1800176445,0
logs-row-0002353,log-0002353,log-0002353,user-00153,laptop,iOS,2.5.1,view,674,3343,3861,1800176475,1800177149,1
logs-row-0002354,log-0002354,log-0002354,user-00154,desktop,iOS,2.5.0,logout,692,3374,3898,1800176550,1800177242,1
logs-row-0002355,log-0002355,log-0002355,user-00155,tablet,iOS,2.4.1,login,711,3405,3935,1800176625,1800177336,1
logs-row-0002356,log-0002356,log-0002356,user-00156,phone,iOS,2.4.0,purchase,731,3436,3972,1800176700,1800177431,1
logs-row-0002357,log-0002357,log-0002357,user-00157,laptop,iOS,2.5.1,login_failed,45,3467,4009,1800176775,1800176820,0
logs-row-0002358,log-0002358,log-0002358,user-00158,desktop,iOS,2.5.0,view,772,3498,4046,1800176850,1800177622,1
logs-row-0002359,log-0002359,log-0002359,user-00159,tablet,iOS,2.4.1,logout,787,3529,4083,1800176925,1800177712,1
logs-row-0002360,log-0002360,log-0002360,user-00160,phone,iOS,2.4.0,login,810,3560,4120,1800177000,1800177810,1
logs-row-0002361,log-0002361,log-0002361,user-00161,laptop,iOS,2.5.1,purchase,828,3591,4157,1800177075,1800177903,1
logs-row-0002362,log-0002362,log-0002362,user-00162,desktop,iOS,2.5.0,login_failed,45,3622,4194,1800177150,1800177195,0
logs-row-0002363,log-0002363,log-0002363,user-00163,tablet,iOS,2.4.1,view,868,3653,4231,1800177225,1800178093,1
logs-row-0002364,log-0002364,log-0002364,user-00164,phone,iOS,2.4.0,logout,886,3684,4268,1800177300,1800178186,1
logs-row-0002365,log-0002365,log-0002365,user-00165,laptop,iOS,2.5.1,login,904,3715,4305,1800177375,1800178279,1
logs-row-0002366,log-0002366,log-0002366,user-00166,desktop,iOS,2.5.0,purchase,923,3746,4342,1800177450,1800178373,1
logs-row-0002367,log-0002367,log-0002367,user-00167,tablet,iOS,2.4.1,login_failed,45,3777,4379,1800177525,1800177570,0
logs-row-0002368,log-0002368,log-0002368,user-00168,phone,iOS,2.4.0,view,961,3808,4416,1800177600,1800178561,1
logs-row-0002369,log-0002369,log-0002369,user-00169,laptop,iOS,2.5.1,logout,81,3839,4453,1800177675,1800177756,1
logs-row-0002370,log-0002370,log-0002370,user-00170,desktop,iOS,2.5.0,login,98,3870,4490,1800177750,1800177848,1
logs-row-0002371,log-0002371,log-0002371,user-00171,tablet,iOS,2.4.1,purchase,118,3901,4527,1800177825,1800177943,1
logs-row-0002372,log-0002372,log-0002372,user-00172,phone,iOS,2.4.0,login_failed,45,3932,4564,1800177900,1800177945,0
logs-row-0002373,log-0002373,log-0002373,user-00173,laptop,iOS,2.5.1,view,154,3963,4601,1800177975,1800178129,1
logs-row-0002374,log-0002374,log-0002374,user-00174,desktop,iOS,2.5.0,logout,177,3994,4638,1800178050,1800178227,1
logs-row-0002375,log-0002375,log-0002375,user-00175,tablet,iOS,2.4.1,login,197,4025,4675,1800178125,1800178322,1
logs-row-0002376,log-0002376,log-0002376,user-00176,phone,iOS,2.4.0,purchase,214,4056,4712,1800178200,1800178414,1
logs-row-0002377,log-0002377,log-0002377,user-00177,laptop,iOS,2.5.1,login_failed,45,4087,4749,1800178275,1800178320,0
logs-row-0002378,log-0002378,log-0002378,user-00178,desktop,iOS,2.5.0,view,252,4118,4786,1800178350,1800178602,1
logs-row-0002379,log-0002379,log-0002379,user-00179,tablet,iOS,2.4.1,logout,271,4149,4823,1800178425,1800178696,1
logs-row-0002380,log-0002380,log-0002380,user-00180,phone,iOS,2.4.0,login,292,4180,4860,1800178500,1800178792,1
logs-row-0002381,log-0002381,log-0002381,user-00181,laptop,iOS,2.5.1,purchase,306,4211,4897,1800178575,1800178881,1
logs-row-0002382,log-0002382,log-0002382,user-00182,desktop,iOS,2.5.0,login_failed,45,4242,4934,1800178650,1800178695,0
logs-row-0002383,log-0002383,log-0002383,user-00183,tablet,iOS,2.4.1,view,349,4273,4971,1800178725,1800179074,1
logs-row-0002384,log-0002384,log-0002384,user-00184,phone,iOS,2.4.0,logout,367,4304,5008,1800178800,1800179167,1
logs-row-0002385,log-0002385,log-0002385,user-00185,laptop,iOS,2.5.1,login,380,4335,5045,1800178875,1800179255,1
logs-row-0002386,log-0002386,log-0002386,user-00186,desktop,iOS,2.5.0,purchase,401,4366,5082,1800178950,1800179351,1
logs-row-0002387,log-0002387,log-0002387,user-00187,tablet,iOS,2.4.1,login_failed,45,4397,5119,1800179025,1800179070,0
logs-row-0002388,log-0002388,log-0002388,user-00188,phone,iOS,2.4.0,view,443,4428,5156,1800179100,1800179543,1
logs-row-0002389,log-0002389,log-0002389,user-00189,laptop,iOS,2.5.1,logout,456,4459,5193,1800179175,1800179631,1
logs-row-0002390,log-0002390,log-0002390,user-00190,desktop,iOS,2.5.0,login,481,4490,5230,1800179250,1800179731,1
logs-row-0002391,log-0002391,log-0002391,user-00191,tablet,iOS,2.4.1,purchase,496,4521,5267,1800179325,1800179821,1
logs-row-0002392,log-0002392,log-0002392,user-00192,phone,iOS,2.4.0,login_failed,45,4552,5304,1800179400,1800179445,0
logs-row-0002393,log-0002393,log-0002393,user-00193,laptop,iOS,2.5.1,view,532,4583,5341,1800179475,1800180007,1
logs-row-0002394,log-0002394,log-0002394,user-00194,desktop,iOS,2.5.0,logout,553,4614,5378,1800179550,1800180103,1
logs-row-0002395,log-0002395,log-0002395,user-00195,tablet,iOS,2.4.1,login,575,4645,5415,1800179625,1800180200,1
logs-row-0002396,log-0002396,log-0002396,user-00196,phone,iOS,2.4.0,purchase,589,4676,5452,1800179700,1800180289,1
logs-row-0002397,log-0002397,log-0002397,user-00197,laptop,iOS,2.5.1,login_failed,45,4707,5489,1800179775,1800179820,0
logs-row-0002398,log-0002398,log-0002398,user-00198,desktop,iOS,2.5.0,view,634,4738,5526,1800179850,1800180484,1
logs-row-0002399,log-0002399,log-0002399,user-00199,tablet,iOS,2.4.1,logout,646,4769,5563,1800179925,1800180571,1
logs-row-0002400,log-0002400,log-0002400,user-00000,phone,iOS,2.4.0,login,671,4800,5600,1800180000,1800180671,1
logs-row-0002401,log-0002401,log-0002401,user-00001,laptop,iOS,2.5.1,purchase,685,4831,5637,1800180075,1800180760,1
logs-row-0002402,log-0002402,log-0002402,user-00002,desktop,iOS,2.5.0,login_failed,45,4862,5674,1800180150,1800180195,0
logs-row-0002403,log-0002403,log-0002403,user-00003,tablet,iOS,2.4.1,view,725,4893,5711,1800180225,1800180950,1
logs-row-0002404,log-0002404,log-0002404,user-00004,phone,iOS,2.4.0,logout,741,4924,5748,1800180300,1800181041,1
logs-row-0002405,log-0002405,log-0002405,user-00005,laptop,iOS,2.5.1,login,762,4955,5785,1800180375,1800181137,1
logs-row-0002406,log-0002406,log-0002406,user-00006,desktop,iOS,2.5.0,purchase,781,4986,5822,1800180450,1800181231,1
logs-row-0002407,log-0002407,log-0002407,user-00007,tablet,iOS,2.4.1,login_failed,45,5017,5859,1800180525,1800180570,0
logs-row-0002408,log-0002408,log-0002408,user-00008,phone,iOS,2.4.0,view,820,5048,5896,1800180600,1800181420,1
logs-row-0002409,log-0002409,log-0002409,user-00009,laptop,iOS,2.5.1,logout,841,5079,5933,1800180675,1800181516,1
logs-row-0002410,log-0002410,log-0002410,user-00010,desktop,iOS,2.5.0,login,856,5110,5970,1800180750,1800181606,1
logs-row-0002411,log-0002411,log-0002411,user-00011,tablet,iOS,2.4.1,purchase,878,5141,6007,1800180825,1800181703,1
logs-row-0002412,log-0002412,log-0002412,user-00012,phone,iOS,2.4.0,login_failed,45,5172,6044,1800180900,1800180945,0
logs-row-0002413,log-0002413,log-0002413,user-00013,laptop,iOS,2.5.1,view,917,5203,6081,1800180975,1800181892,1
logs-row-0002414,log-0002414,log-0002414,user-00014,desktop,iOS,2.5.0,logout,934,5234,6118,1800181050,1800181984,1
logs-row-0002415,log-0002415,log-0002415,user-00015,tablet,iOS,2.4.1,login,954,5265,6155,1800181125,1800182079,1
logs-row-0002416,log-0002416,log-0002416,user-00016,phone,iOS,2.4.0,purchase,75,5296,6192,1800181200,1800181275,1
logs-row-0002417,log-0002417,log-0002417,user-00017,laptop,iOS,2.5.1,login_failed,32,5327,6229,1800181275,1800181307,0
logs-row-0002418,log-0002418,log-0002418,user-00018,desktop,iOS,2.5.0,view,113,5358,6266,1800181350,1800181463,1
logs-row-0002419,log-0002419,log-0002419,user-00019,tablet,iOS,2.4.1,logout,131,5389,6303,1800181425,1800181556,1
logs-row-0002420,log-0002420,log-0002420,user-00020,phone,iOS,2.4.0,login,145,420,6340,1800181500,1800181645,1
logs-row-0002421,log-0002421,log-0002421,user-00021,laptop,iOS,2.5.1,purchase,169,451,6377,1800181575,1800181744,1
logs-row-0002422,log-0002422,log-0002422,user-00022,desktop,iOS,2.5.0,login_failed,45,482,6414,1800181650,1800181695,0
logs-row-0002423,log-0002423,log-0002423,user-00023,tablet,iOS,2.4.1,view,203,513,6451,1800181725,1800181928,1
logs-row-0002424,log-0002424,log-0002424,user-00024,phone,iOS,2.4.0,logout,224,544,6488,1800181800,1800182024,1
logs-row-0002425,log-0002425,log-0002425,user-00025,laptop,iOS,2.5.1,login,242,575,6525,1800181875,1800182117,1
logs-row-0002426,log-0002426,log-0002426,user-00026,desktop,iOS,2.5.0,purchase,259,606,6562,1800181950,1800182209,1
logs-row-0002427,log-0002427,log-0002427,user-00027,tablet,iOS,2.4.1,login_failed,45,637,6599,1800182025,1800182070,0
logs-row-0002428,log-0002428,log-0002428,user-00028,phone,iOS,2.4.0,view,302,668,6636,1800182100,1800182402,1
logs-row-0002429,log-0002429,log-0002429,user-00029,laptop,iOS,2.5.1,logout,320,699,6673,1800182175,1800182495,1
logs-row-0002430,log-0002430,log-0002430,user-00030,desktop,iOS,2.5.0,login,340,730,6710,1800182250,1800182590,1
logs-row-0002431,log-0002431,log-0002431,user-00031,tablet,iOS,2.4.1,purchase,354,761,6747,1800182325,1800182679,1
logs-row-0002432,log-0002432,log-0002432,user-00032,phone,iOS,2.4.0,login_failed,45,792,6784,1800182400,1800182445,0
logs-row-0002433,log-0002433,log-0002433,user-00033,laptop,iOS,2.5.1,view,395,823,6821,1800182475,1800182870,1
logs-row-0002434,log-0002434,log-0002434,user-00034,desktop,iOS,2.5.0,logout,416,854,6858,1800182550,1800182966,1
logs-row-0002435,log-0002435,log-0002435,user-00035,tablet,iOS,2.4.1,login,432,885,6895,1800182625,1800183057,1
logs-row-0002436,log-0002436,log-0002436,user-00036,phone,iOS,2.4.0,purchase,451,916,6932,1800182700,1800183151,1
logs-row-0002437,log-0002437,log-0002437,user-00037,laptop,iOS,2.5.1,login_failed,45,947,6969,1800182775,1800182820,0
logs-row-0002438,log-0002438,log-0002438,user-00038,desktop,iOS,2.5.0,view,489,978,7006,1800182850,1800183339,1
logs-row-0002439,log-0002439,log-0002439,user-00039,tablet,iOS,2.4.1,logout,508,1009,7043,1800182925,1800183433,1
logs-row-0002440,log-0002440,log-0002440,user-00040,phone,iOS,2.4.0,login,528,1040,7080,1800183000,1800183528,1
logs-row-0002441,log-0002441,log-0002441,user-00041,laptop,iOS,2.5.1,purchase,546,1071,7117,1800183075,1800183621,1
logs-row-0002442,log-0002442,log-0002442,user-00042,desktop,iOS,2.5.0,login_failed,45,1102,7154,1800183150,1800183195,0
logs-row-0002443,log-0002443,log-0002443,user-00043,tablet,iOS,2.4.1,view,582,1133,7191,1800183225,1800183807,1
logs-row-0002444,log-0002444,log-0002444,user-00044,phone,iOS,2.4.0,logout,605,1164,7228,1800183300,1800183905,1
logs-row-0002445,log-0002445,log-0002445,user-00045,laptop,iOS,2.5.1,login,620,1195,7265,1800183375,1800183995,1
logs-row-0002446,log-0002446,log-0002446,user-00046,desktop,iOS,2.5.0,purchase,641,1226,7302,1800183450,1800184091,1
logs-row-0002447,log-0002447,log-0002447,user-00047,tablet,iOS,2.4.1,login_failed,45,1257,7339,1800183525,1800183570,0
logs-row-0002448,log-0002448,log-0002448,user-00048,phone,iOS,2.4.0,view,680,1288,7376,1800183600,1800184280,1
logs-row-0002449,log-0002449,log-0002449,user-00049,laptop,iOS,2.5.1,logout,702,1319,7413,1800183675,1800184377,1
logs-row-0002450,log-0002450,log-0002450,user-00050,desktop,iOS,2.5.0,login,720,1350,7450,1800183750,1800184470,1
logs-row-0002451,log-0002451,log-0002451,user-00051,tablet,iOS,2.4.1,purchase,737,1381,7487,1800183825,1800184562,1
logs-row-0002452,log-0002452,log-0002452,user-00052,phone,iOS,2.4.0,login_failed,45,1412,7524,1800183900,1800183945,0
logs-row-0002453,log-0002453,log-0002453,user-00053,laptop,iOS,2.5.1,view,779,1443,7561,1800183975,1800184754,1
logs-row-0002454,log-0002454,log-0002454,user-00054,desktop,iOS,2.5.0,logout,795,1474,7598,1800184050,1800184845,1
logs-row-0002455,log-0002455,log-0002455,user-00055,tablet,iOS,2.4.1,login,813,1505,7635,1800184125,1800184938,1
logs-row-0002456,log-0002456,log-0002456,user-00056,phone,iOS,2.4.0,purchase,832,1536,7672,1800184200,1800185032,1
logs-row-0002457,log-0002457,log-0002457,user-00057,laptop,iOS,2.5.1,login_failed,45,1567,7709,1800184275,1800184320,0
logs-row-0002458,log-0002458,log-0002458,user-00058,desktop,iOS,2.5.0,view,869,1598,7746,1800184350,1800185219,1
logs-row-0002459,log-0002459,log-0002459,user-00059,tablet,iOS,2.4.1,logout,891,1629,7783,1800184425,1800185316,1
logs-row-0002460,log-0002460,log-0002460,user-00060,phone,iOS,2.4.0,login,909,1660,7820,1800184500,1800185409,1
logs-row-0002461,log-0002461,log-0002461,user-00061,laptop,iOS,2.5.1,purchase,926,1691,7857,1800184575,1800185501,1
logs-row-0002462,log-0002462,log-0002462,user-00062,desktop,iOS,2.5.0,login_failed,45,1722,7894,1800184650,1800184695,0
logs-row-0002463,log-0002463,log-0002463,user-00063,tablet,iOS,2.4.1,view,66,1753,7931,1800184725,1800184791,1
logs-row-0002464,log-0002464,log-0002464,user-00064,phone,iOS,2.4.0,logout,87,1784,7968,1800184800,1800184887,1
logs-row-0002465,log-0002465,log-0002465,user-00065,laptop,iOS,2.5.1,login,104,1815,8005,1800184875,1800184979,1
logs-row-0002466,log-0002466,log-0002466,user-00066,desktop,iOS,2.5.0,purchase,125,1846,8042,1800184950,1800185075,1
logs-row-0002467,log-0002467,log-0002467,user-00067,tablet,iOS,2.4.1,login_failed,45,1877,8079,1800185025,1800185070,0
logs-row-0002468,log-0002468,log-0002468,user-00068,phone,iOS,2.4.0,view,162,1908,8116,1800185100,1800185262,1
logs-row-0002469,log-0002469,log-0002469,user-00069,laptop,iOS,2.5.1,logout,182,1939,8153,1800185175,1800185357,1
logs-row-0002470,log-0002470,log-0002470,user-00070,desktop,iOS,2.5.0,login,201,1970,8190,1800185250,1800185451,1
logs-row-0002471,log-0002471,log-0002471,user-00071,tablet,iOS,2.4.1,purchase,215,2001,8227,1800185325,1800185540,1
logs-row-0002472,log-0002472,log-0002472,user-00072,phone,iOS,2.4.0,login_failed,45,2032,8264,1800185400,1800185445,0
logs-row-0002473,log-0002473,log-0002473,user-00073,laptop,iOS,2.5.1,view,256,2063,8301,1800185475,1800185731,1
logs-row-0002474,log-0002474,log-0002474,user-00074,desktop,iOS,2.5.0,logout,274,2094,8338,1800185550,1800185824,1
logs-row-0002475,log-0002475,log-0002475,user-00075,tablet,iOS,2.4.1,login,293,2125,8375,1800185625,1800185918,1
logs-row-0002476,log-0002476,log-0002476,user-00076,phone,iOS,2.4.0,purchase,309,2156,8412,1800185700,1800186009,1
logs-row-0002477,log-0002477,log-0002477,user-00077,laptop,iOS,2.5.1,login_failed,45,2187,8449,1800185775,1800185820,0
logs-row-0002478,log-0002478,log-0002478,user-00078,desktop,iOS,2.5.0,view,351,2218,8486,1800185850,1800186201,1
logs-row-0002479,log-0002479,log-0002479,user-00079,tablet,iOS,2.4.1,logout,370,2249,8523,1800185925,1800186295,1
logs-row-0002480,log-0002480,log-0002480,user-00080,phone,iOS,2.4.0,login,387,2280,8560,1800186000,1800186387,1
logs-row-0002481,log-0002481,log-0002481,user-00081,laptop,iOS,2.5.1,purchase,405,2311,8597,1800186075,1800186480,1
logs-row-0002482,log-0002482,log-0002482,user-00082,desktop,iOS,2.5.0,login_failed,45,2342,8634,1800186150,1800186195,0
logs-row-0002483,log-0002483,log-0002483,user-00083,tablet,iOS,2.4.1,view,444,2373,8671,1800186225,1800186669,1
logs-row-0002484,log-0002484,log-0002484,user-00084,phone,iOS,2.4.0,logout,466,2404,8708,1800186300,1800186766,1
logs-row-0002485,log-0002485,log-0002485,user-00085,laptop,iOS,2.5.1,login,487,2435,8745,1800186375,1800186862,1
logs-row-0002486,log-0002486,log-0002486,user-00086,desktop,iOS,2.5.0,purchase,506,2466,8782,1800186450,1800186956,1
logs-row-0002487,log-0002487,log-0002487,user-00087,tablet,iOS,2.4.1,login_failed,45,2497,8819,1800186525,1800186570,0
logs-row-0002488,log-0002488,log-0002488,user-00088,phone,iOS,2.4.0,view,544,2528,8856,1800186600,1800187144,1
logs-row-0002489,log-0002489,log-0002489,user-00089,laptop,iOS,2.5.1,logout,557,2559,8893,1800186675,1800187232,1
logs-row-0002490,log-0002490,log-0002490,user-00090,desktop,iOS,2.5.0,login,575,2590,8930,1800186750,1800187325,1
logs-row-0002491,log-0002491,log-0002491,user-00091,tablet,iOS,2.4.1,purchase,600,2621,8967,1800186825,1800187425,1
logs-row-0002492,log-0002492,log-0002492,user-00092,phone,iOS,2.4.0,login_failed,45,2652,9004,1800186900,1800186945,0
logs-row-0002493,log-0002493,log-0002493,user-00093,laptop,iOS,2.5.1,view,635,2683,9041,1800186975,1800187610,1
logs-row-0002494,log-0002494,log-0002494,user-00094,desktop,iOS,2.5.0,logout,657,2714,9078,1800187050,1800187707,1
logs-row-0002495,log-0002495,log-0002495,user-00095,tablet,iOS,2.4.1,login,670,2745,9115,1800187125,1800187795,1
logs-row-0002496,log-0002496,log-0002496,user-00096,phone,iOS,2.4.0,purchase,694,2776,9152,1800187200,1800187894,1
logs-row-0002497,log-0002497,log-0002497,user-00097,laptop,iOS,2.5.1,login_failed,45,2807,9189,1800187275,1800187320,0
logs-row-0002498,log-0002498,log-0002498,user-00098,desktop,iOS,2.5.0,view,730,2838,9226,1800187350,1800188080,1
logs-row-0002499,log-0002499,log-0002499,user-00099,tablet,iOS,2.4.1,logout,753,2869,9263,1800187425,1800188178,1
logs-row-0002500,log-0002500,log-0002500,user-00100,phone,iOS,2.4.0,login,765,2900,9300,1800187500,1800188265,1
logs-row-0002501,log-0002501,log-0002501,user-00101,laptop,iOS,2.5.1,purchase,786,2931,9337,1800187575,1800188361,1
logs-row-0002502,log-0002502,log-0002502,user-00102,desktop,iOS,2.5.0,login_failed,45,2962,9374,1800187650,1800187695,0
logs-row-0002503,log-0002503,log-0002503,user-00103,tablet,iOS,2.4.1,view,828,2993,9411,1800187725,1800188553,1
logs-row-0002504,log-0002504,log-0002504,user-00104,phone,iOS,2.4.0,logout,843,3024,9448,1800187800,1800188643,1
logs-row-0002505,log-0002505,log-0002505,user-00105,laptop,iOS,2.5.1,login,863,3055,9485,1800187875,1800188738,1
logs-row-0002506,log-0002506,log-0002506,user-00106,desktop,iOS,2.5.0,purchase,885,3086,9522,1800187950,1800188835,1
logs-row-0002507,log-0002507,log-0002507,user-00107,tablet,iOS,2.4.1,login_failed,45,3117,9559,1800188025,1800188070,0
logs-row-0002508,log-0002508,log-0002508,user-00108,phone,iOS,2.4.0,view,923,3148,9596,1800188100,1800189023,1
logs-row-0002509,log-0002509,log-0002509,user-00109,laptop,iOS,2.5.1,logout,940,3179,9633,1800188175,1800189115,1
logs-row-0002510,log-0002510,log-0002510,user-00110,desktop,iOS,2.5.0,login,961,3210,9670,1800188250,1800189211,1
logs-row-0002511,log-0002511,log-0002511,user-00111,tablet,iOS,2.4.1,purchase,81,3241,9707,1800188325,1800188406,1
logs-row-0002512,log-0002512,log-0002512,user-00112,phone,iOS,2.4.0,login_failed,37,3272,9744,1800188400,1800188437,0
logs-row-0002513,log-0002513,log-0002513,user-00113,laptop,iOS,2.5.1,view,113,3303,9781,1800188475,1800188588,1
logs-row-0002514,log-0002514,log-0002514,user-00114,desktop,iOS,2.5.0,logout,132,3334,9818,1800188550,1800188682,1
logs-row-0002515,log-0002515,log-0002515,user-00115,tablet,iOS,2.4.1,login,151,3365,9855,1800188625,1800188776,1
logs-row-0002516,log-0002516,log-0002516,user-00116,phone,iOS,2.4.0,purchase,176,3396,9892,1800188700,1800188876,1
logs-row-0002517,log-0002517,log-0002517,user-00117,laptop,iOS,2.5.1,login_failed,45,3427,9929,1800188775,1800188820,0
logs-row-0002518,log-0002518,log-0002518,user-00118,desktop,iOS,2.5.0,view,214,3458,9966,1800188850,1800189064,1
logs-row-0002519,log-0002519,log-0002519,user-00119,tablet,iOS,2.4.1,logout,230,3489,10003,1800188925,1800189155,1
logs-row-0002520,log-0002520,log-0002520,user-00120,phone,iOS,2.4.0,login,245,3520,10040,1800189000,1800189245,1
logs-row-0002521,log-0002521,log-0002521,user-00121,laptop,iOS,2.5.1,purchase,268,3551,10077,1800189075,1800189343,1
logs-row-0002522,log-0002522,log-0002522,user-00122,desktop,iOS,2.5.0,login_failed,45,3582,10114,1800189150,1800189195,0
logs-row-0002523,log-0002523,log-0002523,user-00123,tablet,iOS,2.4.1,view,304,3613,10151,1800189225,1800189529,1
logs-row-0002524,log-0002524,log-0002524,user-00124,phone,iOS,2.4.0,logout,328,3644,10188,1800189300,1800189628,1
logs-row-0002525,log-0002525,log-0002525,user-00125,laptop,iOS,2.5.1,login,340,3675,10225,1800189375,1800189715,1
logs-row-0002526,log-0002526,log-0002526,user-00126,desktop,iOS,2.5.0,purchase,360,3706,10262,1800189450,1800189810,1
logs-row-0002527,log-0002527,log-0002527,user-00127,tablet,iOS,2.4.1,login_failed,45,3737,10299,1800189525,1800189570,0
logs-row-0002528,log-0002528,log-0002528,user-00128,phone,iOS,2.4.0,view,401,3768,10336,1800189600,1800190001,1
logs-row-0002529,log-0002529,log-0002529,user-00129,laptop,iOS,2.5.1,logout,416,3799,10373,1800189675,1800190091,1
logs-row-0002530,log-0002530,log-0002530,user-00130,desktop,iOS,2.5.0,login,438,3830,10410,1800189750,1800190188,1
logs-row-0002531,log-0002531,log-0002531,user-00131,tablet,iOS,2.4.1,purchase,455,3861,10447,1800189825,1800190280,1
logs-row-0002532,log-0002532,log-0002532,user-00132,phone,iOS,2.4.0,login_failed,45,3892,10484,1800189900,1800189945,0
logs-row-0002533,log-0002533,log-0002533,user-00133,laptop,iOS,2.5.1,view,495,3923,10521,1800189975,1800190470,1
logs-row-0002534,log-0002534,log-0002534,user-00134,desktop,iOS,2.5.0,logout,517,3954,10558,1800190050,1800190567,1
logs-row-0002535,log-0002535,log-0002535,user-00135,tablet,iOS,2.4.1,login,533,3985,10595,1800190125,1800190658,1
logs-row-0002536,log-0002536,log-0002536,user-00136,phone,iOS,2.4.0,purchase,549,4016,10632,1800190200,1800190749,1
logs-row-0002537,log-0002537,log-0002537,user-00137,laptop,iOS,2.5.1,login_failed,45,4047,10669,1800190275,1800190320,0
logs-row-0002538,log-0002538,log-0002538,user-00138,desktop,iOS,2.5.0,view,591,4078,10706,1800190350,1800190941,1
logs-row-0002539,log-0002539,log-0002539,user-00139,tablet,iOS,2.4.1,logout,609,4109,10743,1800190425,1800191034,1
logs-row-0002540,log-0002540,log-0002540,user-00140,phone,iOS,2.4.0,login,632,4140,10780,1800190500,1800191132,1
logs-row-0002541,log-0002541,log-0002541,user-00141,laptop,iOS,2.5.1,purchase,649,4171,10817,1800190575,1800191224,1
logs-row-0002542,log-0002542,log-0002542,user-00142,desktop,iOS,2.5.0,login_failed,45,4202,10854,1800190650,1800190695,0
logs-row-0002543,log-0002543,log-0002543,user-00143,tablet,iOS,2.4.1,view,684,4233,10891,1800190725,1800191409,1
logs-row-0002544,log-0002544,log-0002544,user-00144,phone,iOS,2.4.0,logout,702,4264,10928,1800190800,1800191502,1
logs-row-0002545,log-0002545,log-0002545,user-00145,laptop,iOS,2.5.1,login,726,4295,10965,1800190875,1800191601,1
logs-row-0002546,log-0002546,log-0002546,user-00146,desktop,iOS,2.5.0,purchase,742,4326,11002,1800190950,1800191692,1
logs-row-0002547,log-0002547,log-0002547,user-00147,tablet,iOS,2.4.1,login_failed,45,4357,11039,1800191025,1800191070,0
logs-row-0002548,log-0002548,log-0002548,user-00148,phone,iOS,2.4.0,view,784,4388,11076,1800191100,1800191884,1
logs-row-0002549,log-0002549,log-0002549,user-00149,laptop,iOS,2.5.1,logout,798,4419,11113,1800191175,1800191973,1
logs-row-0002550,log-0002550,log-0002550,user-00150,desktop,iOS,2.5.0,login,818,4450,11150,1800191250,1800192068,1
logs-row-0002551,log-0002551,log-0002551,user-00151,tablet,iOS,2.4.1,purchase,841,4481,11187,1800191325,1800192166,1
logs-row-0002552,log-0002552,log-0002552,user-00152,phone,iOS,2.4.0,login_failed,45,4512,11224,1800191400,1800191445,0
logs-row-0002553,log-0002553,log-0002553,user-00153,laptop,iOS,2.5.1,view,877,4543,11261,1800191475,1800192352,1
logs-row-0002554,log-0002554,log-0002554,user-00154,desktop,iOS,2.5.0,logout,892,4574,11298,1800191550,1800192442,1
logs-row-0002555,log-0002555,log-0002555,user-00155,tablet,iOS,2.4.1,login,914,4605,11335,1800191625,1800192539,1
logs-row-0002556,log-0002556,log-0002556,user-00156,phone,iOS,2.4.0,purchase,933,4636,11372,1800191700,1800192633,1
logs-row-0002557,log-0002557,log-0002557,user-00157,laptop,iOS,2.5.1,login_failed,45,4667,11409,1800191775,1800191820,0
logs-row-0002558,log-0002558,log-0002558,user-00158,desktop,iOS,2.5.0,view,74,4698,11446,1800191850,1800191924,1
logs-row-0002559,log-0002559,log-0002559,user-00159,tablet,iOS,2.4.1,logout,93,4729,11483,1800191925,1800192018,1
logs-row-0002560,log-0002560,log-0002560,user-00160,phone,iOS,2.4.0,login,112,4760,11520,1800192000,1800192112,1
logs-row-0002561,log-0002561,log-0002561,user-00161,laptop,iOS,2.5.1,purchase,126,4791,11557,1800192075,1800192201,1
logs-row-0002562,log-0002562,log-0002562,user-00162,desktop,iOS,2.5.0,login_failed,45,4822,11594,1800192150,1800192195,0
logs-row-0002563,log-0002563,log-0002563,user-00163,tablet,iOS,2.4.1,view,167,4853,11631,1800192225,1800192392,1
logs-row-0002564,log-0002564,log-0002564,user-00164,phone,iOS,2.4.0,logout,187,4884,11668,1800192300,1800192487,1
logs-row-0002565,log-0002565,log-0002565,user-00165,laptop,iOS,2.5.1,login,207,4915,11705,1800192375,1800192582,1
logs-row-0002566,log-0002566,log-0002566,user-00166,desktop,iOS,2.5.0,purchase,222,4946,11742,1800192450,1800192672,1
logs-row-0002567,log-0002567,log-0002567,user-00167,tablet,iOS,2.4.1,login_failed,45,4977,11779,1800192525,1800192570,0
logs-row-0002568,log-0002568,log-0002568,user-00168,phone,iOS,2.4.0,view,257,5008,11816,1800192600,1800192857,1
logs-row-0002569,log-0002569,log-0002569,user-00169,laptop,iOS,2.5.1,logout,282,5039,11853,1800192675,1800192957,1
logs-row-0002570,log-0002570,log-0002570,user-00170,desktop,iOS,2.5.0,login,299,5070,11890,1800192750,1800193049,1
logs-row-0002571,log-0002571,log-0002571,user-00171,tablet,iOS,2.4.1,purchase,316,5101,11927,1800192825,1800193141,1
logs-row-0002572,log-0002572,log-0002572,user-00172,phone,iOS,2.4.0,login_failed,45,5132,11964,1800192900,1800192945,0
logs-row-0002573,log-0002573,log-0002573,user-00173,laptop,iOS,2.5.1,view,358,5163,12001,1800192975,1800193333,1
logs-row-0002574,log-0002574,log-0002574,user-00174,desktop,iOS,2.5.0,logout,378,5194,12038,1800193050,1800193428,1
logs-row-0002575,log-0002575,log-0002575,user-00175,tablet,iOS,2.4.1,login,394,5225,12075,1800193125,1800193519,1
logs-row-0002576,log-0002576,log-0002576,user-00176,phone,iOS,2.4.0,purchase,412,5256,12112,1800193200,1800193612,1
logs-row-0002577,log-0002577,log-0002577,user-00177,laptop,iOS,2.5.1,login_failed,45,5287,12149,1800193275,1800193320,0
logs-row-0002578,log-0002578,log-0002578,user-00178,desktop,iOS,2.5.0,view,453,5318,12186,1800193350,1800193803,1
logs-row-0002579,log-0002579,log-0002579,user-00179,tablet,iOS,2.4.1,logout,471,5349,12223,1800193425,1800193896,1
logs-row-0002580,log-0002580,log-0002580,user-00180,phone,iOS,2.4.0,login,485,5380,12260,1800193500,1800193985,1
logs-row-0002581,log-0002581,log-0002581,user-00181,laptop,iOS,2.5.1,purchase,510,411,12297,1800193575,1800194085,1
logs-row-0002582,log-0002582,log-0002582,user-00182,desktop,iOS,2.5.0,login_failed,45,442,12334,1800193650,1800193695,0
logs-row-0002583,log-0002583,log-0002583,user-00183,tablet,iOS,2.4.1,view,547,473,12371,1800193725,1800194272,1
logs-row-0002584,log-0002584,log-0002584,user-00184,phone,iOS,2.4.0,logout,565,504,12408,1800193800,1800194365,1
logs-row-0002585,log-0002585,log-0002585,user-00185,laptop,iOS,2.5.1,login,580,535,12445,1800193875,1800194455,1
logs-row-0002586,log-0002586,log-0002586,user-00186,desktop,iOS,2.5.0,purchase,606,566,12482,1800193950,1800194556,1
logs-row-0002587,log-0002587,log-0002587,user-00187,tablet,iOS,2.4.1,login_failed,45,597,12519,1800194025,1800194070,0
logs-row-0002588,log-0002588,log-0002588,user-00188,phone,iOS,2.4.0,view,644,628,12556,1800194100,1800194744,1
logs-row-0002589,log-0002589,log-0002589,user-00189,laptop,iOS,2.5.1,logout,658,659,12593,1800194175,1800194833,1
logs-row-0002590,log-0002590,log-0002590,user-00190,desktop,iOS,2.5.0,login,676,690,12630,1800194250,1800194926,1
logs-row-0002591,log-0002591,log-0002591,user-00191,tablet,iOS,2.4.1,purchase,697,721,12667,1800194325,1800195022,1
logs-row-0002592,log-0002592,log-0002592,user-00192,phone,iOS,2.4.0,login_failed,45,752,12704,1800194400,1800194445,0
logs-row-0002593,log-0002593,log-0002593,user-00193,laptop,iOS,2.5.1,view,733,783,12741,1800194475,1800195208,1
logs-row-0002594,log-0002594,log-0002594,user-00194,desktop,iOS,2.5.0,logout,752,814,12778,1800194550,1800195302,1
logs-row-0002595,log-0002595,log-0002595,user-00195,tablet,iOS,2.4.1,login,772,845,815,1800194625,1800195397,1
logs-row-0002596,log-0002596,log-0002596,user-00196,phone,iOS,2.4.0,purchase,795,876,852,1800194700,1800195495,1
logs-row-0002597,log-0002597,log-0002597,user-00197,laptop,iOS,2.5.1,login_failed,45,907,889,1800194775,1800194820,0
logs-row-0002598,log-0002598,log-0002598,user-00198,desktop,iOS,2.5.0,view,828,938,926,1800194850,1800195678,1
logs-row-0002599,log-0002599,log-0002599,user-00199,tablet,iOS,2.4.1,logout,853,969,963,1800194925,1800195778,1
logs-row-0002600,log-0002600,log-0002600,user-00000,phone,iOS,2.4.0,login,870,1000,1000,1800195000,1800195870,1
logs-row-0002601,log-0002601,log-0002601,user-00001,laptop,iOS,2.5.1,purchase,886,1031,1037,1800195075,1800195961,1
logs-row-0002602,log-0002602,log-0002602,user-00002,desktop,iOS,2.5.0,login_failed,45,1062,1074,1800195150,1800195195,0
logs-row-0002603,log-0002603,log-0002603,user-00003,tablet,iOS,2.4.1,view,926,1093,1111,1800195225,1800196151,1
logs-row-0002604,log-0002604,log-0002604,user-00004,phone,iOS,2.4.0,logout,946,1124,1148,1800195300,1800196246,1
logs-row-0002605,log-0002605,log-0002605,user-00005,laptop,iOS,2.5.1,login,65,1155,1185,1800195375,1800195440,1
logs-row-0002606,log-0002606,log-0002606,user-00006,desktop,iOS,2.5.0,purchase,79,1186,1222,1800195450,1800195529,1
logs-row-0002607,log-0002607,log-0002607,user-00007,tablet,iOS,2.4.1,login_failed,43,1217,1259,1800195525,1800195568,0
logs-row-0002608,log-0002608,log-0002608,user-00008,phone,iOS,2.4.0,view,118,1248,1296,1800195600,1800195718,1
logs-row-0002609,log-0002609,log-0002609,user-00009,laptop,iOS,2.5.1,logout,142,1279,1333,1800195675,1800195817,1
logs-row-0002610,log-0002610,log-0002610,user-00010,desktop,iOS,2.5.0,login,161,1310,1370,1800195750,1800195911,1
logs-row-0002611,log-0002611,log-0002611,user-00011,tablet,iOS,2.4.1,purchase,179,1341,1407,1800195825,1800196004,1
logs-row-0002612,log-0002612,log-0002612,user-00012,phone,iOS,2.4.0,login_failed,45,1372,1444,1800195900,1800195945,0
logs-row-0002613,log-0002613,log-0002613,user-00013,laptop,iOS,2.5.1,view,214,1403,1481,1800195975,1800196189,1
logs-row-0002614,log-0002614,log-0002614,user-00014,desktop,iOS,2.5.0,logout,234,1434,1518,1800196050,1800196284,1
logs-row-0002615,log-0002615,log-0002615,user-00015,tablet,iOS,2.4.1,login,253,1465,1555,1800196125,1800196378,1
logs-row-0002616,log-0002616,log-0002616,user-00016,phone,iOS,2.4.0,purchase,270,1496,1592,1800196200,1800196470,1
logs-row-0002617,log-0002617,log-0002617,user-00017,laptop,iOS,2.5.1,login_failed,45,1527,1629,1800196275,1800196320,0
logs-row-0002618,log-0002618,log-0002618,user-00018,desktop,iOS,2.5.0,view,313,1558,1666,1800196350,1800196663,1
logs-row-0002619,log-0002619,log-0002619,user-00019,tablet,iOS,2.4.1,logout,329,1589,1703,1800196425,1800196754,1
logs-row-0002620,log-0002620,log-0002620,user-00020,phone,iOS,2.4.0,login,348,1620,1740,1800196500,1800196848,1
logs-row-0002621,log-0002621,log-0002621,user-00021,laptop,iOS,2.5.1,purchase,371,1651,1777,1800196575,1800196946,1
logs-row-0002622,log-0002622,log-0002622,user-00022,desktop,iOS,2.5.0,login_failed,45,1682,1814,1800196650,1800196695,0
logs-row-0002623,log-0002623,log-0002623,user-00023,tablet,iOS,2.4.1,view,409,1713,1851,1800196725,1800197134,1
logs-row-0002624,log-0002624,log-0002624,user-00024,phone,iOS,2.4.0,logout,423,1744,1888,1800196800,1800197223,1
logs-row-0002625,log-0002625,log-0002625,user-00025,laptop,iOS,2.5.1,login,442,1775,1925,1800196875,1800197317,1
logs-row-0002626,log-0002626,log-0002626,user-00026,desktop,iOS,2.5.0,purchase,465,1806,1962,1800196950,1800197415,1
logs-row-0002627,log-0002627,log-0002627,user-00027,tablet,iOS,2.4.1,login_failed,45,1837,1999,1800197025,1800197070,0
logs-row-0002628,log-0002628,log-0002628,user-00028,phone,iOS,2.4.0,view,503,1868,2036,1800197100,1800197603,1
logs-row-0002629,log-0002629,log-0002629,user-00029,laptop,iOS,2.5.1,logout,523,1899,2073,1800197175,1800197698,1
logs-row-0002630,log-0002630,log-0002630,user-00030,desktop,iOS,2.5.0,login,536,1930,2110,1800197250,1800197786,1
logs-row-0002631,log-0002631,log-0002631,user-00031,tablet,iOS,2.4.1,purchase,557,1961,2147,1800197325,1800197882,1
logs-row-0002632,log-0002632,log-0002632,user-00032,phone,iOS,2.4.0,login_failed,45,1992,2184,1800197400,1800197445,0
logs-row-0002633,log-0002633,log-0002633,user-00033,laptop,iOS,2.5.1,view,594,2023,2221,1800197475,1800198069,1
logs-row-0002634,log-0002634,log-0002634,user-00034,desktop,iOS,2.5.0,logout,615,2054,2258,1800197550,1800198165,1
logs-row-0002635,log-0002635,log-0002635,user-00035,tablet,iOS,2.4.1,login,633,2085,2295,1800197625,1800198258,1
logs-row-0002636,log-0002636,log-0002636,user-00036,phone,iOS,2.4.0,purchase,654,2116,2332,1800197700,1800198354,1
logs-row-0002637,log-0002637,log-0002637,user-00037,laptop,iOS,2.5.1,login_failed,45,2147,2369,1800197775,1800197820,0
logs-row-0002638,log-0002638,log-0002638,user-00038,desktop,iOS,2.5.0,view,693,2178,2406,1800197850,1800198543,1
logs-row-0002639,log-0002639,log-0002639,user-00039,tablet,iOS,2.4.1,logout,707,2209,2443,1800197925,1800198632,1
logs-row-0002640,log-0002640,log-0002640,user-00040,phone,iOS,2.4.0,login,730,2240,2480,1800198000,1800198730,1
logs-row-0002641,log-0002641,log-0002641,user-00041,laptop,iOS,2.5.1,purchase,750,2271,2517,1800198075,1800198825,1
logs-row-0002642,log-0002642,log-0002642,user-00042,desktop,iOS,2.5.0,login_failed,45,2302,2554,1800198150,1800198195,0
logs-row-0002643,log-0002643,log-0002643,user-00043,tablet,iOS,2.4.1,view,782,2333,2591,1800198225,1800199007,1
logs-row-0002644,log-0002644,log-0002644,user-00044,phone,iOS,2.4.0,logout,803,2364,2628,1800198300,1800199103,1
logs-row-0002645,log-0002645,log-0002645,user-00045,laptop,iOS,2.5.1,login,821,2395,2665,1800198375,1800199196,1
logs-row-0002646,log-0002646,log-0002646,user-00046,desktop,iOS,2.5.0,purchase,840,2426,2702,1800198450,1800199290,1
logs-row-0002647,log-0002647,log-0002647,user-00047,tablet,iOS,2.4.1,login_failed,45,2457,2739,1800198525,1800198570,0
logs-row-0002648,log-0002648,log-0002648,user-00048,phone,iOS,2.4.0,view,884,2488,2776,1800198600,1800199484,1
logs-row-0002649,log-0002649,log-0002649,user-00049,laptop,iOS,2.5.1,logout,902,2519,2813,1800198675,1800199577,1
logs-row-0002650,log-0002650,log-0002650,user-00050,desktop,iOS,2.5.0,login,922,2550,2850,1800198750,1800199672,1
logs-row-0002651,log-0002651,log-0002651,user-00051,tablet,iOS,2.4.1,purchase,941,2581,2887,1800198825,1800199766,1
logs-row-0002652,log-0002652,log-0002652,user-00052,phone,iOS,2.4.0,login_failed,45,2612,2924,1800198900,1800198945,0
logs-row-0002653,log-0002653,log-0002653,user-00053,laptop,iOS,2.5.1,view,78,2643,2961,1800198975,1800199053,1
logs-row-0002654,log-0002654,log-0002654,user-00054,desktop,iOS,2.5.0,logout,92,2674,2998,1800199050,1800199142,1
logs-row-0002655,log-0002655,log-0002655,user-00055,tablet,iOS,2.4.1,login,112,2705,3035,1800199125,1800199237,1
logs-row-0002656,log-0002656,log-0002656,user-00056,phone,iOS,2.4.0,purchase,129,2736,3072,1800199200,1800199329,1
logs-row-0002657,log-0002657,log-0002657,user-00057,laptop,iOS,2.5.1,login_failed,45,2767,3109,1800199275,1800199320,0
logs-row-0002658,log-0002658,log-0002658,user-00058,desktop,iOS,2.5.0,view,172,2798,3146,1800199350,1800199522,1
logs-row-0002659,log-0002659,log-0002659,user-00059,tablet,iOS,2.4.1,logout,190,2829,3183,1800199425,1800199615,1
logs-row-0002660,log-0002660,log-0002660,user-00060,phone,iOS,2.4.0,login,208,2860,3220,1800199500,1800199708,1
logs-row-0002661,log-0002661,log-0002661,user-00061,laptop,iOS,2.5.1,purchase,225,2891,3257,1800199575,1800199800,1
logs-row-0002662,log-0002662,log-0002662,user-00062,desktop,iOS,2.5.0,login_failed,45,2922,3294,1800199650,1800199695,0
logs-row-0002663,log-0002663,log-0002663,user-00063,tablet,iOS,2.4.1,view,263,2953,3331,1800199725,1800199988,1
logs-row-0002664,log-0002664,log-0002664,user-00064,phone,iOS,2.4.0,logout,286,2984,3368,1800199800,1800200086,1
logs-row-0002665,log-0002665,log-0002665,user-00065,laptop,iOS,2.5.1,login,302,3015,3405,1800199875,1800200177,1
logs-row-0002666,log-0002666,log-0002666,user-00066,desktop,iOS,2.5.0,purchase,323,3046,3442,1800199950,1800200273,1
logs-row-0002667,log-0002667,log-0002667,user-00067,tablet,iOS,2.4.1,login_failed,45,3077,3479,1800200025,1800200070,0
logs-row-0002668,log-0002668,log-0002668,user-00068,phone,iOS,2.4.0,view,360,3108,3516,1800200100,1800200460,1
logs-row-0002669,log-0002669,log-0002669,user-00069,laptop,iOS,2.5.1,logout,379,3139,3553,1800200175,1800200554,1
logs-row-0002670,log-0002670,log-0002670,user-00070,desktop,iOS,2.5.0,login,399,3170,3590,1800200250,1800200649,1
logs-row-0002671,log-0002671,log-0002671,user-00071,tablet,iOS,2.4.1,purchase,421,3201,3627,1800200325,1800200746,1
logs-row-0002672,log-0002672,log-0002672,user-00072,phone,iOS,2.4.0,login_failed,45,3232,3664,1800200400,1800200445,0
logs-row-0002673,log-0002673,log-0002673,user-00073,laptop,iOS,2.5.1,view,452,3263,3701,1800200475,1800200927,1
logs-row-0002674,log-0002674,log-0002674,user-00074,desktop,iOS,2.5.0,logout,478,3294,3738,1800200550,1800201028,1
logs-row-0002675,log-0002675,log-0002675,user-00075,tablet,iOS,2.4.1,login,496,3325,3775,1800200625,1800201121,1
logs-row-0002676,log-0002676,log-0002676,user-00076,phone,iOS,2.4.0,purchase,509,3356,3812,1800200700,1800201209,1
logs-row-0002677,log-0002677,log-0002677,user-00077,laptop,iOS,2.5.1,login_failed,45,3387,3849,1800200775,1800200820,0
logs-row-0002678,log-0002678,log-0002678,user-00078,desktop,iOS,2.5.0,view,547,3418,3886,1800200850,1800201397,1
logs-row-0002679,log-0002679,log-0002679,user-00079,tablet,iOS,2.4.1,logout,573,3449,3923,1800200925,1800201498,1
logs-row-0002680,log-0002680,log-0002680,user-00080,phone,iOS,2.4.0,login,588,3480,3960,1800201000,1800201588,1
logs-row-0002681,log-0002681,log-0002681,user-00081,laptop,iOS,2.5.1,purchase,609,3511,3997,1800201075,1800201684,1
logs-row-0002682,log-0002682,log-0002682,user-00082,desktop,iOS,2.5.0,login_failed,45,3542,4034,1800201150,1800201195,0
logs-row-0002683,log-0002683,log-0002683,user-00083,tablet,iOS,2.4.1,view,648,3573,4071,1800201225,1800201873,1
logs-row-0002684,log-0002684,log-0002684,user-00084,phone,iOS,2.4.0,logout,664,3604,4108,1800201300,1800201964,1
logs-row-0002685,log-0002685,log-0002685,user-00085,laptop,iOS,2.5.1,login,683,3635,4145,1800201375,1800202058,1
logs-row-0002686,log-0002686,log-0002686,user-00086,desktop,iOS,2.5.0,purchase,699,3666,4182,1800201450,1800202149,1
logs-row-0002687,log-0002687,log-0002687,user-00087,tablet,iOS,2.4.1,login_failed,45,3697,4219,1800201525,1800201570,0
logs-row-0002688,log-0002688,log-0002688,user-00088,phone,iOS,2.4.0,view,737,3728,4256,1800201600,1800202337,1
logs-row-0002689,log-0002689,log-0002689,user-00089,laptop,iOS,2.5.1,logout,762,3759,4293,1800201675,1800202437,1
logs-row-0002690,log-0002690,log-0002690,user-00090,desktop,iOS,2.5.0,login,775,3790,4330,1800201750,1800202525,1
logs-row-0002691,log-0002691,log-0002691,user-00091,tablet,iOS,2.4.1,purchase,798,3821,4367,1800201825,1800202623,1
logs-row-0002692,log-0002692,log-0002692,user-00092,phone,iOS,2.4.0,login_failed,45,3852,4404,1800201900,1800201945,0
logs-row-0002693,log-0002693,log-0002693,user-00093,laptop,iOS,2.5.1,view,832,3883,4441,1800201975,1800202807,1
logs-row-0002694,log-0002694,log-0002694,user-00094,desktop,iOS,2.5.0,logout,856,3914,4478,1800202050,1800202906,1
logs-row-0002695,log-0002695,log-0002695,user-00095,tablet,iOS,2.4.1,login,872,3945,4515,1800202125,1800202997,1
logs-row-0002696,log-0002696,log-0002696,user-00096,phone,iOS,2.4.0,purchase,895,3976,4552,1800202200,1800203095,1
logs-row-0002697,log-0002697,log-0002697,user-00097,laptop,iOS,2.5.1,login_failed,45,4007,4589,1800202275,1800202320,0
logs-row-0002698,log-0002698,log-0002698,user-00098,desktop,iOS,2.5.0,view,934,4038,4626,1800202350,1800203284,1
logs-row-0002699,log-0002699,log-0002699,user-00099,tablet,iOS,2.4.1,logout,950,4069,4663,1800202425,1800203375,1
logs-row-0002700,log-0002700,log-0002700,user-00100,phone,iOS,2.4.0,login,69,4100,4700,1800202500,1800202569,1
logs-row-0002701,log-0002701,log-0002701,user-00101,laptop,iOS,2.5.1,purchase,85,4131,4737,1800202575,1800202660,1
logs-row-0002702,log-0002702,log-0002702,user-00102,desktop,iOS,2.5.0,login_failed,44,4162,4774,1800202650,1800202694,0
logs-row-0002703,log-0002703,log-0002703,user-00103,tablet,iOS,2.4.1,view,125,4193,4811,1800202725,1800202850,1
logs-row-0002704,log-0002704,log-0002704,user-00104,phone,iOS,2.4.0,logout,146,4224,4848,1800202800,1800202946,1
logs-row-0002705,log-0002705,log-0002705,user-00105,laptop,iOS,2.5.1,login,166,4255,4885,1800202875,1800203041,1
logs-row-0002706,log-0002706,log-0002706,user-00106,desktop,iOS,2.5.0,purchase,183,4286,4922,1800202950,1800203133,1
logs-row-0002707,log-0002707,log-0002707,user-00107,tablet,iOS,2.4.1,login_failed,45,4317,4959,1800203025,1800203070,0
logs-row-0002708,log-0002708,log-0002708,user-00108,phone,iOS,2.4.0,view,219,4348,4996,1800203100,1800203319,1
logs-row-0002709,log-0002709,log-0002709,user-00109,laptop,iOS,2.5.1,logout,238,4379,5033,1800203175,1800203413,1
logs-row-0002710,log-0002710,log-0002710,user-00110,desktop,iOS,2.5.0,login,257,4410,5070,1800203250,1800203507,1
logs-row-0002711,log-0002711,log-0002711,user-00111,tablet,iOS,2.4.1,purchase,275,4441,5107,1800203325,1800203600,1
logs-row-0002712,log-0002712,log-0002712,user-00112,phone,iOS,2.4.0,login_failed,45,4472,5144,1800203400,1800203445,0
logs-row-0002713,log-0002713,log-0002713,user-00113,laptop,iOS,2.5.1,view,318,4503,5181,1800203475,1800203793,1
logs-row-0002714,log-0002714,log-0002714,user-00114,desktop,iOS,2.5.0,logout,333,4534,5218,1800203550,1800203883,1
logs-row-0002715,log-0002715,log-0002715,user-00115,tablet,iOS,2.4.1,login,350,4565,5255,1800203625,1800203975,1
logs-row-0002716,log-0002716,log-0002716,user-00116,phone,iOS,2.4.0,purchase,369,4596,5292,1800203700,1800204069,1
logs-row-0002717,log-0002717,log-0002717,user-00117,laptop,iOS,2.5.1,login_failed,45,4627,5329,1800203775,1800203820,0
logs-row-0002718,log-0002718,log-0002718,user-00118,desktop,iOS,2.5.0,view,412,4658,5366,1800203850,1800204262,1
logs-row-0002719,log-0002719,log-0002719,user-00119,tablet,iOS,2.4.1,logout,426,4689,5403,1800203925,1800204351,1
logs-row-0002720,log-0002720,log-0002720,user-00120,phone,iOS,2.4.0,login,450,4720,5440,1800204000,1800204450,1
logs-row-0002721,log-0002721,log-0002721,user-00121,laptop,iOS,2.5.1,purchase,465,4751,5477,1800204075,1800204540,1
logs-row-0002722,log-0002722,log-0002722,user-00122,desktop,iOS,2.5.0,login_failed,45,4782,5514,1800204150,1800204195,0
logs-row-0002723,log-0002723,log-0002723,user-00123,tablet,iOS,2.4.1,view,503,4813,5551,1800204225,1800204728,1
logs-row-0002724,log-0002724,log-0002724,user-00124,phone,iOS,2.4.0,logout,524,4844,5588,1800204300,1800204824,1
logs-row-0002725,log-0002725,log-0002725,user-00125,laptop,iOS,2.5.1,login,543,4875,5625,1800204375,1800204918,1
logs-row-0002726,log-0002726,log-0002726,user-00126,desktop,iOS,2.5.0,purchase,565,4906,5662,1800204450,1800205015,1
logs-row-0002727,log-0002727,log-0002727,user-00127,tablet,iOS,2.4.1,login_failed,45,4937,5699,1800204525,1800204570,0
logs-row-0002728,log-0002728,log-0002728,user-00128,phone,iOS,2.4.0,view,597,4968,5736,1800204600,1800205197,1
logs-row-0002729,log-0002729,log-0002729,user-00129,laptop,iOS,2.5.1,logout,622,4999,5773,1800204675,1800205297,1
logs-row-0002730,log-0002730,log-0002730,user-00130,desktop,iOS,2.5.0,login,640,5030,5810,1800204750,1800205390,1
logs-row-0002731,log-0002731,log-0002731,user-00131,tablet,iOS,2.4.1,purchase,657,5061,5847,1800204825,1800205482,1
logs-row-0002732,log-0002732,log-0002732,user-00132,phone,iOS,2.4.0,login_failed,45,5092,5884,1800204900,1800204945,0
logs-row-0002733,log-0002733,log-0002733,user-00133,laptop,iOS,2.5.1,view,697,5123,5921,1800204975,1800205672,1
logs-row-0002734,log-0002734,log-0002734,user-00134,desktop,iOS,2.5.0,logout,716,5154,5958,1800205050,1800205766,1
logs-row-0002735,log-0002735,log-0002735,user-00135,tablet,iOS,2.4.1,login,737,5185,5995,1800205125,1800205862,1
logs-row-0002736,log-0002736,log-0002736,user-00136,phone,iOS,2.4.0,purchase,755,5216,6032,1800205200,1800205955,1
logs-row-0002737,log-0002737,log-0002737,user-00137,laptop,iOS,2.5.1,login_failed,45,5247,6069,1800205275,1800205320,0
logs-row-0002738,log-0002738,log-0002738,user-00138,desktop,iOS,2.5.0,view,788,5278,6106,1800205350,1800206138,1
logs-row-0002739,log-0002739,log-0002739,user-00139,tablet,iOS,2.4.1,logout,807,5309,6143,1800205425,1800206232,1
logs-row-0002740,log-0002740,log-0002740,user-00140,phone,iOS,2.4.0,login,830,5340,6180,1800205500,1800206330,1
logs-row-0002741,log-0002741,log-0002741,user-00141,laptop,iOS,2.5.1,purchase,844,5371,6217,1800205575,1800206419,1
logs-row-0002742,log-0002742,log-0002742,user-00142,desktop,iOS,2.5.0,login_failed,45,402,6254,1800205650,1800205695,0
logs-row-0002743,log-0002743,log-0002743,user-00143,tablet,iOS,2.4.1,view,883,433,6291,1800205725,1800206608,1
logs-row-0002744,log-0002744,log-0002744,user-00144,phone,iOS,2.4.0,logout,907,464,6328,1800205800,1800206707,1
logs-row-0002745,log-0002745,log-0002745,user-00145,laptop,iOS,2.5.1,login,927,495,6365,1800205875,1800206802,1
logs-row-0002746,log-0002746,log-0002746,user-00146,desktop,iOS,2.5.0,purchase,945,526,6402,1800205950,1800206895,1
logs-row-0002747,log-0002747,log-0002747,user-00147,tablet,iOS,2.4.1,login_failed,45,557,6439,1800206025,1800206070,0
logs-row-0002748,log-0002748,log-0002748,user-00148,phone,iOS,2.4.0,view,82,588,6476,1800206100,1800206182,1
logs-row-0002749,log-0002749,log-0002749,user-00149,laptop,iOS,2.5.1,logout,102,619,6513,1800206175,1800206277,1
logs-row-0002750,log-0002750,log-0002750,user-00150,desktop,iOS,2.5.0,login,120,650,6550,1800206250,1800206370,1
logs-row-0002751,log-0002751,log-0002751,user-00151,tablet,iOS,2.4.1,purchase,140,681,6587,1800206325,1800206465,1
logs-row-0002752,log-0002752,log-0002752,user-00152,phone,iOS,2.4.0,login_failed,45,712,6624,1800206400,1800206445,0
logs-row-0002753,log-0002753,log-0002753,user-00153,laptop,iOS,2.5.1,view,179,743,6661,1800206475,1800206654,1
logs-row-0002754,log-0002754,log-0002754,user-00154,desktop,iOS,2.5.0,logout,196,774,6698,1800206550,1800206746,1
logs-row-0002755,log-0002755,log-0002755,user-00155,tablet,iOS,2.4.1,login,210,805,6735,1800206625,1800206835,1
logs-row-0002756,log-0002756,log-0002756,user-00156,phone,iOS,2.4.0,purchase,231,836,6772,1800206700,1800206931,1
logs-row-0002757,log-0002757,log-0002757,user-00157,laptop,iOS,2.5.1,login_failed,45,867,6809,1800206775,1800206820,0
logs-row-0002758,log-0002758,log-0002758,user-00158,desktop,iOS,2.5.0,view,269,898,6846,1800206850,1800207119,1
logs-row-0002759,log-0002759,log-0002759,user-00159,tablet,iOS,2.4.1,logout,293,929,6883,1800206925,1800207218,1
logs-row-0002760,log-0002760,log-0002760,user-00160,phone,iOS,2.4.0,login,307,960,6920,1800207000,1800207307,1
logs-row-0002761,log-0002761,log-0002761,user-00161,laptop,iOS,2.5.1,purchase,327,991,6957,1800207075,1800207402,1
logs-row-0002762,log-0002762,log-0002762,user-00162,desktop,iOS,2.5.0,login_failed,45,1022,6994,1800207150,1800207195,0
logs-row-0002763,log-0002763,log-0002763,user-00163,tablet,iOS,2.4.1,view,362,1053,7031,1800207225,1800207587,1
logs-row-0002764,log-0002764,log-0002764,user-00164,phone,iOS,2.4.0,logout,387,1084,7068,1800207300,1800207687,1
logs-row-0002765,log-0002765,log-0002765,user-00165,laptop,iOS,2.5.1,login,402,1115,7105,1800207375,1800207777,1
logs-row-0002766,log-0002766,log-0002766,user-00166,desktop,iOS,2.5.0,purchase,423,1146,7142,1800207450,1800207873,1
logs-row-0002767,log-0002767,log-0002767,user-00167,tablet,iOS,2.4.1,login_failed,45,1177,7179,1800207525,1800207570,0
logs-row-0002768,log-0002768,log-0002768,user-00168,phone,iOS,2.4.0,view,462,1208,7216,1800207600,1800208062,1
logs-row-0002769,log-0002769,log-0002769,user-00169,laptop,iOS,2.5.1,logout,477,1239,7253,1800207675,1800208152,1
logs-row-0002770,log-0002770,log-0002770,user-00170,desktop,iOS,2.5.0,login,495,1270,7290,1800207750,1800208245,1
logs-row-0002771,log-0002771,log-0002771,user-00171,tablet,iOS,2.4.1,purchase,515,1301,7327,1800207825,1800208340,1
logs-row-0002772,log-0002772,log-0002772,user-00172,phone,iOS,2.4.0,login_failed,45,1332,7364,1800207900,1800207945,0
logs-row-0002773,log-0002773,log-0002773,user-00173,laptop,iOS,2.5.1,view,555,1363,7401,1800207975,1800208530,1
logs-row-0002774,log-0002774,log-0002774,user-00174,desktop,iOS,2.5.0,logout,572,1394,7438,1800208050,1800208622,1
logs-row-0002775,log-0002775,log-0002775,user-00175,tablet,iOS,2.4.1,login,594,1425,7475,1800208125,1800208719,1
logs-row-0002776,log-0002776,log-0002776,user-00176,phone,iOS,2.4.0,purchase,615,1456,7512,1800208200,1800208815,1
logs-row-0002777,log-0002777,log-0002777,user-00177,laptop,iOS,2.5.1,login_failed,45,1487,7549,1800208275,1800208320,0
logs-row-0002778,log-0002778,log-0002778,user-00178,desktop,iOS,2.5.0,view,648,1518,7586,1800208350,1800208998,1
logs-row-0002779,log-0002779,log-0002779,user-00179,tablet,iOS,2.4.1,logout,670,1549,7623,1800208425,1800209095,1
logs-row-0002780,log-0002780,log-0002780,user-00180,phone,iOS,2.4.0,login,687,1580,7660,1800208500,1800209187,1
logs-row-0002781,log-0002781,log-0002781,user-00181,laptop,iOS,2.5.1,purchase,707,1611,7697,1800208575,1800209282,1
logs-row-0002782,log-0002782,log-0002782,user-00182,desktop,iOS,2.5.0,login_failed,45,1642,7734,1800208650,1800208695,0
logs-row-0002783,log-0002783,log-0002783,user-00183,tablet,iOS,2.4.1,view,747,1673,7771,1800208725,1800209472,1
logs-row-0002784,log-0002784,log-0002784,user-00184,phone,iOS,2.4.0,logout,768,1704,7808,1800208800,1800209568,1
logs-row-0002785,log-0002785,log-0002785,user-00185,laptop,iOS,2.5.1,login,787,1735,7845,1800208875,1800209662,1
logs-row-0002786,log-0002786,log-0002786,user-00186,desktop,iOS,2.5.0,purchase,805,1766,7882,1800208950,1800209755,1
logs-row-0002787,log-0002787,log-0002787,user-00187,tablet,iOS,2.4.1,login_failed,45,1797,7919,1800209025,1800209070,0
logs-row-0002788,log-0002788,log-0002788,user-00188,phone,iOS,2.4.0,view,837,1828,7956,1800209100,1800209937,1
logs-row-0002789,log-0002789,log-0002789,user-00189,laptop,iOS,2.5.1,logout,863,1859,7993,1800209175,1800210038,1
logs-row-0002790,log-0002790,log-0002790,user-00190,desktop,iOS,2.5.0,login,878,1890,8030,1800209250,1800210128,1
logs-row-0002791,log-0002791,log-0002791,user-00191,tablet,iOS,2.4.1,purchase,895,1921,8067,1800209325,1800210220,1
logs-row-0002792,log-0002792,log-0002792,user-00192,phone,iOS,2.4.0,login_failed,45,1952,8104,1800209400,1800209445,0
logs-row-0002793,log-0002793,log-0002793,user-00193,laptop,iOS,2.5.1,view,938,1983,8141,1800209475,1800210413,1
logs-row-0002794,log-0002794,log-0002794,user-00194,desktop,iOS,2.5.0,logout,955,2014,8178,1800209550,1800210505,1
logs-row-0002795,log-0002795,log-0002795,user-00195,tablet,iOS,2.4.1,login,74,2045,8215,1800209625,1800209699,1
logs-row-0002796,log-0002796,log-0002796,user-00196,phone,iOS,2.4.0,purchase,96,2076,8252,1800209700,1800209796,1
logs-row-0002797,log-0002797,log-0002797,user-00197,laptop,iOS,2.5.1,login_failed,45,2107,8289,1800209775,1800209820,0
logs-row-0002798,log-0002798,log-0002798,user-00198,desktop,iOS,2.5.0,view,128,2138,8326,1800209850,1800209978,1
logs-row-0002799,log-0002799,log-0002799,user-00199,tablet,iOS,2.4.1,logout,153,2169,8363,1800209925,1800210078,1
logs-row-0002800,log-0002800,log-0002800,user-00000,phone,iOS,2.4.0,login,166,2200,8400,1800210000,1800210166,1
logs-row-0002801,log-0002801,log-0002801,user-00001,laptop,iOS,2.5.1,purchase,189,2231,8437,1800210075,1800210264,1
logs-row-0002802,log-0002802,log-0002802,user-00002,desktop,iOS,2.5.0,login_failed,45,2262,8474,1800210150,1800210195,0
logs-row-0002803,log-0002803,log-0002803,user-00003,tablet,iOS,2.4.1,view,224,2293,8511,1800210225,1800210449,1
logs-row-0002804,log-0002804,log-0002804,user-00004,phone,iOS,2.4.0,logout,241,2324,8548,1800210300,1800210541,1
logs-row-0002805,log-0002805,log-0002805,user-00005,laptop,iOS,2.5.1,login,260,2355,8585,1800210375,1800210635,1
logs-row-0002806,log-0002806,log-0002806,user-00006,desktop,iOS,2.5.0,purchase,279,2386,8622,1800210450,1800210729,1
logs-row-0002807,log-0002807,log-0002807,user-00007,tablet,iOS,2.4.1,login_failed,45,2417,8659,1800210525,1800210570,0
logs-row-0002808,log-0002808,log-0002808,user-00008,phone,iOS,2.4.0,view,319,2448,8696,1800210600,1800210919,1
logs-row-0002809,log-0002809,log-0002809,user-00009,laptop,iOS,2.5.1,logout,337,2479,8733,1800210675,1800211012,1
logs-row-0002810,log-0002810,log-0002810,user-00010,desktop,iOS,2.5.0,login,360,2510,8770,1800210750,1800211110,1
logs-row-0002811,log-0002811,log-0002811,user-00011,tablet,iOS,2.4.1,purchase,381,2541,8807,1800210825,1800211206,1
logs-row-0002812,log-0002812,log-0002812,user-00012,phone,iOS,2.4.0,login_failed,45,2572,8844,1800210900,1800210945,0
logs-row-0002813,log-0002813,log-0002813,user-00013,laptop,iOS,2.5.1,view,415,2603,8881,1800210975,1800211390,1
logs-row-0002814,log-0002814,log-0002814,user-00014,desktop,iOS,2.5.0,logout,431,2634,8918,1800211050,1800211481,1
logs-row-0002815,log-0002815,log-0002815,user-00015,tablet,iOS,2.4.1,login,451,2665,8955,1800211125,1800211576,1
logs-row-0002816,log-0002816,log-0002816,user-00016,phone,iOS,2.4.0,purchase,472,2696,8992,1800211200,1800211672,1
logs-row-0002817,log-0002817,log-0002817,user-00017,laptop,iOS,2.5.1,login_failed,45,2727,9029,1800211275,1800211320,0
logs-row-0002818,log-0002818,log-0002818,user-00018,desktop,iOS,2.5.0,view,512,2758,9066,1800211350,1800211862,1
logs-row-0002819,log-0002819,log-0002819,user-00019,tablet,iOS,2.4.1,logout,531,2789,9103,1800211425,1800211956,1
logs-row-0002820,log-0002820,log-0002820,user-00020,phone,iOS,2.4.0,login,545,2820,9140,1800211500,1800212045,1
logs-row-0002821,log-0002821,log-0002821,user-00021,laptop,iOS,2.5.1,purchase,565,2851,9177,1800211575,1800212140,1
logs-row-0002822,log-0002822,log-0002822,user-00022,desktop,iOS,2.5.0,login_failed,45,2882,9214,1800211650,1800211695,0
logs-row-0002823,log-0002823,log-0002823,user-00023,tablet,iOS,2.4.1,view,602,2913,9251,1800211725,1800212327,1
logs-row-0002824,log-0002824,log-0002824,user-00024,phone,iOS,2.4.0,logout,622,2944,9288,1800211800,1800212422,1
logs-row-0002825,log-0002825,log-0002825,user-00025,laptop,iOS,2.5.1,login,646,2975,9325,1800211875,1800212521,1
logs-row-0002826,log-0002826,log-0002826,user-00026,desktop,iOS,2.5.0,purchase,661,3006,9362,1800211950,1800212611,1
logs-row-0002827,log-0002827,log-0002827,user-00027,tablet,iOS,2.4.1,login_failed,45,3037,9399,1800212025,1800212070,0
logs-row-0002828,log-0002828,log-0002828,user-00028,phone,iOS,2.4.0,view,697,3068,9436,1800212100,1800212797,1
logs-row-0002829,log-0002829,log-0002829,user-00029,laptop,iOS,2.5.1,logout,718,3099,9473,1800212175,1800212893,1
logs-row-0002830,log-0002830,log-0002830,user-00030,desktop,iOS,2.5.0,login,739,3130,9510,1800212250,1800212989,1
logs-row-0002831,log-0002831,log-0002831,user-00031,tablet,iOS,2.4.1,purchase,756,3161,9547,1800212325,1800213081,1
logs-row-0002832,log-0002832,log-0002832,user-00032,phone,iOS,2.4.0,login_failed,45,3192,9584,1800212400,1800212445,0
logs-row-0002833,log-0002833,log-0002833,user-00033,laptop,iOS,2.5.1,view,798,3223,9621,1800212475,1800213273,1
logs-row-0002834,log-0002834,log-0002834,user-00034,desktop,iOS,2.5.0,logout,811,3254,9658,1800212550,1800213361,1
logs-row-0002835,log-0002835,log-0002835,user-00035,tablet,iOS,2.4.1,login,833,3285,9695,1800212625,1800213458,1
logs-row-0002836,log-0002836,log-0002836,user-00036,phone,iOS,2.4.0,purchase,851,3316,9732,1800212700,1800213551,1
logs-row-0002837,log-0002837,log-0002837,user-00037,laptop,iOS,2.5.1,login_failed,45,3347,9769,1800212775,1800212820,0
logs-row-0002838,log-0002838,log-0002838,user-00038,desktop,iOS,2.5.0,view,889,3378,9806,1800212850,1800213739,1
logs-row-0002839,log-0002839,log-0002839,user-00039,tablet,iOS,2.4.1,logout,913,3409,9843,1800212925,1800213838,1
logs-row-0002840,log-0002840,log-0002840,user-00040,phone,iOS,2.4.0,login,930,3440,9880,1800213000,1800213930,1
logs-row-0002841,log-0002841,log-0002841,user-00041,laptop,iOS,2.5.1,purchase,949,3471,9917,1800213075,1800214024,1
logs-row-0002842,log-0002842,log-0002842,user-00042,desktop,iOS,2.5.0,login_failed,6,3502,9954,1800213150,1800213156,0
logs-row-0002843,log-0002843,log-0002843,user-00043,tablet,iOS,2.4.1,view,84,3533,9991,1800213225,1800213309,1
logs-row-0002844,log-0002844,log-0002844,user-00044,phone,iOS,2.4.0,logout,101,3564,10028,1800213300,1800213401,1
logs-row-0002845,log-0002845,log-0002845,user-00045,laptop,iOS,2.5.1,login,126,3595,10065,1800213375,1800213501,1
logs-row-0002846,log-0002846,log-0002846,user-00046,desktop,iOS,2.5.0,purchase,140,3626,10102,1800213450,1800213590,1
logs-row-0002847,log-0002847,log-0002847,user-00047,tablet,iOS,2.4.1,login_failed,45,3657,10139,1800213525,1800213570,0
logs-row-0002848,log-0002848,log-0002848,user-00048,phone,iOS,2.4.0,view,181,3688,10176,1800213600,1800213781,1
logs-row-0002849,log-0002849,log-0002849,user-00049,laptop,iOS,2.5.1,logout,201,3719,10213,1800213675,1800213876,1
logs-row-0002850,log-0002850,log-0002850,user-00050,desktop,iOS,2.5.0,login,222,3750,10250,1800213750,1800213972,1
logs-row-0002851,log-0002851,log-0002851,user-00051,tablet,iOS,2.4.1,purchase,240,3781,10287,1800213825,1800214065,1
logs-row-0002852,log-0002852,log-0002852,user-00052,phone,iOS,2.4.0,login_failed,45,3812,10324,1800213900,1800213945,0
logs-row-0002853,log-0002853,log-0002853,user-00053,laptop,iOS,2.5.1,view,275,3843,10361,1800213975,1800214250,1
logs-row-0002854,log-0002854,log-0002854,user-00054,desktop,iOS,2.5.0,logout,298,3874,10398,1800214050,1800214348,1
logs-row-0002855,log-0002855,log-0002855,user-00055,tablet,iOS,2.4.1,login,315,3905,10435,1800214125,1800214440,1
logs-row-0002856,log-0002856,log-0002856,user-00056,phone,iOS,2.4.0,purchase,331,3936,10472,1800214200,1800214531,1
logs-row-0002857,log-0002857,log-0002857,user-00057,laptop,iOS,2.5.1,login_failed,45,3967,10509,1800214275,1800214320,0
logs-row-0002858,log-0002858,log-0002858,user-00058,desktop,iOS,2.5.0,view,371,3998,10546,1800214350,1800214721,1
logs-row-0002859,log-0002859,log-0002859,user-00059,tablet,iOS,2.4.1,logout,390,4029,10583,1800214425,1800214815,1
logs-row-0002860,log-0002860,log-0002860,user-00060,phone,iOS,2.4.0,login,411,4060,10620,1800214500,1800214911,1
logs-row-0002861,log-0002861,log-0002861,user-00061,laptop,iOS,2.5.1,purchase,431,4091,10657,1800214575,1800215006,1
logs-row-0002862,log-0002862,log-0002862,user-00062,desktop,iOS,2.5.0,login_failed,45,4122,10694,1800214650,1800214695,0
logs-row-0002863,log-0002863,log-0002863,user-00063,tablet,iOS,2.4.1,view,467,4153,10731,1800214725,1800215192,1
logs-row-0002864,log-0002864,log-0002864,user-00064,phone,iOS,2.4.0,logout,486,4184,10768,1800214800,1800215286,1
logs-row-0002865,log-0002865,log-0002865,user-00065,laptop,iOS,2.5.1,login,504,4215,10805,1800214875,1800215379,1
logs-row-0002866,log-0002866,log-0002866,user-00066,desktop,iOS,2.5.0,purchase,522,4246,10842,1800214950,1800215472,1
logs-row-0002867,log-0002867,log-0002867,user-00067,tablet,iOS,2.4.1,login_failed,45,4277,10879,1800215025,1800215070,0
logs-row-0002868,log-0002868,log-0002868,user-00068,phone,iOS,2.4.0,view,562,4308,10916,1800215100,1800215662,1
logs-row-0002869,log-0002869,log-0002869,user-00069,laptop,iOS,2.5.1,logout,577,4339,10953,1800215175,1800215752,1
logs-row-0002870,log-0002870,log-0002870,user-00070,desktop,iOS,2.5.0,login,602,4370,10990,1800215250,1800215852,1
logs-row-0002871,log-0002871,log-0002871,user-00071,tablet,iOS,2.4.1,purchase,616,4401,11027,1800215325,1800215941,1
logs-row-0002872,log-0002872,log-0002872,user-00072,phone,iOS,2.4.0,login_failed,45,4432,11064,1800215400,1800215445,0
logs-row-0002873,log-0002873,log-0002873,user-00073,laptop,iOS,2.5.1,view,653,4463,11101,1800215475,1800216128,1
logs-row-0002874,log-0002874,log-0002874,user-00074,desktop,iOS,2.5.0,logout,674,4494,11138,1800215550,1800216224,1
logs-row-0002875,log-0002875,log-0002875,user-00075,tablet,iOS,2.4.1,login,695,4525,11175,1800215625,1800216320,1
logs-row-0002876,log-0002876,log-0002876,user-00076,phone,iOS,2.4.0,purchase,713,4556,11212,1800215700,1800216413,1
logs-row-0002877,log-0002877,log-0002877,user-00077,laptop,iOS,2.5.1,login_failed,45,4587,11249,1800215775,1800215820,0
logs-row-0002878,log-0002878,log-0002878,user-00078,desktop,iOS,2.5.0,view,749,4618,11286,1800215850,1800216599,1
logs-row-0002879,log-0002879,log-0002879,user-00079,tablet,iOS,2.4.1,logout,773,4649,11323,1800215925,1800216698,1
logs-row-0002880,log-0002880,log-0002880,user-00080,phone,iOS,2.4.0,login,789,4680,11360,1800216000,1800216789,1
logs-row-0002881,log-0002881,log-0002881,user-00081,laptop,iOS,2.5.1,purchase,807,4711,11397,1800216075,1800216882,1
logs-row-0002882,log-0002882,log-0002882,user-00082,desktop,iOS,2.5.0,login_failed,45,4742,11434,1800216150,1800216195,0
logs-row-0002883,log-0002883,log-0002883,user-00083,tablet,iOS,2.4.1,view,849,4773,11471,1800216225,1800217074,1
logs-row-0002884,log-0002884,log-0002884,user-00084,phone,iOS,2.4.0,logout,862,4804,11508,1800216300,1800217162,1
logs-row-0002885,log-0002885,log-0002885,user-00085,laptop,iOS,2.5.1,login,886,4835,11545,1800216375,1800217261,1
logs-row-0002886,log-0002886,log-0002886,user-00086,desktop,iOS,2.5.0,purchase,902,4866,11582,1800216450,1800217352,1
logs-row-0002887,log-0002887,log-0002887,user-00087,tablet,iOS,2.4.1,login_failed,45,4897,11619,1800216525,1800216570,0
logs-row-0002888,log-0002888,log-0002888,user-00088,phone,iOS,2.4.0,view,943,4928,11656,1800216600,1800217543,1
logs-row-0002889,log-0002889,log-0002889,user-00089,laptop,iOS,2.5.1,logout,961,4959,11693,1800216675,1800217636,1
logs-row-0002890,log-0002890,log-0002890,user-00090,desktop,iOS,2.5.0,login,79,4990,11730,1800216750,1800216829,1
logs-row-0002891,log-0002891,log-0002891,user-00091,tablet,iOS,2.4.1,purchase,95,5021,11767,1800216825,1800216920,1
logs-row-0002892,log-0002892,log-0002892,user-00092,phone,iOS,2.4.0,login_failed,45,5052,11804,1800216900,1800216945,0
logs-row-0002893,log-0002893,log-0002893,user-00093,laptop,iOS,2.5.1,view,132,5083,11841,1800216975,1800217107,1
logs-row-0002894,log-0002894,log-0002894,user-00094,desktop,iOS,2.5.0,logout,156,5114,11878,1800217050,1800217206,1
logs-row-0002895,log-0002895,log-0002895,user-00095,tablet,iOS,2.4.1,login,170,5145,11915,1800217125,1800217295,1
logs-row-0002896,log-0002896,log-0002896,user-00096,phone,iOS,2.4.0,purchase,196,5176,11952,1800217200,1800217396,1
logs-row-0002897,log-0002897,log-0002897,user-00097,laptop,iOS,2.5.1,login_failed,45,5207,11989,1800217275,1800217320,0
logs-row-0002898,log-0002898,log-0002898,user-00098,desktop,iOS,2.5.0,view,229,5238,12026,1800217350,1800217579,1
logs-row-0002899,log-0002899,log-0002899,user-00099,tablet,iOS,2.4.1,logout,248,5269,12063,1800217425,1800217673,1
logs-row-0002900,log-0002900,log-0002900,user-00100,phone,iOS,2.4.0,login,272,5300,12100,1800217500,1800217772,1
logs-row-0002901,log-0002901,log-0002901,user-00101,laptop,iOS,2.5.1,purchase,288,5331,12137,1800217575,1800217863,1
logs-row-0002902,log-0002902,log-0002902,user-00102,desktop,iOS,2.5.0,login_failed,45,5362,12174,1800217650,1800217695,0
logs-row-0002903,log-0002903,log-0002903,user-00103,tablet,iOS,2.4.1,view,326,5393,12211,1800217725,1800218051,1
logs-row-0002904,log-0002904,log-0002904,user-00104,phone,iOS,2.4.0,logout,345,424,12248,1800217800,1800218145,1
logs-row-0002905,log-0002905,log-0002905,user-00105,laptop,iOS,2.5.1,login,365,455,12285,1800217875,1800218240,1
logs-row-0002906,log-0002906,log-0002906,user-00106,desktop,iOS,2.5.0,purchase,379,486,12322,1800217950,1800218329,1
logs-row-0002907,log-0002907,log-0002907,user-00107,tablet,iOS,2.4.1,login_failed,45,517,12359,1800218025,1800218070,0
logs-row-0002908,log-0002908,log-0002908,user-00108,phone,iOS,2.4.0,view,424,548,12396,1800218100,1800218524,1
logs-row-0002909,log-0002909,log-0002909,user-00109,laptop,iOS,2.5.1,logout,439,579,12433,1800218175,1800218614,1
logs-row-0002910,log-0002910,log-0002910,user-00110,desktop,iOS,2.5.0,login,461,610,12470,1800218250,1800218711,1
logs-row-0002911,log-0002911,log-0002911,user-00111,tablet,iOS,2.4.1,purchase,479,641,12507,1800218325,1800218804,1
logs-row-0002912,log-0002912,log-0002912,user-00112,phone,iOS,2.4.0,login_failed,45,672,12544,1800218400,1800218445,0
logs-row-0002913,log-0002913,log-0002913,user-00113,laptop,iOS,2.5.1,view,516,703,12581,1800218475,1800218991,1
logs-row-0002914,log-0002914,log-0002914,user-00114,desktop,iOS,2.5.0,logout,534,734,12618,1800218550,1800219084,1
logs-row-0002915,log-0002915,log-0002915,user-00115,tablet,iOS,2.4.1,login,550,765,12655,1800218625,1800219175,1
logs-row-0002916,log-0002916,log-0002916,user-00116,phone,iOS,2.4.0,purchase,574,796,12692,1800218700,1800219274,1
logs-row-0002917,log-0002917,log-0002917,user-00117,laptop,iOS,2.5.1,login_failed,45,827,12729,1800218775,1800218820,0
logs-row-0002918,log-0002918,log-0002918,user-00118,desktop,iOS,2.5.0,view,610,858,12766,1800218850,1800219460,1
logs-row-0002919,log-0002919,log-0002919,user-00119,tablet,iOS,2.4.1,logout,632,889,803,1800218925,1800219557,1
logs-row-0002920,log-0002920,log-0002920,user-00120,phone,iOS,2.4.0,login,650,920,840,1800219000,1800219650,1
logs-row-0002921,log-0002921,log-0002921,user-00121,laptop,iOS,2.5.1,purchase,670,951,877,1800219075,1800219745,1
logs-row-0002922,log-0002922,log-0002922,user-00122,desktop,iOS,2.5.0,login_failed,45,982,914,1800219150,1800219195,0
logs-row-0002923,log-0002923,log-0002923,user-00123,tablet,iOS,2.4.1,view,709,1013,951,1800219225,1800219934,1
logs-row-0002924,log-0002924,log-0002924,user-00124,phone,iOS,2.4.0,logout,723,1044,988,1800219300,1800220023,1
logs-row-0002925,log-0002925,log-0002925,user-00125,laptop,iOS,2.5.1,login,742,1075,1025,1800219375,1800220117,1
logs-row-0002926,log-0002926,log-0002926,user-00126,desktop,iOS,2.5.0,purchase,761,1106,1062,1800219450,1800220211,1
logs-row-0002927,log-0002927,log-0002927,user-00127,tablet,iOS,2.4.1,login_failed,45,1137,1099,1800219525,1800219570,0
logs-row-0002928,log-0002928,log-0002928,user-00128,phone,iOS,2.4.0,view,803,1168,1136,1800219600,1800220403,1
logs-row-0002929,log-0002929,log-0002929,user-00129,laptop,iOS,2.5.1,logout,822,1199,1173,1800219675,1800220497,1
logs-row-0002930,log-0002930,log-0002930,user-00130,desktop,iOS,2.5.0,login,841,1230,1210,1800219750,1800220591,1
logs-row-0002931,log-0002931,log-0002931,user-00131,tablet,iOS,2.4.1,purchase,860,1261,1247,1800219825,1800220685,1
logs-row-0002932,log-0002932,log-0002932,user-00132,phone,iOS,2.4.0,login_failed,45,1292,1284,1800219900,1800219945,0
logs-row-0002933,log-0002933,log-0002933,user-00133,laptop,iOS,2.5.1,view,899,1323,1321,1800219975,1800220874,1
logs-row-0002934,log-0002934,log-0002934,user-00134,desktop,iOS,2.5.0,logout,912,1354,1358,1800220050,1800220962,1
logs-row-0002935,log-0002935,log-0002935,user-00135,tablet,iOS,2.4.1,login,937,1385,1395,1800220125,1800221062,1
logs-row-0002936,log-0002936,log-0002936,user-00136,phone,iOS,2.4.0,purchase,953,1416,1432,1800220200,1800221153,1
logs-row-0002937,log-0002937,log-0002937,user-00137,laptop,iOS,2.5.1,login_failed,9,1447,1469,1800220275,1800220284,0
logs-row-0002938,log-0002938,log-0002938,user-00138,desktop,iOS,2.5.0,view,88,1478,1506,1800220350,1800220438,1
logs-row-0002939,log-0002939,log-0002939,user-00139,tablet,iOS,2.4.1,logout,109,1509,1543,1800220425,1800220534,1
logs-row-0002940,log-0002940,log-0002940,user-00140,phone,iOS,2.4.0,login,129,1540,1580,1800220500,1800220629,1
logs-row-0002941,log-0002941,log-0002941,user-00141,laptop,iOS,2.5.1,purchase,148,1571,1617,1800220575,1800220723,1
logs-row-0002942,log-0002942,log-0002942,user-00142,desktop,iOS,2.5.0,login_failed,45,1602,1654,1800220650,1800220695,0
logs-row-0002943,log-0002943,log-0002943,user-00143,tablet,iOS,2.4.1,view,189,1633,1691,1800220725,1800220914,1
logs-row-0002944,log-0002944,log-0002944,user-00144,phone,iOS,2.4.0,logout,204,1664,1728,1800220800,1800221004,1
logs-row-0002945,log-0002945,log-0002945,user-00145,laptop,iOS,2.5.1,login,226,1695,1765,1800220875,1800221101,1
logs-row-0002946,log-0002946,log-0002946,user-00146,desktop,iOS,2.5.0,purchase,241,1726,1802,1800220950,1800221191,1
logs-row-0002947,log-0002947,log-0002947,user-00147,tablet,iOS,2.4.1,login_failed,45,1757,1839,1800221025,1800221070,0
logs-row-0002948,log-0002948,log-0002948,user-00148,phone,iOS,2.4.0,view,281,1788,1876,1800221100,1800221381,1
logs-row-0002949,log-0002949,log-0002949,user-00149,laptop,iOS,2.5.1,logout,303,1819,1913,1800221175,1800221478,1
logs-row-0002950,log-0002950,log-0002950,user-00150,desktop,iOS,2.5.0,login,317,1850,1950,1800221250,1800221567,1
logs-row-0002951,log-0002951,log-0002951,user-00151,tablet,iOS,2.4.1,purchase,335,1881,1987,1800221325,1800221660,1
logs-row-0002952,log-0002952,log-0002952,user-00152,phone,iOS,2.4.0,login_failed,45,1912,2024,1800221400,1800221445,0
logs-row-0002953,log-0002953,log-0002953,user-00153,laptop,iOS,2.5.1,view,376,1943,2061,1800221475,1800221851,1
logs-row-0002954,log-0002954,log-0002954,user-00154,desktop,iOS,2.5.0,logout,392,1974,2098,1800221550,1800221942,1
logs-row-0002955,log-0002955,log-0002955,user-00155,tablet,iOS,2.4.1,login,416,2005,2135,1800221625,1800222041,1
logs-row-0002956,log-0002956,log-0002956,user-00156,phone,iOS,2.4.0,purchase,429,2036,2172,1800221700,1800222129,1
logs-row-0002957,log-0002957,log-0002957,user-00157,laptop,iOS,2.5.1,login_failed,45,2067,2209,1800221775,1800221820,0
logs-row-0002958,log-0002958,log-0002958,user-00158,desktop,iOS,2.5.0,view,471,2098,2246,1800221850,1800222321,1
logs-row-0002959,log-0002959,log-0002959,user-00159,tablet,iOS,2.4.1,logout,488,2129,2283,1800221925,1800222413,1
logs-row-0002960,log-0002960,log-0002960,user-00160,phone,iOS,2.4.0,login,511,2160,2320,1800222000,1800222511,1
logs-row-0002961,log-0002961,log-0002961,user-00161,laptop,iOS,2.5.1,purchase,529,2191,2357,1800222075,1800222604,1
logs-row-0002962,log-0002962,log-0002962,user-00162,desktop,iOS,2.5.0,login_failed,45,2222,2394,1800222150,1800222195,0
logs-row-0002963,log-0002963,log-0002963,user-00163,tablet,iOS,2.4.1,view,567,2253,2431,1800222225,1800222792,1
logs-row-0002964,log-0002964,log-0002964,user-00164,phone,iOS,2.4.0,logout,582,2284,2468,1800222300,1800222882,1
logs-row-0002965,log-0002965,log-0002965,user-00165,laptop,iOS,2.5.1,login,600,2315,2505,1800222375,1800222975,1
logs-row-0002966,log-0002966,log-0002966,user-00166,desktop,iOS,2.5.0,purchase,619,2346,2542,1800222450,1800223069,1
logs-row-0002967,log-0002967,log-0002967,user-00167,tablet,iOS,2.4.1,login_failed,45,2377,2579,1800222525,1800222570,0
logs-row-0002968,log-0002968,log-0002968,user-00168,phone,iOS,2.4.0,view,662,2408,2616,1800222600,1800223262,1
logs-row-0002969,log-0002969,log-0002969,user-00169,laptop,iOS,2.5.1,logout,681,2439,2653,1800222675,1800223356,1
logs-row-0002970,log-0002970,log-0002970,user-00170,desktop,iOS,2.5.0,login,696,2470,2690,1800222750,1800223446,1
logs-row-0002971,log-0002971,log-0002971,user-00171,tablet,iOS,2.4.1,purchase,716,2501,2727,1800222825,1800223541,1
logs-row-0002972,log-0002972,log-0002972,user-00172,phone,iOS,2.4.0,login_failed,45,2532,2764,1800222900,1800222945,0
logs-row-0002973,log-0002973,log-0002973,user-00173,laptop,iOS,2.5.1,view,758,2563,2801,1800222975,1800223733,1
logs-row-0002974,log-0002974,log-0002974,user-00174,desktop,iOS,2.5.0,logout,773,2594,2838,1800223050,1800223823,1
logs-row-0002975,log-0002975,log-0002975,user-00175,tablet,iOS,2.4.1,login,791,2625,2875,1800223125,1800223916,1
logs-row-0002976,log-0002976,log-0002976,user-00176,phone,iOS,2.4.0,purchase,813,2656,2912,1800223200,1800224013,1
logs-row-0002977,log-0002977,log-0002977,user-00177,laptop,iOS,2.5.1,login_failed,45,2687,2949,1800223275,1800223320,0
logs-row-0002978,log-0002978,log-0002978,user-00178,desktop,iOS,2.5.0,view,847,2718,2986,1800223350,1800224197,1
logs-row-0002979,log-0002979,log-0002979,user-00179,tablet,iOS,2.4.1,logout,868,2749,3023,1800223425,1800224293,1
logs-row-0002980,log-0002980,log-0002980,user-00180,phone,iOS,2.4.0,login,891,2780,3060,1800223500,1800224391,1
logs-row-0002981,log-0002981,log-0002981,user-00181,laptop,iOS,2.5.1,purchase,907,2811,3097,1800223575,1800224482,1
logs-row-0002982,log-0002982,log-0002982,user-00182,desktop,iOS,2.5.0,login_failed,45,2842,3134,1800223650,1800223695,0
logs-row-0002983,log-0002983,log-0002983,user-00183,tablet,iOS,2.4.1,view,943,2873,3171,1800223725,1800224668,1
logs-row-0002984,log-0002984,log-0002984,user-00184,phone,iOS,2.4.0,logout,66,2904,3208,1800223800,1800223866,1
logs-row-0002985,log-0002985,log-0002985,user-00185,laptop,iOS,2.5.1,login,86,2935,3245,1800223875,1800223961,1
logs-row-0002986,log-0002986,log-0002986,user-00186,desktop,iOS,2.5.0,purchase,102,2966,3282,1800223950,1800224052,1
logs-row-0002987,log-0002987,log-0002987,user-00187,tablet,iOS,2.4.1,login_failed,45,2997,3319,1800224025,1800224070,0
logs-row-0002988,log-0002988,log-0002988,user-00188,phone,iOS,2.4.0,view,144,3028,3356,1800224100,1800224244,1
logs-row-0002989,log-0002989,log-0002989,user-00189,laptop,iOS,2.5.1,logout,159,3059,3393,1800224175,1800224334,1
logs-row-0002990,log-0002990,log-0002990,user-00190,desktop,iOS,2.5.0,login,175,3090,3430,1800224250,1800224425,1
logs-row-0002991,log-0002991,log-0002991,user-00191,tablet,iOS,2.4.1,purchase,200,3121,3467,1800224325,1800224525,1
logs-row-0002992,log-0002992,log-0002992,user-00192,phone,iOS,2.4.0,login_failed,45,3152,3504,1800224400,1800224445,0
logs-row-0002993,log-0002993,log-0002993,user-00193,laptop,iOS,2.5.1,view,232,3183,3541,1800224475,1800224707,1
logs-row-0002994,log-0002994,log-0002994,user-00194,desktop,iOS,2.5.0,logout,252,3214,3578,1800224550,1800224802,1
logs-row-0002995,log-0002995,log-0002995,user-00195,tablet,iOS,2.4.1,login,277,3245,3615,1800224625,1800224902,1
logs-row-0002996,log-0002996,log-0002996,user-00196,phone,iOS,2.4.0,purchase,293,3276,3652,1800224700,1800224993,1
logs-row-0002997,log-0002997,log-0002997,user-00197,laptop,iOS,2.5.1,login_failed,45,3307,3689,1800224775,1800224820,0
logs-row-0002998,log-0002998,log-0002998,user-00198,desktop,iOS,2.5.0,view,333,3338,3726,1800224850,1800225183,1
logs-row-0002999,log-0002999,log-0002999,user-00199,tablet,iOS,2.4.1,logout,348,3369,3763,1800224925,1800225273,1
logs-row-0003000,log-0003000,log-0003000,user-00000,phone,iOS,2.4.0,login,366,3400,3800,1800225000,1800225366,1
logs-row-0003001,log-0003001,log-0003001,user-00001,laptop,iOS,2.5.1,purchase,390,3431,3837,1800225075,1800225465,1
logs-row-0003002,log-0003002,log-0003002,user-00002,desktop,iOS,2.5.0,login_failed,45,3462,3874,1800225150,1800225195,0
logs-row-0003003,log-0003003,log-0003003,user-00003,tablet,iOS,2.4.1,view,422,3493,3911,1800225225,1800225647,1
logs-row-0003004,log-0003004,log-0003004,user-00004,phone,iOS,2.4.0,logout,442,3524,3948,1800225300,1800225742,1
logs-row-0003005,log-0003005,log-0003005,user-00005,laptop,iOS,2.5.1,login,466,3555,3985,1800225375,1800225841,1
logs-row-0003006,log-0003006,log-0003006,user-00006,desktop,iOS,2.5.0,purchase,484,3586,4022,1800225450,1800225934,1
logs-row-0003007,log-0003007,log-0003007,user-00007,tablet,iOS,2.4.1,login_failed,45,3617,4059,1800225525,1800225570,0
logs-row-0003008,log-0003008,log-0003008,user-00008,phone,iOS,2.4.0,view,522,3648,4096,1800225600,1800226122,1
logs-row-0003009,log-0003009,log-0003009,user-00009,laptop,iOS,2.5.1,logout,540,3679,4133,1800225675,1800226215,1
logs-row-0003010,log-0003010,log-0003010,user-00010,desktop,iOS,2.5.0,login,561,3710,4170,1800225750,1800226311,1
logs-row-0003011,log-0003011,log-0003011,user-00011,tablet,iOS,2.4.1,purchase,576,3741,4207,1800225825,1800226401,1
logs-row-0003012,log-0003012,log-0003012,user-00012,phone,iOS,2.4.0,login_failed,45,3772,4244,1800225900,1800225945,0
logs-row-0003013,log-0003013,log-0003013,user-00013,laptop,iOS,2.5.1,view,614,3803,4281,1800225975,1800226589,1
logs-row-0003014,log-0003014,log-0003014,user-00014,desktop,iOS,2.5.0,logout,633,3834,4318,1800226050,1800226683,1
logs-row-0003015,log-0003015,log-0003015,user-00015,tablet,iOS,2.4.1,login,650,3865,4355,1800226125,1800226775,1
logs-row-0003016,log-0003016,log-0003016,user-00016,phone,iOS,2.4.0,purchase,672,3896,4392,1800226200,1800226872,1
logs-row-0003017,log-0003017,log-0003017,user-00017,laptop,iOS,2.5.1,login_failed,45,3927,4429,1800226275,1800226320,0
logs-row-0003018,log-0003018,log-0003018,user-00018,desktop,iOS,2.5.0,view,713,3958,4466,1800226350,1800227063,1
logs-row-0003019,log-0003019,log-0003019,user-00019,tablet,iOS,2.4.1,logout,726,3989,4503,1800226425,1800227151,1
logs-row-0003020,log-0003020,log-0003020,user-00020,phone,iOS,2.4.0,login,749,4020,4540,1800226500,1800227249,1
logs-row-0003021,log-0003021,log-0003021,user-00021,laptop,iOS,2.5.1,purchase,767,4051,4577,1800226575,1800227342,1
logs-row-0003022,log-0003022,log-0003022,user-00022,desktop,iOS,2.5.0,login_failed,45,4082,4614,1800226650,1800226695,0
logs-row-0003023,log-0003023,log-0003023,user-00023,tablet,iOS,2.4.1,view,803,4113,4651,1800226725,1800227528,1
logs-row-0003024,log-0003024,log-0003024,user-00024,phone,iOS,2.4.0,logout,828,4144,4688,1800226800,1800227628,1
logs-row-0003025,log-0003025,log-0003025,user-00025,laptop,iOS,2.5.1,login,842,4175,4725,1800226875,1800227717,1
logs-row-0003026,log-0003026,log-0003026,user-00026,desktop,iOS,2.5.0,purchase,866,4206,4762,1800226950,1800227816,1
logs-row-0003027,log-0003027,log-0003027,user-00027,tablet,iOS,2.4.1,login_failed,45,4237,4799,1800227025,1800227070,0
logs-row-0003028,log-0003028,log-0003028,user-00028,phone,iOS,2.4.0,view,901,4268,4836,1800227100,1800228001,1
logs-row-0003029,log-0003029,log-0003029,user-00029,laptop,iOS,2.5.1,logout,920,4299,4873,1800227175,1800228095,1
logs-row-0003030,log-0003030,log-0003030,user-00030,desktop,iOS,2.5.0,login,941,4330,4910,1800227250,1800228191,1
logs-row-0003031,log-0003031,log-0003031,user-00031,tablet,iOS,2.4.1,purchase,961,4361,4947,1800227325,1800228286,1
logs-row-0003032,log-0003032,log-0003032,user-00032,phone,iOS,2.4.0,login_failed,19,4392,4984,1800227400,1800227419,0
logs-row-0003033,log-0003033,log-0003033,user-00033,laptop,iOS,2.5.1,view,96,4423,5021,1800227475,1800227571,1
logs-row-0003034,log-0003034,log-0003034,user-00034,desktop,iOS,2.5.0,logout,117,4454,5058,1800227550,1800227667,1
logs-row-0003035,log-0003035,log-0003035,user-00035,tablet,iOS,2.4.1,login,133,4485,5095,1800227625,1800227758,1
logs-row-0003036,log-0003036,log-0003036,user-00036,phone,iOS,2.4.0,purchase,154,4516,5132,1800227700,1800227854,1
logs-row-0003037,log-0003037,log-0003037,user-00037,laptop,iOS,2.5.1,login_failed,45,4547,5169,1800227775,1800227820,0
logs-row-0003038,log-0003038,log-0003038,user-00038,desktop,iOS,2.5.0,view,192,4578,5206,1800227850,1800228042,1
logs-row-0003039,log-0003039,log-0003039,user-00039,tablet,iOS,2.4.1,logout,206,4609,5243,1800227925,1800228131,1
logs-row-0003040,log-0003040,log-0003040,user-00040,phone,iOS,2.4.0,login,230,4640,5280,1800228000,1800228230,1
logs-row-0003041,log-0003041,log-0003041,user-00041,laptop,iOS,2.5.1,purchase,250,4671,5317,1800228075,1800228325,1
logs-row-0003042,log-0003042,log-0003042,user-00042,desktop,iOS,2.5.0,login_failed,45,4702,5354,1800228150,1800228195,0
logs-row-0003043,log-0003043,log-0003043,user-00043,tablet,iOS,2.4.1,view,286,4733,5391,1800228225,1800228511,1
logs-row-0003044,log-0003044,log-0003044,user-00044,phone,iOS,2.4.0,logout,304,4764,5428,1800228300,1800228604,1
logs-row-0003045,log-0003045,log-0003045,user-00045,laptop,iOS,2.5.1,login,320,4795,5465,1800228375,1800228695,1
logs-row-0003046,log-0003046,log-0003046,user-00046,desktop,iOS,2.5.0,purchase,339,4826,5502,1800228450,1800228789,1
logs-row-0003047,log-0003047,log-0003047,user-00047,tablet,iOS,2.4.1,login_failed,45,4857,5539,1800228525,1800228570,0
logs-row-0003048,log-0003048,log-0003048,user-00048,phone,iOS,2.4.0,view,378,4888,5576,1800228600,1800228978,1
logs-row-0003049,log-0003049,log-0003049,user-00049,laptop,iOS,2.5.1,logout,399,4919,5613,1800228675,1800229074,1
logs-row-0003050,log-0003050,log-0003050,user-00050,desktop,iOS,2.5.0,login,416,4950,5650,1800228750,1800229166,1
logs-row-0003051,log-0003051,log-0003051,user-00051,tablet,iOS,2.4.1,purchase,437,4981,5687,1800228825,1800229262,1
logs-row-0003052,log-0003052,log-0003052,user-00052,phone,iOS,2.4.0,login_failed,45,5012,5724,1800228900,1800228945,0
logs-row-0003053,log-0003053,log-0003053,user-00053,laptop,iOS,2.5.1,view,476,5043,5761,1800228975,1800229451,1
logs-row-0003054,log-0003054,log-0003054,user-00054,desktop,iOS,2.5.0,logout,498,5074,5798,1800229050,1800229548,1
logs-row-0003055,log-0003055,log-0003055,user-00055,tablet,iOS,2.4.1,login,511,5105,5835,1800229125,1800229636,1
logs-row-0003056,log-0003056,log-0003056,user-00056,phone,iOS,2.4.0,purchase,533,5136,5872,1800229200,1800229733,1
logs-row-0003057,log-0003057,log-0003057,user-00057,laptop,iOS,2.5.1,login_failed,45,5167,5909,1800229275,1800229320,0
logs-row-0003058,log-0003058,log-0003058,user-00058,desktop,iOS,2.5.0,view,573,5198,5946,1800229350,1800229923,1
logs-row-0003059,log-0003059,log-0003059,user-00059,tablet,iOS,2.4.1,logout,593,5229,5983,1800229425,1800230018,1
logs-row-0003060,log-0003060,log-0003060,user-00060,phone,iOS,2.4.0,login,608,5260,6020,1800229500,1800230108,1
logs-row-0003061,log-0003061,log-0003061,user-00061,laptop,iOS,2.5.1,purchase,629,5291,6057,1800229575,1800230204,1
logs-row-0003062,log-0003062,log-0003062,user-00062,desktop,iOS,2.5.0,login_failed,45,5322,6094,1800229650,1800229695,0
logs-row-0003063,log-0003063,log-0003063,user-00063,tablet,iOS,2.4.1,view,662,5353,6131,1800229725,1800230387,1
logs-row-0003064,log-0003064,log-0003064,user-00064,phone,iOS,2.4.0,logout,685,5384,6168,1800229800,1800230485,1
logs-row-0003065,log-0003065,log-0003065,user-00065,laptop,iOS,2.5.1,login,704,415,6205,1800229875,1800230579,1
logs-row-0003066,log-0003066,log-0003066,user-00066,desktop,iOS,2.5.0,purchase,721,446,6242,1800229950,1800230671,1
logs-row-0003067,log-0003067,log-0003067,user-00067,tablet,iOS,2.4.1,login_failed,45,477,6279,1800230025,1800230070,0
logs-row-0003068,log-0003068,log-0003068,user-00068,phone,iOS,2.4.0,view,757,508,6316,1800230100,1800230857,1
logs-row-0003069,log-0003069,log-0003069,user-00069,laptop,iOS,2.5.1,logout,776,539,6353,1800230175,1800230951,1
logs-row-0003070,log-0003070,log-0003070,user-00070,desktop,iOS,2.5.0,login,802,570,6390,1800230250,1800231052,1
logs-row-0003071,log-0003071,log-0003071,user-00071,tablet,iOS,2.4.1,purchase,817,601,6427,1800230325,1800231142,1
logs-row-0003072,log-0003072,log-0003072,user-00072,phone,iOS,2.4.0,login_failed,45,632,6464,1800230400,1800230445,0
logs-row-0003073,log-0003073,log-0003073,user-00073,laptop,iOS,2.5.1,view,855,663,6501,1800230475,1800231330,1
logs-row-0003074,log-0003074,log-0003074,user-00074,desktop,iOS,2.5.0,logout,877,694,6538,1800230550,1800231427,1
logs-row-0003075,log-0003075,log-0003075,user-00075,tablet,iOS,2.4.1,login,893,725,6575,1800230625,1800231518,1
logs-row-0003076,log-0003076,log-0003076,user-00076,phone,iOS,2.4.0,purchase,912,756,6612,1800230700,1800231612,1
logs-row-0003077,log-0003077,log-0003077,user-00077,laptop,iOS,2.5.1,login_failed,45,787,6649,1800230775,1800230820,0
logs-row-0003078,log-0003078,log-0003078,user-00078,desktop,iOS,2.5.0,view,950,818,6686,1800230850,1800231800,1
logs-row-0003079,log-0003079,log-0003079,user-00079,tablet,iOS,2.4.1,logout,72,849,6723,1800230925,1800230997,1
logs-row-0003080,log-0003080,log-0003080,user-00080,phone,iOS,2.4.0,login,88,880,6760,1800231000,1800231088,1
logs-row-0003081,log-0003081,log-0003081,user-00081,laptop,iOS,2.5.1,purchase,109,911,6797,1800231075,1800231184,1
logs-row-0003082,log-0003082,log-0003082,user-00082,desktop,iOS,2.5.0,login_failed,45,942,6834,1800231150,1800231195,0
logs-row-0003083,log-0003083,log-0003083,user-00083,tablet,iOS,2.4.1,view,149,973,6871,1800231225,1800231374,1
logs-row-0003084,log-0003084,log-0003084,user-00084,phone,iOS,2.4.0,logout,165,1004,6908,1800231300,1800231465,1
logs-row-0003085,log-0003085,log-0003085,user-00085,laptop,iOS,2.5.1,login,185,1035,6945,1800231375,1800231560,1
logs-row-0003086,log-0003086,log-0003086,user-00086,desktop,iOS,2.5.0,purchase,204,1066,6982,1800231450,1800231654,1
logs-row-0003087,log-0003087,log-0003087,user-00087,tablet,iOS,2.4.1,login_failed,45,1097,7019,1800231525,1800231570,0
logs-row-0003088,log-0003088,log-0003088,user-00088,phone,iOS,2.4.0,view,240,1128,7056,1800231600,1800231840,1
logs-row-0003089,log-0003089,log-0003089,user-00089,laptop,iOS,2.5.1,logout,257,1159,7093,1800231675,1800231932,1
logs-row-0003090,log-0003090,log-0003090,user-00090,desktop,iOS,2.5.0,login,275,1190,7130,1800231750,1800232025,1
logs-row-0003091,log-0003091,log-0003091,user-00091,tablet,iOS,2.4.1,purchase,295,1221,7167,1800231825,1800232120,1
logs-row-0003092,log-0003092,log-0003092,user-00092,phone,iOS,2.4.0,login_failed,45,1252,7204,1800231900,1800231945,0
logs-row-0003093,log-0003093,log-0003093,user-00093,laptop,iOS,2.5.1,view,332,1283,7241,1800231975,1800232307,1
logs-row-0003094,log-0003094,log-0003094,user-00094,desktop,iOS,2.5.0,logout,358,1314,7278,1800232050,1800232408,1
logs-row-0003095,log-0003095,log-0003095,user-00095,tablet,iOS,2.4.1,login,373,1345,7315,1800232125,1800232498,1
logs-row-0003096,log-0003096,log-0003096,user-00096,phone,iOS,2.4.0,purchase,391,1376,7352,1800232200,1800232591,1
logs-row-0003097,log-0003097,log-0003097,user-00097,laptop,iOS,2.5.1,login_failed,45,1407,7389,1800232275,1800232320,0
logs-row-0003098,log-0003098,log-0003098,user-00098,desktop,iOS,2.5.0,view,431,1438,7426,1800232350,1800232781,1
logs-row-0003099,log-0003099,log-0003099,user-00099,tablet,iOS,2.4.1,logout,450,1469,7463,1800232425,1800232875,1
logs-row-0003100,log-0003100,log-0003100,user-00100,phone,iOS,2.4.0,login,465,1500,7500,1800232500,1800232965,1
logs-row-0003101,log-0003101,log-0003101,user-00101,laptop,iOS,2.5.1,purchase,487,1531,7537,1800232575,1800233062,1
logs-row-0003102,log-0003102,log-0003102,user-00102,desktop,iOS,2.5.0,login_failed,45,1562,7574,1800232650,1800232695,0
logs-row-0003103,log-0003103,log-0003103,user-00103,tablet,iOS,2.4.1,view,522,1593,7611,1800232725,1800233247,1
logs-row-0003104,log-0003104,log-0003104,user-00104,phone,iOS,2.4.0,logout,547,1624,7648,1800232800,1800233347,1
logs-row-0003105,log-0003105,log-0003105,user-00105,laptop,iOS,2.5.1,login,564,1655,7685,1800232875,1800233439,1
logs-row-0003106,log-0003106,log-0003106,user-00106,desktop,iOS,2.5.0,purchase,580,1686,7722,1800232950,1800233530,1
logs-row-0003107,log-0003107,log-0003107,user-00107,tablet,iOS,2.4.1,login_failed,45,1717,7759,1800233025,1800233070,0
logs-row-0003108,log-0003108,log-0003108,user-00108,phone,iOS,2.4.0,view,620,1748,7796,1800233100,1800233720,1
logs-row-0003109,log-0003109,log-0003109,user-00109,laptop,iOS,2.5.1,logout,640,1779,7833,1800233175,1800233815,1
logs-row-0003110,log-0003110,log-0003110,user-00110,desktop,iOS,2.5.0,login,657,1810,7870,1800233250,1800233907,1
logs-row-0003111,log-0003111,log-0003111,user-00111,tablet,iOS,2.4.1,purchase,681,1841,7907,1800233325,1800234006,1
logs-row-0003112,log-0003112,log-0003112,user-00112,phone,iOS,2.4.0,login_failed,45,1872,7944,1800233400,1800233445,0
logs-row-0003113,log-0003113,log-0003113,user-00113,laptop,iOS,2.5.1,view,716,1903,7981,1800233475,1800234191,1
logs-row-0003114,log-0003114,log-0003114,user-00114,desktop,iOS,2.5.0,logout,731,1934,8018,1800233550,1800234281,1
logs-row-0003115,log-0003115,log-0003115,user-00115,tablet,iOS,2.4.1,login,752,1965,8055,1800233625,1800234377,1
logs-row-0003116,log-0003116,log-0003116,user-00116,phone,iOS,2.4.0,purchase,775,1996,8092,1800233700,1800234475,1
logs-row-0003117,log-0003117,log-0003117,user-00117,laptop,iOS,2.5.1,login_failed,45,2027,8129,1800233775,1800233820,0
logs-row-0003118,log-0003118,log-0003118,user-00118,desktop,iOS,2.5.0,view,811,2058,8166,1800233850,1800234661,1
logs-row-0003119,log-0003119,log-0003119,user-00119,tablet,iOS,2.4.1,logout,830,2089,8203,1800233925,1800234755,1
logs-row-0003120,log-0003120,log-0003120,user-00120,phone,iOS,2.4.0,login,846,2120,8240,1800234000,1800234846,1
logs-row-0003121,log-0003121,log-0003121,user-00121,laptop,iOS,2.5.1,purchase,870,2151,8277,1800234075,1800234945,1
logs-row-0003122,log-0003122,log-0003122,user-00122,desktop,iOS,2.5.0,login_failed,45,2182,8314,1800234150,1800234195,0
logs-row-0003123,log-0003123,log-0003123,user-00123,tablet,iOS,2.4.1,view,909,2213,8351,1800234225,1800235134,1
logs-row-0003124,log-0003124,log-0003124,user-00124,phone,iOS,2.4.0,logout,928,2244,8388,1800234300,1800235228,1
logs-row-0003125,log-0003125,log-0003125,user-00125,laptop,iOS,2.5.1,login,944,2275,8425,1800234375,1800235319,1
logs-row-0003126,log-0003126,log-0003126,user-00126,desktop,iOS,2.5.0,purchase,964,2306,8462,1800234450,1800235414,1
logs-row-0003127,log-0003127,log-0003127,user-00127,tablet,iOS,2.4.1,login_failed,24,2337,8499,1800234525,1800234549,0
logs-row-0003128,log-0003128,log-0003128,user-00128,phone,iOS,2.4.0,view,98,2368,8536,1800234600,1800234698,1
logs-row-0003129,log-0003129,log-0003129,user-00129,laptop,iOS,2.5.1,logout,117,2399,8573,1800234675,1800234792,1
logs-row-0003130,log-0003130,log-0003130,user-00130,desktop,iOS,2.5.0,login,136,2430,8610,1800234750,1800234886,1
logs-row-0003131,log-0003131,log-0003131,user-00131,tablet,iOS,2.4.1,purchase,156,2461,8647,1800234825,1800234981,1
logs-row-0003132,log-0003132,log-0003132,user-00132,phone,iOS,2.4.0,login_failed,45,2492,8684,1800234900,1800234945,0
logs-row-0003133,log-0003133,log-0003133,user-00133,laptop,iOS,2.5.1,view,196,2523,8721,1800234975,1800235171,1
logs-row-0003134,log-0003134,log-0003134,user-00134,desktop,iOS,2.5.0,logout,213,2554,8758,1800235050,1800235263,1
logs-row-0003135,log-0003135,log-0003135,user-00135,tablet,iOS,2.4.1,login,235,2585,8795,1800235125,1800235360,1
logs-row-0003136,log-0003136,log-0003136,user-00136,phone,iOS,2.4.0,purchase,252,2616,8832,1800235200,1800235452,1
logs-row-0003137,log-0003137,log-0003137,user-00137,laptop,iOS,2.5.1,login_failed,45,2647,8869,1800235275,1800235320,0
logs-row-0003138,log-0003138,log-0003138,user-00138,desktop,iOS,2.5.0,view,290,2678,8906,1800235350,1800235640,1
logs-row-0003139,log-0003139,log-0003139,user-00139,tablet,iOS,2.4.1,logout,309,2709,8943,1800235425,1800235734,1
logs-row-0003140,log-0003140,log-0003140,user-00140,phone,iOS,2.4.0,login,325,2740,8980,1800235500,1800235825,1
logs-row-0003141,log-0003141,log-0003141,user-00141,laptop,iOS,2.5.1,purchase,349,2771,9017,1800235575,1800235924,1
logs-row-0003142,log-0003142,log-0003142,user-00142,desktop,iOS,2.5.0,login_failed,45,2802,9054,1800235650,1800235695,0
logs-row-0003143,log-0003143,log-0003143,user-00143,tablet,iOS,2.4.1,view,387,2833,9091,1800235725,1800236112,1
logs-row-0003144,log-0003144,log-0003144,user-00144,phone,iOS,2.4.0,logout,407,2864,9128,1800235800,1800236207,1
logs-row-0003145,log-0003145,log-0003145,user-00145,laptop,iOS,2.5.1,login,421,2895,9165,1800235875,1800236296,1
logs-row-0003146,log-0003146,log-0003146,user-00146,desktop,iOS,2.5.0,purchase,444,2926,9202,1800235950,1800236394,1
logs-row-0003147,log-0003147,log-0003147,user-00147,tablet,iOS,2.4.1,login_failed,45,2957,9239,1800236025,1800236070,0
logs-row-0003148,log-0003148,log-0003148,user-00148,phone,iOS,2.4.0,view,479,2988,9276,1800236100,1800236579,1
logs-row-0003149,log-0003149,log-0003149,user-00149,laptop,iOS,2.5.1,logout,503,3019,9313,1800236175,1800236678,1
logs-row-0003150,log-0003150,log-0003150,user-00150,desktop,iOS,2.5.0,login,519,3050,9350,1800236250,1800236769,1
logs-row-0003151,log-0003151,log-0003151,user-00151,tablet,iOS,2.4.1,purchase,537,3081,9387,1800236325,1800236862,1
logs-row-0003152,log-0003152,log-0003152,user-00152,phone,iOS,2.4.0,login_failed,45,3112,9424,1800236400,1800236445,0
logs-row-0003153,log-0003153,log-0003153,user-00153,laptop,iOS,2.5.1,view,574,3143,9461,1800236475,1800237049,1
logs-row-0003154,log-0003154,log-0003154,user-00154,desktop,iOS,2.5.0,logout,597,3174,9498,1800236550,1800237147,1
logs-row-0003155,log-0003155,log-0003155,user-00155,tablet,iOS,2.4.1,login,610,3205,9535,1800236625,1800237235,1
logs-row-0003156,log-0003156,log-0003156,user-00156,phone,iOS,2.4.0,purchase,636,3236,9572,1800236700,1800237336,1
logs-row-0003157,log-0003157,log-0003157,user-00157,laptop,iOS,2.5.1,login_failed,45,3267,9609,1800236775,1800236820,0
logs-row-0003158,log-0003158,log-0003158,user-00158,desktop,iOS,2.5.0,view,672,3298,9646,1800236850,1800237522,1
logs-row-0003159,log-0003159,log-0003159,user-00159,tablet,iOS,2.4.1,logout,690,3329,9683,1800236925,1800237615,1
logs-row-0003160,log-0003160,log-0003160,user-00160,phone,iOS,2.4.0,login,708,3360,9720,1800237000,1800237708,1
logs-row-0003161,log-0003161,log-0003161,user-00161,laptop,iOS,2.5.1,purchase,727,3391,9757,1800237075,1800237802,1
logs-row-0003162,log-0003162,log-0003162,user-00162,desktop,iOS,2.5.0,login_failed,45,3422,9794,1800237150,1800237195,0
logs-row-0003163,log-0003163,log-0003163,user-00163,tablet,iOS,2.4.1,view,765,3453,9831,1800237225,1800237990,1
logs-row-0003164,log-0003164,log-0003164,user-00164,phone,iOS,2.4.0,logout,785,3484,9868,1800237300,1800238085,1
logs-row-0003165,log-0003165,log-0003165,user-00165,laptop,iOS,2.5.1,login,805,3515,9905,1800237375,1800238180,1
logs-row-0003166,log-0003166,log-0003166,user-00166,desktop,iOS,2.5.0,purchase,825,3546,9942,1800237450,1800238275,1
logs-row-0003167,log-0003167,log-0003167,user-00167,tablet,iOS,2.4.1,login_failed,45,3577,9979,1800237525,1800237570,0
logs-row-0003168,log-0003168,log-0003168,user-00168,phone,iOS,2.4.0,view,859,3608,10016,1800237600,1800238459,1
logs-row-0003169,log-0003169,log-0003169,user-00169,laptop,iOS,2.5.1,logout,882,3639,10053,1800237675,1800238557,1
logs-row-0003170,log-0003170,log-0003170,user-00170,desktop,iOS,2.5.0,login,897,3670,10090,1800237750,1800238647,1
logs-row-0003171,log-0003171,log-0003171,user-00171,tablet,iOS,2.4.1,purchase,919,3701,10127,1800237825,1800238744,1
logs-row-0003172,log-0003172,log-0003172,user-00172,phone,iOS,2.4.0,login_failed,45,3732,10164,1800237900,1800237945,0
logs-row-0003173,log-0003173,log-0003173,user-00173,laptop,iOS,2.5.1,view,954,3763,10201,1800237975,1800238929,1
logs-row-0003174,log-0003174,log-0003174,user-00174,desktop,iOS,2.5.0,logout,71,3794,10238,1800238050,1800238121,1
logs-row-0003175,log-0003175,log-0003175,user-00175,tablet,iOS,2.4.1,login,96,3825,10275,1800238125,1800238221,1
logs-row-0003176,log-0003176,log-0003176,user-00176,phone,iOS,2.4.0,purchase,115,3856,10312,1800238200,1800238315,1
logs-row-0003177,log-0003177,log-0003177,user-00177,laptop,iOS,2.5.1,login_failed,45,3887,10349,1800238275,1800238320,0
logs-row-0003178,log-0003178,log-0003178,user-00178,desktop,iOS,2.5.0,view,154,3918,10386,1800238350,1800238504,1
logs-row-0003179,log-0003179,log-0003179,user-00179,tablet,iOS,2.4.1,logout,167,3949,10423,1800238425,1800238592,1
logs-row-0003180,log-0003180,log-0003180,user-00180,phone,iOS,2.4.0,login,189,3980,10460,1800238500,1800238689,1
logs-row-0003181,log-0003181,log-0003181,user-00181,laptop,iOS,2.5.1,purchase,211,4011,10497,1800238575,1800238786,1
logs-row-0003182,log-0003182,log-0003182,user-00182,desktop,iOS,2.5.0,login_failed,45,4042,10534,1800238650,1800238695,0
logs-row-0003183,log-0003183,log-0003183,user-00183,tablet,iOS,2.4.1,view,245,4073,10571,1800238725,1800238970,1
logs-row-0003184,log-0003184,log-0003184,user-00184,phone,iOS,2.4.0,logout,266,4104,10608,1800238800,1800239066,1
logs-row-0003185,log-0003185,log-0003185,user-00185,laptop,iOS,2.5.1,login,285,4135,10645,1800238875,1800239160,1
logs-row-0003186,log-0003186,log-0003186,user-00186,desktop,iOS,2.5.0,purchase,306,4166,10682,1800238950,1800239256,1
logs-row-0003187,log-0003187,log-0003187,user-00187,tablet,iOS,2.4.1,login_failed,45,4197,10719,1800239025,1800239070,0
logs-row-0003188,log-0003188,log-0003188,user-00188,phone,iOS,2.4.0,view,339,4228,10756,1800239100,1800239439,1
logs-row-0003189,log-0003189,log-0003189,user-00189,laptop,iOS,2.5.1,logout,358,4259,10793,1800239175,1800239533,1
logs-row-0003190,log-0003190,log-0003190,user-00190,desktop,iOS,2.5.0,login,375,4290,10830,1800239250,1800239625,1
logs-row-0003191,log-0003191,log-0003191,user-00191,tablet,iOS,2.4.1,purchase,394,4321,10867,1800239325,1800239719,1
logs-row-0003192,log-0003192,log-0003192,user-00192,phone,iOS,2.4.0,login_failed,45,4352,10904,1800239400,1800239445,0
logs-row-0003193,log-0003193,log-0003193,user-00193,laptop,iOS,2.5.1,view,438,4383,10941,1800239475,1800239913,1
logs-row-0003194,log-0003194,log-0003194,user-00194,desktop,iOS,2.5.0,logout,454,4414,10978,1800239550,1800240004,1
logs-row-0003195,log-0003195,log-0003195,user-00195,tablet,iOS,2.4.1,login,472,4445,11015,1800239625,1800240097,1
logs-row-0003196,log-0003196,log-0003196,user-00196,phone,iOS,2.4.0,purchase,493,4476,11052,1800239700,1800240193,1
logs-row-0003197,log-0003197,log-0003197,user-00197,laptop,iOS,2.5.1,login_failed,45,4507,11089,1800239775,1800239820,0
logs-row-0003198,log-0003198,log-0003198,user-00198,desktop,iOS,2.5.0,view,529,4538,11126,1800239850,1800240379,1
logs-row-0003199,log-0003199,log-0003199,user-00199,tablet,iOS,2.4.1,logout,551,4569,11163,1800239925,1800240476,1
logs-row-0003200,log-0003200,log-0003200,user-00000,phone,iOS,2.4.0,login,569,4600,11200,1800240000,1800240569,1
logs-row-0003201,log-0003201,log-0003201,user-00001,laptop,iOS,2.5.1,purchase,584,4631,11237,1800240075,1800240659,1
logs-row-0003202,log-0003202,log-0003202,user-00002,desktop,iOS,2.5.0,login_failed,45,4662,11274,1800240150,1800240195,0
logs-row-0003203,log-0003203,log-0003203,user-00003,tablet,iOS,2.4.1,view,629,4693,11311,1800240225,1800240854,1
logs-row-0003204,log-0003204,log-0003204,user-00004,phone,iOS,2.4.0,logout,644,4724,11348,1800240300,1800240944,1
logs-row-0003205,log-0003205,log-0003205,user-00005,laptop,iOS,2.5.1,login,663,4755,11385,1800240375,1800241038,1
logs-row-0003206,log-0003206,log-0003206,user-00006,desktop,iOS,2.5.0,purchase,681,4786,11422,1800240450,1800241131,1
logs-row-0003207,log-0003207,log-0003207,user-00007,tablet,iOS,2.4.1,login_failed,45,4817,11459,1800240525,1800240570,0
logs-row-0003208,log-0003208,log-0003208,user-00008,phone,iOS,2.4.0,view,718,4848,11496,1800240600,1800241318,1
logs-row-0003209,log-0003209,log-0003209,user-00009,laptop,iOS,2.5.1,logout,742,4879,11533,1800240675,1800241417,1
logs-row-0003210,log-0003210,log-0003210,user-00010,desktop,iOS,2.5.0,login,756,4910,11570,1800240750,1800241506,1
logs-row-0003211,log-0003211,log-0003211,user-00011,tablet,iOS,2.4.1,purchase,781,4941,11607,1800240825,1800241606,1
logs-row-0003212,log-0003212,log-0003212,user-00012,phone,iOS,2.4.0,login_failed,45,4972,11644,1800240900,1800240945,0
logs-row-0003213,log-0003213,log-0003213,user-00013,laptop,iOS,2.5.1,view,813,5003,11681,1800240975,1800241788,1
logs-row-0003214,log-0003214,log-0003214,user-00014,desktop,iOS,2.5.0,logout,834,5034,11718,1800241050,1800241884,1
logs-row-0003215,log-0003215,log-0003215,user-00015,tablet,iOS,2.4.1,login,852,5065,11755,1800241125,1800241977,1
logs-row-0003216,log-0003216,log-0003216,user-00016,phone,iOS,2.4.0,purchase,869,5096,11792,1800241200,1800242069,1
logs-row-0003217,log-0003217,log-0003217,user-00017,laptop,iOS,2.5.1,login_failed,45,5127,11829,1800241275,1800241320,0
logs-row-0003218,log-0003218,log-0003218,user-00018,desktop,iOS,2.5.0,view,914,5158,11866,1800241350,1800242264,1
logs-row-0003219,log-0003219,log-0003219,user-00019,tablet,iOS,2.4.1,logout,931,5189,11903,1800241425,1800242356,1
logs-row-0003220,log-0003220,log-0003220,user-00020,phone,iOS,2.4.0,login,947,5220,11940,1800241500,1800242447,1
logs-row-0003221,log-0003221,log-0003221,user-00021,laptop,iOS,2.5.1,purchase,68,5251,11977,1800241575,1800241643,1
logs-row-0003222,log-0003222,log-0003222,user-00022,desktop,iOS,2.5.0,login_failed,30,5282,12014,1800241650,1800241680,0
logs-row-0003223,log-0003223,log-0003223,user-00023,tablet,iOS,2.4.1,view,104,5313,12051,1800241725,1800241829,1
logs-row-0003224,log-0003224,log-0003224,user-00024,phone,iOS,2.4.0,logout,124,5344,12088,1800241800,1800241924,1
logs-row-0003225,log-0003225,log-0003225,user-00025,laptop,iOS,2.5.1,login,142,5375,12125,1800241875,1800242017,1
logs-row-0003226,log-0003226,log-0003226,user-00026,desktop,iOS,2.5.0,purchase,166,406,12162,1800241950,1800242116,1
logs-row-0003227,log-0003227,log-0003227,user-00027,tablet,iOS,2.4.1,login_failed,45,437,12199,1800242025,1800242070,0
logs-row-0003228,log-0003228,log-0003228,user-00028,phone,iOS,2.4.0,view,199,468,12236,1800242100,1800242299,1
logs-row-0003229,log-0003229,log-0003229,user-00029,laptop,iOS,2.5.1,logout,222,499,12273,1800242175,1800242397,1
logs-row-0003230,log-0003230,log-0003230,user-00030,desktop,iOS,2.5.0,login,238,530,12310,1800242250,1800242488,1
logs-row-0003231,log-0003231,log-0003231,user-00031,tablet,iOS,2.4.1,purchase,261,561,12347,1800242325,1800242586,1
logs-row-0003232,log-0003232,log-0003232,user-00032,phone,iOS,2.4.0,login_failed,45,592,12384,1800242400,1800242445,0
logs-row-0003233,log-0003233,log-0003233,user-00033,laptop,iOS,2.5.1,view,298,623,12421,1800242475,1800242773,1
logs-row-0003234,log-0003234,log-0003234,user-00034,desktop,iOS,2.5.0,logout,314,654,12458,1800242550,1800242864,1
logs-row-0003235,log-0003235,log-0003235,user-00035,tablet,iOS,2.4.1,login,334,685,12495,1800242625,1800242959,1
logs-row-0003236,log-0003236,log-0003236,user-00036,phone,iOS,2.4.0,purchase,354,716,12532,1800242700,1800243054,1
logs-row-0003237,log-0003237,log-0003237,user-00037,laptop,iOS,2.5.1,login_failed,45,747,12569,1800242775,1800242820,0
logs-row-0003238,log-0003238,log-0003238,user-00038,desktop,iOS,2.5.0,view,393,778,12606,1800242850,1800243243,1
logs-row-0003239,log-0003239,log-0003239,user-00039,tablet,iOS,2.4.1,logout,408,809,12643,1800242925,1800243333,1
logs-row-0003240,log-0003240,log-0003240,user-00040,phone,iOS,2.4.0,login,427,840,12680,1800243000,1800243427,1
logs-row-0003241,log-0003241,log-0003241,user-00041,laptop,iOS,2.5.1,purchase,447,871,12717,1800243075,1800243522,1
logs-row-0003242,log-0003242,log-0003242,user-00042,desktop,iOS,2.5.0,login_failed,45,902,12754,1800243150,1800243195,0
logs-row-0003243,log-0003243,log-0003243,user-00043,tablet,iOS,2.4.1,view,488,933,12791,1800243225,1800243713,1
logs-row-0003244,log-0003244,log-0003244,user-00044,phone,iOS,2.4.0,logout,501,964,828,1800243300,1800243801,1
logs-row-0003245,log-0003245,log-0003245,user-00045,laptop,iOS,2.5.1,login,523,995,865,1800243375,1800243898,1
logs-row-0003246,log-0003246,log-0003246,user-00046,desktop,iOS,2.5.0,purchase,543,1026,902,1800243450,1800243993,1
logs-row-0003247,log-0003247,log-0003247,user-00047,tablet,iOS,2.4.1,login_failed,45,1057,939,1800243525,1800243570,0
logs-row-0003248,log-0003248,log-0003248,user-00048,phone,iOS,2.4.0,view,584,1088,976,1800243600,1800244184,1
logs-row-0003249,log-0003249,log-0003249,user-00049,laptop,iOS,2.5.1,logout,596,1119,1013,1800243675,1800244271,1
logs-row-0003250,log-0003250,log-0003250,user-00050,desktop,iOS,2.5.0,login,617,1150,1050,1800243750,1800244367,1
logs-row-0003251,log-0003251,log-0003251,user-00051,tablet,iOS,2.4.1,purchase,635,1181,1087,1800243825,1800244460,1
logs-row-0003252,log-0003252,log-0003252,user-00052,phone,iOS,2.4.0,login_failed,45,1212,1124,1800243900,1800243945,0
logs-row-0003253,log-0003253,log-0003253,user-00053,laptop,iOS,2.5.1,view,676,1243,1161,1800243975,1800244651,1
logs-row-0003254,log-0003254,log-0003254,user-00054,desktop,iOS,2.5.0,logout,698,1274,1198,1800244050,1800244748,1
logs-row-0003255,log-0003255,log-0003255,user-00055,tablet,iOS,2.4.1,login,716,1305,1235,1800244125,1800244841,1
logs-row-0003256,log-0003256,log-0003256,user-00056,phone,iOS,2.4.0,purchase,733,1336,1272,1800244200,1800244933,1
logs-row-0003257,log-0003257,log-0003257,user-00057,laptop,iOS,2.5.1,login_failed,45,1367,1309,1800244275,1800244320,0
logs-row-0003258,log-0003258,log-0003258,user-00058,desktop,iOS,2.5.0,view,769,1398,1346,1800244350,1800245119,1
logs-row-0003259,log-0003259,log-0003259,user-00059,tablet,iOS,2.4.1,logout,789,1429,1383,1800244425,1800245214,1
logs-row-0003260,log-0003260,log-0003260,user-00060,phone,iOS,2.4.0,login,807,1460,1420,1800244500,1800245307,1
logs-row-0003261,log-0003261,log-0003261,user-00061,laptop,iOS,2.5.1,purchase,828,1491,1457,1800244575,1800245403,1
logs-row-0003262,log-0003262,log-0003262,user-00062,desktop,iOS,2.5.0,login_failed,45,1522,1494,1800244650,1800244695,0
logs-row-0003263,log-0003263,log-0003263,user-00063,tablet,iOS,2.4.1,view,864,1553,1531,1800244725,1800245589,1
logs-row-0003264,log-0003264,log-0003264,user-00064,phone,iOS,2.4.0,logout,881,1584,1568,1800244800,1800245681,1
logs-row-0003265,log-0003265,log-0003265,user-00065,laptop,iOS,2.5.1,login,906,1615,1605,1800244875,1800245781,1
logs-row-0003266,log-0003266,log-0003266,user-00066,desktop,iOS,2.5.0,purchase,922,1646,1642,1800244950,1800245872,1
logs-row-0003267,log-0003267,log-0003267,user-00067,tablet,iOS,2.4.1,login_failed,45,1677,1679,1800245025,1800245070,0
logs-row-0003268,log-0003268,log-0003268,user-00068,phone,iOS,2.4.0,view,964,1708,1716,1800245100,1800246064,1
logs-row-0003269,log-0003269,log-0003269,user-00069,laptop,iOS,2.5.1,logout,78,1739,1753,1800245175,1800245253,1
logs-row-0003270,log-0003270,log-0003270,user-00070,desktop,iOS,2.5.0,login,102,1770,1790,1800245250,1800245352,1
logs-row-0003271,log-0003271,log-0003271,user-00071,tablet,iOS,2.4.1,purchase,119,1801,1827,1800245325,1800245444,1
logs-row-0003272,log-0003272,log-0003272,user-00072,phone,iOS,2.4.0,login_failed,45,1832,1864,1800245400,1800245445,0
logs-row-0003273,log-0003273,log-0003273,user-00073,laptop,iOS,2.5.1,view,153,1863,1901,1800245475,1800245628,1
logs-row-0003274,log-0003274,log-0003274,user-00074,desktop,iOS,2.5.0,logout,177,1894,1938,1800245550,1800245727,1
logs-row-0003275,log-0003275,log-0003275,user-00075,tablet,iOS,2.4.1,login,190,1925,1975,1800245625,1800245815,1
logs-row-0003276,log-0003276,log-0003276,user-00076,phone,iOS,2.4.0,purchase,216,1956,2012,1800245700,1800245916,1
logs-row-0003277,log-0003277,log-0003277,user-00077,laptop,iOS,2.5.1,login_failed,45,1987,2049,1800245775,1800245820,0
logs-row-0003278,log-0003278,log-0003278,user-00078,desktop,iOS,2.5.0,view,253,2018,2086,1800245850,1800246103,1
logs-row-0003279,log-0003279,log-0003279,user-00079,tablet,iOS,2.4.1,logout,269,2049,2123,1800245925,1800246194,1
logs-row-0003280,log-0003280,log-0003280,user-00080,phone,iOS,2.4.0,login,286,2080,2160,1800246000,1800246286,1
logs-row-0003281,log-0003281,log-0003281,user-00081,laptop,iOS,2.5.1,purchase,307,2111,2197,1800246075,1800246382,1
logs-row-0003282,log-0003282,log-0003282,user-00082,desktop,iOS,2.5.0,login_failed,45,2142,2234,1800246150,1800246195,0
logs-row-0003283,log-0003283,log-0003283,user-00083,tablet,iOS,2.4.1,view,346,2173,2271,1800246225,1800246571,1
logs-row-0003284,log-0003284,log-0003284,user-00084,phone,iOS,2.4.0,logout,368,2204,2308,1800246300,1800246668,1
logs-row-0003285,log-0003285,log-0003285,user-00085,laptop,iOS,2.5.1,login,386,2235,2345,1800246375,1800246761,1
logs-row-0003286,log-0003286,log-0003286,user-00086,desktop,iOS,2.5.0,purchase,404,2266,2382,1800246450,1800246854,1
logs-row-0003287,log-0003287,log-0003287,user-00087,tablet,iOS,2.4.1,login_failed,45,2297,2419,1800246525,1800246570,0
logs-row-0003288,log-0003288,log-0003288,user-00088,phone,iOS,2.4.0,view,444,2328,2456,1800246600,1800247044,1
logs-row-0003289,log-0003289,log-0003289,user-00089,laptop,iOS,2.5.1,logout,460,2359,2493,1800246675,1800247135,1
logs-row-0003290,log-0003290,log-0003290,user-00090,desktop,iOS,2.5.0,login,480,2390,2530,1800246750,1800247230,1
logs-row-0003291,log-0003291,log-0003291,user-00091,tablet,iOS,2.4.1,purchase,496,2421,2567,1800246825,1800247321,1
logs-row-0003292,log-0003292,log-0003292,user-00092,phone,iOS,2.4.0,login_failed,45,2452,2604,1800246900,1800246945,0
logs-row-0003293,log-0003293,log-0003293,user-00093,laptop,iOS,2.5.1,view,538,2483,2641,1800246975,1800247513,1
logs-row-0003294,log-0003294,log-0003294,user-00094,desktop,iOS,2.5.0,logout,558,2514,2678,1800247050,1800247608,1
logs-row-0003295,log-0003295,log-0003295,user-00095,tablet,iOS,2.4.1,login,574,2545,2715,1800247125,1800247699,1
logs-row-0003296,log-0003296,log-0003296,user-00096,phone,iOS,2.4.0,purchase,589,2576,2752,1800247200,1800247789,1
logs-row-0003297,log-0003297,log-0003297,user-00097,laptop,iOS,2.5.1,login_failed,45,2607,2789,1800247275,1800247320,0
logs-row-0003298,log-0003298,log-0003298,user-00098,desktop,iOS,2.5.0,view,629,2638,2826,1800247350,1800247979,1
logs-row-0003299,log-0003299,log-0003299,user-00099,tablet,iOS,2.4.1,logout,650,2669,2863,1800247425,1800248075,1
logs-row-0003300,log-0003300,log-0003300,user-00100,phone,iOS,2.4.0,login,672,2700,2900,1800247500,1800248172,1
logs-row-0003301,log-0003301,log-0003301,user-00101,laptop,iOS,2.5.1,purchase,689,2731,2937,1800247575,1800248264,1
logs-row-0003302,log-0003302,log-0003302,user-00102,desktop,iOS,2.5.0,login_failed,45,2762,2974,1800247650,1800247695,0
logs-row-0003303,log-0003303,log-0003303,user-00103,tablet,iOS,2.4.1,view,725,2793,3011,1800247725,1800248450,1
logs-row-0003304,log-0003304,log-0003304,user-00104,phone,iOS,2.4.0,logout,745,2824,3048,1800247800,1800248545,1
logs-row-0003305,log-0003305,log-0003305,user-00105,laptop,iOS,2.5.1,login,761,2855,3085,1800247875,1800248636,1
logs-row-0003306,log-0003306,log-0003306,user-00106,desktop,iOS,2.5.0,purchase,784,2886,3122,1800247950,1800248734,1
logs-row-0003307,log-0003307,log-0003307,user-00107,tablet,iOS,2.4.1,login_failed,45,2917,3159,1800248025,1800248070,0
logs-row-0003308,log-0003308,log-0003308,user-00108,phone,iOS,2.4.0,view,817,2948,3196,1800248100,1800248917,1
logs-row-0003309,log-0003309,log-0003309,user-00109,laptop,iOS,2.5.1,logout,843,2979,3233,1800248175,1800249018,1
logs-row-0003310,log-0003310,log-0003310,user-00110,desktop,iOS,2.5.0,login,862,3010,3270,1800248250,1800249112,1
logs-row-0003311,log-0003311,log-0003311,user-00111,tablet,iOS,2.4.1,purchase,881,3041,3307,1800248325,1800249206,1
logs-row-0003312,log-0003312,log-0003312,user-00112,phone,iOS,2.4.0,login_failed,45,3072,3344,1800248400,1800248445,0
logs-row-0003313,log-0003313,log-0003313,user-00113,laptop,iOS,2.5.1,view,919,3103,3381,1800248475,1800249394,1
logs-row-0003314,log-0003314,log-0003314,user-00114,desktop,iOS,2.5.0,logout,936,3134,3418,1800248550,1800249486,1
logs-row-0003315,log-0003315,log-0003315,user-00115,tablet,iOS,2.4.1,login,957,3165,3455,1800248625,1800249582,1
logs-row-0003316,log-0003316,log-0003316,user-00116,phone,iOS,2.4.0,purchase,76,3196,3492,1800248700,1800248776,1
logs-row-0003317,log-0003317,log-0003317,user-00117,laptop,iOS,2.5.1,login_failed,33,3227,3529,1800248775,1800248808,0
logs-row-0003318,log-0003318,log-0003318,user-00118,desktop,iOS,2.5.0,view,111,3258,3566,1800248850,1800248961,1
logs-row-0003319,log-0003319,log-0003319,user-00119,tablet,iOS,2.4.1,logout,133,3289,3603,1800248925,1800249058,1
logs-row-0003320,log-0003320,log-0003320,user-00120,phone,iOS,2.4.0,login,150,3320,3640,1800249000,1800249150,1
logs-row-0003321,log-0003321,log-0003321,user-00121,laptop,iOS,2.5.1,purchase,167,3351,3677,1800249075,1800249242,1
logs-row-0003322,log-0003322,log-0003322,user-00122,desktop,iOS,2.5.0,login_failed,45,3382,3714,1800249150,1800249195,0
logs-row-0003323,log-0003323,log-0003323,user-00123,tablet,iOS,2.4.1,view,208,3413,3751,1800249225,1800249433,1
logs-row-0003324,log-0003324,log-0003324,user-00124,phone,iOS,2.4.0,logout,223,3444,3788,1800249300,1800249523,1
logs-row-0003325,log-0003325,log-0003325,user-00125,laptop,iOS,2.5.1,login,246,3475,3825,1800249375,1800249621,1
logs-row-0003326,log-0003326,log-0003326,user-00126,desktop,iOS,2.5.0,purchase,264,3506,3862,1800249450,1800249714,1
logs-row-0003327,log-0003327,log-0003327,user-00127,tablet,iOS,2.4.1,login_failed,45,3537,3899,1800249525,1800249570,0
logs-row-0003328,log-0003328,log-0003328,user-00128,phone,iOS,2.4.0,view,298,3568,3936,1800249600,1800249898,1
logs-row-0003329,log-0003329,log-0003329,user-00129,laptop,iOS,2.5.1,logout,322,3599,3973,1800249675,1800249997,1
logs-row-0003330,log-0003330,log-0003330,user-00130,desktop,iOS,2.5.0,login,338,3630,4010,1800249750,1800250088,1
logs-row-0003331,log-0003331,log-0003331,user-00131,tablet,iOS,2.4.1,purchase,357,3661,4047,1800249825,1800250182,1
logs-row-0003332,log-0003332,log-0003332,user-00132,phone,iOS,2.4.0,login_failed,45,3692,4084,1800249900,1800249945,0
logs-row-0003333,log-0003333,log-0003333,user-00133,laptop,iOS,2.5.1,view,397,3723,4121,1800249975,1800250372,1
logs-row-0003334,log-0003334,log-0003334,user-00134,desktop,iOS,2.5.0,logout,415,3754,4158,1800250050,1800250465,1
logs-row-0003335,log-0003335,log-0003335,user-00135,tablet,iOS,2.4.1,login,434,3785,4195,1800250125,1800250559,1
logs-row-0003336,log-0003336,log-0003336,user-00136,phone,iOS,2.4.0,purchase,451,3816,4232,1800250200,1800250651,1
logs-row-0003337,log-0003337,log-0003337,user-00137,laptop,iOS,2.5.1,login_failed,45,3847,4269,1800250275,1800250320,0
logs-row-0003338,log-0003338,log-0003338,user-00138,desktop,iOS,2.5.0,view,493,3878,4306,1800250350,1800250843,1
logs-row-0003339,log-0003339,log-0003339,user-00139,tablet,iOS,2.4.1,logout,511,3909,4343,1800250425,1800250936,1
logs-row-0003340,log-0003340,log-0003340,user-00140,phone,iOS,2.4.0,login,531,3940,4380,1800250500,1800251031,1
logs-row-0003341,log-0003341,log-0003341,user-00141,laptop,iOS,2.5.1,purchase,551,3971,4417,1800250575,1800251126,1
logs-row-0003342,log-0003342,log-0003342,user-00142,desktop,iOS,2.5.0,login_failed,45,4002,4454,1800250650,1800250695,0
logs-row-0003343,log-0003343,log-0003343,user-00143,tablet,iOS,2.4.1,view,587,4033,4491,1800250725,1800251312,1
logs-row-0003344,log-0003344,log-0003344,user-00144,phone,iOS,2.4.0,logout,607,4064,4528,1800250800,1800251407,1
logs-row-0003345,log-0003345,log-0003345,user-00145,laptop,iOS,2.5.1,login,624,4095,4565,1800250875,1800251499,1
logs-row-0003346,log-0003346,log-0003346,user-00146,desktop,iOS,2.5.0,purchase,645,4126,4602,1800250950,1800251595,1
logs-row-0003347,log-0003347,log-0003347,user-00147,tablet,iOS,2.4.1,login_failed,45,4157,4639,1800251025,1800251070,0
logs-row-0003348,log-0003348,log-0003348,user-00148,phone,iOS,2.4.0,view,682,4188,4676,1800251100,1800251782,1
logs-row-0003349,log-0003349,log-0003349,user-00149,laptop,iOS,2.5.1,logout,697,4219,4713,1800251175,1800251872,1
logs-row-0003350,log-0003350,log-0003350,user-00150,desktop,iOS,2.5.0,login,717,4250,4750,1800251250,1800251967,1
logs-row-0003351,log-0003351,log-0003351,user-00151,tablet,iOS,2.4.1,purchase,738,4281,4787,1800251325,1800252063,1
logs-row-0003352,log-0003352,log-0003352,user-00152,phone,iOS,2.4.0,login_failed,45,4312,4824,1800251400,1800251445,0
logs-row-0003353,log-0003353,log-0003353,user-00153,laptop,iOS,2.5.1,view,772,4343,4861,1800251475,1800252247,1
logs-row-0003354,log-0003354,log-0003354,user-00154,desktop,iOS,2.5.0,logout,793,4374,4898,1800251550,1800252343,1
logs-row-0003355,log-0003355,log-0003355,user-00155,tablet,iOS,2.4.1,login,811,4405,4935,1800251625,1800252436,1
logs-row-0003356,log-0003356,log-0003356,user-00156,phone,iOS,2.4.0,purchase,834,4436,4972,1800251700,1800252534,1
logs-row-0003357,log-0003357,log-0003357,user-00157,laptop,iOS,2.5.1,login_failed,45,4467,5009,1800251775,1800251820,0
logs-row-0003358,log-0003358,log-0003358,user-00158,desktop,iOS,2.5.0,view,873,4498,5046,1800251850,1800252723,1
logs-row-0003359,log-0003359,log-0003359,user-00159,tablet,iOS,2.4.1,logout,888,4529,5083,1800251925,1800252813,1
logs-row-0003360,log-0003360,log-0003360,user-00160,phone,iOS,2.4.0,login,908,4560,5120,1800252000,1800252908,1
logs-row-0003361,log-0003361,log-0003361,user-00161,laptop,iOS,2.5.1,purchase,925,4591,5157,1800252075,1800253000,1
logs-row-0003362,log-0003362,log-0003362,user-00162,desktop,iOS,2.5.0,login_failed,45,4622,5194,1800252150,1800252195,0
logs-row-0003363,log-0003363,log-0003363,user-00163,tablet,iOS,2.4.1,view,68,4653,5231,1800252225,1800252293,1
logs-row-0003364,log-0003364,log-0003364,user-00164,phone,iOS,2.4.0,logout,88,4684,5268,1800252300,1800252388,1
logs-row-0003365,log-0003365,log-0003365,user-00165,laptop,iOS,2.5.1,login,104,4715,5305,1800252375,1800252479,1
logs-row-0003366,log-0003366,log-0003366,user-00166,desktop,iOS,2.5.0,purchase,121,4746,5342,1800252450,1800252571,1
logs-row-0003367,log-0003367,log-0003367,user-00167,tablet,iOS,2.4.1,login_failed,45,4777,5379,1800252525,1800252570,0
logs-row-0003368,log-0003368,log-0003368,user-00168,phone,iOS,2.4.0,view,162,4808,5416,1800252600,1800252762,1
logs-row-0003369,log-0003369,log-0003369,user-00169,laptop,iOS,2.5.1,logout,179,4839,5453,1800252675,1800252854,1
logs-row-0003370,log-0003370,log-0003370,user-00170,desktop,iOS,2.5.0,login,200,4870,5490,1800252750,1800252950,1
logs-row-0003371,log-0003371,log-0003371,user-00171,tablet,iOS,2.4.1,purchase,218,4901,5527,1800252825,1800253043,1
logs-row-0003372,log-0003372,log-0003372,user-00172,phone,iOS,2.4.0,login_failed,45,4932,5564,1800252900,1800252945,0
logs-row-0003373,log-0003373,log-0003373,user-00173,laptop,iOS,2.5.1,view,256,4963,5601,1800252975,1800253231,1
logs-row-0003374,log-0003374,log-0003374,user-00174,desktop,iOS,2.5.0,logout,273,4994,5638,1800253050,1800253323,1
logs-row-0003375,log-0003375,log-0003375,user-00175,tablet,iOS,2.4.1,login,290,5025,5675,1800253125,1800253415,1
logs-row-0003376,log-0003376,log-0003376,user-00176,phone,iOS,2.4.0,purchase,309,5056,5712,1800253200,1800253509,1
logs-row-0003377,log-0003377,log-0003377,user-00177,laptop,iOS,2.5.1,login_failed,45,5087,5749,1800253275,1800253320,0
logs-row-0003378,log-0003378,log-0003378,user-00178,desktop,iOS,2.5.0,view,350,5118,5786,1800253350,1800253700,1
logs-row-0003379,log-0003379,log-0003379,user-00179,tablet,iOS,2.4.1,logout,372,5149,5823,1800253425,1800253797,1
logs-row-0003380,log-0003380,log-0003380,user-00180,phone,iOS,2.4.0,login,392,5180,5860,1800253500,1800253892,1
logs-row-0003381,log-0003381,log-0003381,user-00181,laptop,iOS,2.5.1,purchase,409,5211,5897,1800253575,1800253984,1
logs-row-0003382,log-0003382,log-0003382,user-00182,desktop,iOS,2.5.0,login_failed,45,5242,5934,1800253650,1800253695,0
logs-row-0003383,log-0003383,log-0003383,user-00183,tablet,iOS,2.4.1,view,444,5273,5971,1800253725,1800254169,1
logs-row-0003384,log-0003384,log-0003384,user-00184,phone,iOS,2.4.0,logout,467,5304,6008,1800253800,1800254267,1
logs-row-0003385,log-0003385,log-0003385,user-00185,laptop,iOS,2.5.1,login,485,5335,6045,1800253875,1800254360,1
logs-row-0003386,log-0003386,log-0003386,user-00186,desktop,iOS,2.5.0,purchase,505,5366,6082,1800253950,1800254455,1
logs-row-0003387,log-0003387,log-0003387,user-00187,tablet,iOS,2.4.1,login_failed,45,5397,6119,1800254025,1800254070,0
logs-row-0003388,log-0003388,log-0003388,user-00188,phone,iOS,2.4.0,view,538,428,6156,1800254100,1800254638,1
logs-row-0003389,log-0003389,log-0003389,user-00189,laptop,iOS,2.5.1,logout,561,459,6193,1800254175,1800254736,1
logs-row-0003390,log-0003390,log-0003390,user-00190,desktop,iOS,2.5.0,login,578,490,6230,1800254250,1800254828,1
logs-row-0003391,log-0003391,log-0003391,user-00191,tablet,iOS,2.4.1,purchase,595,521,6267,1800254325,1800254920,1
logs-row-0003392,log-0003392,log-0003392,user-00192,phone,iOS,2.4.0,login_failed,45,552,6304,1800254400,1800254445,0
logs-row-0003393,log-0003393,log-0003393,user-00193,laptop,iOS,2.5.1,view,636,583,6341,1800254475,1800255111,1
logs-row-0003394,log-0003394,log-0003394,user-00194,desktop,iOS,2.5.0,logout,658,614,6378,1800254550,1800255208,1
logs-row-0003395,log-0003395,log-0003395,user-00195,tablet,iOS,2.4.1,login,676,645,6415,1800254625,1800255301,1
logs-row-0003396,log-0003396,log-0003396,user-00196,phone,iOS,2.4.0,purchase,689,676,6452,1800254700,1800255389,1
logs-row-0003397,log-0003397,log-0003397,user-00197,laptop,iOS,2.5.1,login_failed,45,707,6489,1800254775,1800254820,0
logs-row-0003398,log-0003398,log-0003398,user-00198,desktop,iOS,2.5.0,view,730,738,6526,1800254850,1800255580,1
logs-row-0003399,log-0003399,log-0003399,user-00199,tablet,iOS,2.4.1,logout,751,769,6563,1800254925,1800255676,1
logs-row-0003400,log-0003400,log-0003400,user-00000,phone,iOS,2.4.0,login,769,800,6600,1800255000,1800255769,1
logs-row-0003401,log-0003401,log-0003401,user-00001,laptop,iOS,2.5.1,purchase,785,831,6637,1800255075,1800255860,1
logs-row-0003402,log-0003402,log-0003402,user-00002,desktop,iOS,2.5.0,login_failed,45,862,6674,1800255150,1800255195,0
logs-row-0003403,log-0003403,log-0003403,user-00003,tablet,iOS,2.4.1,view,824,893,6711,1800255225,1800256049,1
logs-row-0003404,log-0003404,log-0003404,user-00004,phone,iOS,2.4.0,logout,846,924,6748,1800255300,1800256146,1
logs-row-0003405,log-0003405,log-0003405,user-00005,laptop,iOS,2.5.1,login,862,955,6785,1800255375,1800256237,1
logs-row-0003406,log-0003406,log-0003406,user-00006,desktop,iOS,2.5.0,purchase,879,986,6822,1800255450,1800256329,1
logs-row-0003407,log-0003407,log-0003407,user-00007,tablet,iOS,2.4.1,login_failed,45,1017,6859,1800255525,1800255570,0
logs-row-0003408,log-0003408,log-0003408,user-00008,phone,iOS,2.4.0,view,923,1048,6896,1800255600,1800256523,1
logs-row-0003409,log-0003409,log-0003409,user-00009,laptop,iOS,2.5.1,logout,940,1079,6933,1800255675,1800256615,1
logs-row-0003410,log-0003410,log-0003410,user-00010,desktop,iOS,2.5.0,login,962,1110,6970,1800255750,1800256712,1
logs-row-0003411,log-0003411,log-0003411,user-00011,tablet,iOS,2.4.1,purchase,77,1141,7007,1800255825,1800255902,1
logs-row-0003412,log-0003412,log-0003412,user-00012,phone,iOS,2.4.0,login_failed,33,1172,7044,1800255900,1800255933,0
logs-row-0003413,log-0003413,log-0003413,user-00013,laptop,iOS,2.5.1,view,118,1203,7081,1800255975,1800256093,1
logs-row-0003414,log-0003414,log-0003414,user-00014,desktop,iOS,2.5.0,logout,135,1234,7118,1800256050,1800256185,1
logs-row-0003415,log-0003415,log-0003415,user-00015,tablet,iOS,2.4.1,login,150,1265,7155,1800256125,1800256275,1
logs-row-0003416,log-0003416,log-0003416,user-00016,phone,iOS,2.4.0,purchase,172,1296,7192,1800256200,1800256372,1
logs-row-0003417,log-0003417,log-0003417,user-00017,laptop,iOS,2.5.1,login_failed,45,1327,7229,1800256275,1800256320,0
logs-row-0003418,log-0003418,log-0003418,user-00018,desktop,iOS,2.5.0,view,209,1358,7266,1800256350,1800256559,1
logs-row-0003419,log-0003419,log-0003419,user-00019,tablet,iOS,2.4.1,logout,227,1389,7303,1800256425,1800256652,1
logs-row-0003420,log-0003420,log-0003420,user-00020,phone,iOS,2.4.0,login,245,1420,7340,1800256500,1800256745,1
logs-row-0003421,log-0003421,log-0003421,user-00021,laptop,iOS,2.5.1,purchase,267,1451,7377,1800256575,1800256842,1
logs-row-0003422,log-0003422,log-0003422,user-00022,desktop,iOS,2.5.0,login_failed,45,1482,7414,1800256650,1800256695,0
logs-row-0003423,log-0003423,log-0003423,user-00023,tablet,iOS,2.4.1,view,304,1513,7451,1800256725,1800257029,1
logs-row-0003424,log-0003424,log-0003424,user-00024,phone,iOS,2.4.0,logout,323,1544,7488,1800256800,1800257123,1
logs-row-0003425,log-0003425,log-0003425,user-00025,laptop,iOS,2.5.1,login,340,1575,7525,1800256875,1800257215,1
logs-row-0003426,log-0003426,log-0003426,user-00026,desktop,iOS,2.5.0,purchase,361,1606,7562,1800256950,1800257311,1
logs-row-0003427,log-0003427,log-0003427,user-00027,tablet,iOS,2.4.1,login_failed,45,1637,7599,1800257025,1800257070,0
logs-row-0003428,log-0003428,log-0003428,user-00028,phone,iOS,2.4.0,view,402,1668,7636,1800257100,1800257502,1
logs-row-0003429,log-0003429,log-0003429,user-00029,laptop,iOS,2.5.1,logout,417,1699,7673,1800257175,1800257592,1
logs-row-0003430,log-0003430,log-0003430,user-00030,desktop,iOS,2.5.0,login,441,1730,7710,1800257250,1800257691,1
logs-row-0003431,log-0003431,log-0003431,user-00031,tablet,iOS,2.4.1,purchase,458,1761,7747,1800257325,1800257783,1
logs-row-0003432,log-0003432,log-0003432,user-00032,phone,iOS,2.4.0,login_failed,45,1792,7784,1800257400,1800257445,0
logs-row-0003433,log-0003433,log-0003433,user-00033,laptop,iOS,2.5.1,view,499,1823,7821,1800257475,1800257974,1
logs-row-0003434,log-0003434,log-0003434,user-00034,desktop,iOS,2.5.0,logout,512,1854,7858,1800257550,1800258062,1
logs-row-0003435,log-0003435,log-0003435,user-00035,tablet,iOS,2.4.1,login,537,1885,7895,1800257625,1800258162,1
logs-row-0003436,log-0003436,log-0003436,user-00036,phone,iOS,2.4.0,purchase,552,1916,7932,1800257700,1800258252,1
logs-row-0003437,log-0003437,log-0003437,user-00037,laptop,iOS,2.5.1,login_failed,45,1947,7969,1800257775,1800257820,0
logs-row-0003438,log-0003438,log-0003438,user-00038,desktop,iOS,2.5.0,view,589,1978,8006,1800257850,1800258439,1
logs-row-0003439,log-0003439,log-0003439,user-00039,tablet,iOS,2.4.1,logout,611,2009,8043,1800257925,1800258536,1
logs-row-0003440,log-0003440,log-0003440,user-00040,phone,iOS,2.4.0,login,626,2040,8080,1800258000,1800258626,1
logs-row-0003441,log-0003441,log-0003441,user-00041,laptop,iOS,2.5.1,purchase,644,2071,8117,1800258075,1800258719,1
logs-row-0003442,log-0003442,log-0003442,user-00042,desktop,iOS,2.5.0,login_failed,45,2102,8154,1800258150,1800258195,0
logs-row-0003443,log-0003443,log-0003443,user-00043,tablet,iOS,2.4.1,view,684,2133,8191,1800258225,1800258909,1
logs-row-0003444,log-0003444,log-0003444,user-00044,phone,iOS,2.4.0,logout,703,2164,8228,1800258300,1800259003,1
logs-row-0003445,log-0003445,log-0003445,user-00045,laptop,iOS,2.5.1,login,727,2195,8265,1800258375,1800259102,1
logs-row-0003446,log-0003446,log-0003446,user-00046,desktop,iOS,2.5.0,purchase,746,2226,8302,1800258450,1800259196,1
logs-row-0003447,log-0003447,log-0003447,user-00047,tablet,iOS,2.4.1,login_failed,45,2257,8339,1800258525,1800258570,0
logs-row-0003448,log-0003448,log-0003448,user-00048,phone,iOS,2.4.0,view,778,2288,8376,1800258600,1800259378,1
logs-row-0003449,log-0003449,log-0003449,user-00049,laptop,iOS,2.5.1,logout,797,2319,8413,1800258675,1800259472,1
logs-row-0003450,log-0003450,log-0003450,user-00050,desktop,iOS,2.5.0,login,819,2350,8450,1800258750,1800259569,1
logs-row-0003451,log-0003451,log-0003451,user-00051,tablet,iOS,2.4.1,purchase,838,2381,8487,1800258825,1800259663,1
logs-row-0003452,log-0003452,log-0003452,user-00052,phone,iOS,2.4.0,login_failed,45,2412,8524,1800258900,1800258945,0
logs-row-0003453,log-0003453,log-0003453,user-00053,laptop,iOS,2.5.1,view,877,2443,8561,1800258975,1800259852,1
logs-row-0003454,log-0003454,log-0003454,user-00054,desktop,iOS,2.5.0,logout,897,2474,8598,1800259050,1800259947,1
logs-row-0003455,log-0003455,log-0003455,user-00055,tablet,iOS,2.4.1,login,915,2505,8635,1800259125,1800260040,1
logs-row-0003456,log-0003456,log-0003456,user-00056,phone,iOS,2.4.0,purchase,929,2536,8672,1800259200,1800260129,1
logs-row-0003457,log-0003457,log-0003457,user-00057,laptop,iOS,2.5.1,login_failed,45,2567,8709,1800259275,1800259320,0
logs-row-0003458,log-0003458,log-0003458,user-00058,desktop,iOS,2.5.0,view,70,2598,8746,1800259350,1800259420,1
logs-row-0003459,log-0003459,log-0003459,user-00059,tablet,iOS,2.4.1,logout,92,2629,8783,1800259425,1800259517,1
logs-row-0003460,log-0003460,log-0003460,user-00060,phone,iOS,2.4.0,login,109,2660,8820,1800259500,1800259609,1
logs-row-0003461,log-0003461,log-0003461,user-00061,laptop,iOS,2.5.1,purchase,124,2691,8857,1800259575,1800259699,1
logs-row-0003462,log-0003462,log-0003462,user-00062,desktop,iOS,2.5.0,login_failed,45,2722,8894,1800259650,1800259695,0
logs-row-0003463,log-0003463,log-0003463,user-00063,tablet,iOS,2.4.1,view,164,2753,8931,1800259725,1800259889,1
logs-row-0003464,log-0003464,log-0003464,user-00064,phone,iOS,2.4.0,logout,188,2784,8968,1800259800,1800259988,1
logs-row-0003465,log-0003465,log-0003465,user-00065,laptop,iOS,2.5.1,login,200,2815,9005,1800259875,1800260075,1
logs-row-0003466,log-0003466,log-0003466,user-00066,desktop,iOS,2.5.0,purchase,226,2846,9042,1800259950,1800260176,1
logs-row-0003467,log-0003467,log-0003467,user-00067,tablet,iOS,2.4.1,login_failed,45,2877,9079,1800260025,1800260070,0
logs-row-0003468,log-0003468,log-0003468,user-00068,phone,iOS,2.4.0,view,257,2908,9116,1800260100,1800260357,1
logs-row-0003469,log-0003469,log-0003469,user-00069,laptop,iOS,2.5.1,logout,276,2939,9153,1800260175,1800260451,1
logs-row-0003470,log-0003470,log-0003470,user-00070,desktop,iOS,2.5.0,login,296,2970,9190,1800260250,1800260546,1
logs-row-0003471,log-0003471,log-0003471,user-00071,tablet,iOS,2.4.1,purchase,319,3001,9227,1800260325,1800260644,1
logs-row-0003472,log-0003472,log-0003472,user-00072,phone,iOS,2.4.0,login_failed,45,3032,9264,1800260400,1800260445,0
logs-row-0003473,log-0003473,log-0003473,user-00073,laptop,iOS,2.5.1,view,353,3063,9301,1800260475,1800260828,1
logs-row-0003474,log-0003474,log-0003474,user-00074,desktop,iOS,2.5.0,logout,371,3094,9338,1800260550,1800260921,1
logs-row-0003475,log-0003475,log-0003475,user-00075,tablet,iOS,2.4.1,login,393,3125,9375,1800260625,1800261018,1
logs-row-0003476,log-0003476,log-0003476,user-00076,phone,iOS,2.4.0,purchase,409,3156,9412,1800260700,1800261109,1
logs-row-0003477,log-0003477,log-0003477,user-00077,laptop,iOS,2.5.1,login_failed,45,3187,9449,1800260775,1800260820,0
logs-row-0003478,log-0003478,log-0003478,user-00078,desktop,iOS,2.5.0,view,452,3218,9486,1800260850,1800261302,1
logs-row-0003479,log-0003479,log-0003479,user-00079,tablet,iOS,2.4.1,logout,470,3249,9523,1800260925,1800261395,1
logs-row-0003480,log-0003480,log-0003480,user-00080,phone,iOS,2.4.0,login,488,3280,9560,1800261000,1800261488,1
logs-row-0003481,log-0003481,log-0003481,user-00081,laptop,iOS,2.5.1,purchase,511,3311,9597,1800261075,1800261586,1
logs-row-0003482,log-0003482,log-0003482,user-00082,desktop,iOS,2.5.0,login_failed,45,3342,9634,1800261150,1800261195,0
logs-row-0003483,log-0003483,log-0003483,user-00083,tablet,iOS,2.4.1,view,548,3373,9671,1800261225,1800261773,1
logs-row-0003484,log-0003484,log-0003484,user-00084,phone,iOS,2.4.0,logout,567,3404,9708,1800261300,1800261867,1
logs-row-0003485,log-0003485,log-0003485,user-00085,laptop,iOS,2.5.1,login,580,3435,9745,1800261375,1800261955,1
logs-row-0003486,log-0003486,log-0003486,user-00086,desktop,iOS,2.5.0,purchase,600,3466,9782,1800261450,1800262050,1
logs-row-0003487,log-0003487,log-0003487,user-00087,tablet,iOS,2.4.1,login_failed,45,3497,9819,1800261525,1800261570,0
logs-row-0003488,log-0003488,log-0003488,user-00088,phone,iOS,2.4.0,view,642,3528,9856,1800261600,1800262242,1
logs-row-0003489,log-0003489,log-0003489,user-00089,laptop,iOS,2.5.1,logout,661,3559,9893,1800261675,1800262336,1
logs-row-0003490,log-0003490,log-0003490,user-00090,desktop,iOS,2.5.0,login,682,3590,9930,1800261750,1800262432,1
logs-row-0003491,log-0003491,log-0003491,user-00091,tablet,iOS,2.4.1,purchase,695,3621,9967,1800261825,1800262520,1
logs-row-0003492,log-0003492,log-0003492,user-00092,phone,iOS,2.4.0,login_failed,45,3652,10004,1800261900,1800261945,0
logs-row-0003493,log-0003493,log-0003493,user-00093,laptop,iOS,2.5.1,view,732,3683,10041,1800261975,1800262707,1
logs-row-0003494,log-0003494,log-0003494,user-00094,desktop,iOS,2.5.0,logout,753,3714,10078,1800262050,1800262803,1
logs-row-0003495,log-0003495,log-0003495,user-00095,tablet,iOS,2.4.1,login,773,3745,10115,1800262125,1800262898,1
logs-row-0003496,log-0003496,log-0003496,user-00096,phone,iOS,2.4.0,purchase,789,3776,10152,1800262200,1800262989,1
logs-row-0003497,log-0003497,log-0003497,user-00097,laptop,iOS,2.5.1,login_failed,45,3807,10189,1800262275,1800262320,0
logs-row-0003498,log-0003498,log-0003498,user-00098,desktop,iOS,2.5.0,view,831,3838,10226,1800262350,1800263181,1
logs-row-0003499,log-0003499,log-0003499,user-00099,tablet,iOS,2.4.1,logout,848,3869,10263,1800262425,1800263273,1
logs-row-0003500,log-0003500,log-0003500,user-00100,phone,iOS,2.4.0,login,866,3900,10300,1800262500,1800263366,1
logs-row-0003501,log-0003501,log-0003501,user-00101,laptop,iOS,2.5.1,purchase,885,3931,10337,1800262575,1800263460,1
logs-row-0003502,log-0003502,log-0003502,user-00102,desktop,iOS,2.5.0,login_failed,45,3962,10374,1800262650,1800262695,0
logs-row-0003503,log-0003503,log-0003503,user-00103,tablet,iOS,2.4.1,view,926,3993,10411,1800262725,1800263651,1
logs-row-0003504,log-0003504,log-0003504,user-00104,phone,iOS,2.4.0,logout,941,4024,10448,1800262800,1800263741,1
logs-row-0003505,log-0003505,log-0003505,user-00105,laptop,iOS,2.5.1,login,67,4055,10485,1800262875,1800262942,1
logs-row-0003506,log-0003506,log-0003506,user-00106,desktop,iOS,2.5.0,purchase,82,4086,10522,1800262950,1800263032,1
logs-row-0003507,log-0003507,log-0003507,user-00107,tablet,iOS,2.4.1,login_failed,40,4117,10559,1800263025,1800263065,0
logs-row-0003508,log-0003508,log-0003508,user-00108,phone,iOS,2.4.0,view,121,4148,10596,1800263100,1800263221,1
logs-row-0003509,log-0003509,log-0003509,user-00109,laptop,iOS,2.5.1,logout,143,4179,10633,1800263175,1800263318,1
logs-row-0003510,log-0003510,log-0003510,user-00110,desktop,iOS,2.5.0,login,159,4210,10670,1800263250,1800263409,1
logs-row-0003511,log-0003511,log-0003511,user-00111,tablet,iOS,2.4.1,purchase,175,4241,10707,1800263325,1800263500,1
logs-row-0003512,log-0003512,log-0003512,user-00112,phone,iOS,2.4.0,login_failed,45,4272,10744,1800263400,1800263445,0
logs-row-0003513,log-0003513,log-0003513,user-00113,laptop,iOS,2.5.1,view,215,4303,10781,1800263475,1800263690,1
logs-row-0003514,log-0003514,log-0003514,user-00114,desktop,iOS,2.5.0,logout,236,4334,10818,1800263550,1800263786,1
logs-row-0003515,log-0003515,log-0003515,user-00115,tablet,iOS,2.4.1,login,253,4365,10855,1800263625,1800263878,1
logs-row-0003516,log-0003516,log-0003516,user-00116,phone,iOS,2.4.0,purchase,271,4396,10892,1800263700,1800263971,1
logs-row-0003517,log-0003517,log-0003517,user-00117,laptop,iOS,2.5.1,login_failed,45,4427,10929,1800263775,1800263820,0
logs-row-0003518,log-0003518,log-0003518,user-00118,desktop,iOS,2.5.0,view,307,4458,10966,1800263850,1800264157,1
logs-row-0003519,log-0003519,log-0003519,user-00119,tablet,iOS,2.4.1,logout,332,4489,11003,1800263925,1800264257,1
logs-row-0003520,log-0003520,log-0003520,user-00120,phone,iOS,2.4.0,login,345,4520,11040,1800264000,1800264345,1
logs-row-0003521,log-0003521,log-0003521,user-00121,laptop,iOS,2.5.1,purchase,366,4551,11077,1800264075,1800264441,1
logs-row-0003522,log-0003522,log-0003522,user-00122,desktop,iOS,2.5.0,login_failed,45,4582,11114,1800264150,1800264195,0
logs-row-0003523,log-0003523,log-0003523,user-00123,tablet,iOS,2.4.1,view,404,4613,11151,1800264225,1800264629,1
logs-row-0003524,log-0003524,log-0003524,user-00124,phone,iOS,2.4.0,logout,426,4644,11188,1800264300,1800264726,1
logs-row-0003525,log-0003525,log-0003525,user-00125,laptop,iOS,2.5.1,login,444,4675,11225,1800264375,1800264819,1
logs-row-0003526,log-0003526,log-0003526,user-00126,desktop,iOS,2.5.0,purchase,459,4706,11262,1800264450,1800264909,1
logs-row-0003527,log-0003527,log-0003527,user-00127,tablet,iOS,2.4.1,login_failed,45,4737,11299,1800264525,1800264570,0
logs-row-0003528,log-0003528,log-0003528,user-00128,phone,iOS,2.4.0,view,497,4768,11336,1800264600,1800265097,1
logs-row-0003529,log-0003529,log-0003529,user-00129,laptop,iOS,2.5.1,logout,518,4799,11373,1800264675,1800265193,1
logs-row-0003530,log-0003530,log-0003530,user-00130,desktop,iOS,2.5.0,login,538,4830,11410,1800264750,1800265288,1
logs-row-0003531,log-0003531,log-0003531,user-00131,tablet,iOS,2.4.1,purchase,556,4861,11447,1800264825,1800265381,1
logs-row-0003532,log-0003532,log-0003532,user-00132,phone,iOS,2.4.0,login_failed,45,4892,11484,1800264900,1800264945,0
logs-row-0003533,log-0003533,log-0003533,user-00133,laptop,iOS,2.5.1,view,598,4923,11521,1800264975,1800265573,1
logs-row-0003534,log-0003534,log-0003534,user-00134,desktop,iOS,2.5.0,logout,618,4954,11558,1800265050,1800265668,1
logs-row-0003535,log-0003535,log-0003535,user-00135,tablet,iOS,2.4.1,login,635,4985,11595,1800265125,1800265760,1
logs-row-0003536,log-0003536,log-0003536,user-00136,phone,iOS,2.4.0,purchase,651,5016,11632,1800265200,1800265851,1
logs-row-0003537,log-0003537,log-0003537,user-00137,laptop,iOS,2.5.1,login_failed,45,5047,11669,1800265275,1800265320,0
logs-row-0003538,log-0003538,log-0003538,user-00138,desktop,iOS,2.5.0,view,689,5078,11706,1800265350,1800266039,1
logs-row-0003539,log-0003539,log-0003539,user-00139,tablet,iOS,2.4.1,logout,709,5109,11743,1800265425,1800266134,1
logs-row-0003540,log-0003540,log-0003540,user-00140,phone,iOS,2.4.0,login,726,5140,11780,1800265500,1800266226,1
logs-row-0003541,log-0003541,log-0003541,user-00141,laptop,iOS,2.5.1,purchase,748,5171,11817,1800265575,1800266323,1
logs-row-0003542,log-0003542,log-0003542,user-00142,desktop,iOS,2.5.0,login_failed,45,5202,11854,1800265650,1800265695,0
logs-row-0003543,log-0003543,log-0003543,user-00143,tablet,iOS,2.4.1,view,788,5233,11891,1800265725,1800266513,1
logs-row-0003544,log-0003544,log-0003544,user-00144,phone,iOS,2.4.0,logout,808,5264,11928,1800265800,1800266608,1
logs-row-0003545,log-0003545,log-0003545,user-00145,laptop,iOS,2.5.1,login,825,5295,11965,1800265875,1800266700,1
logs-row-0003546,log-0003546,log-0003546,user-00146,desktop,iOS,2.5.0,purchase,842,5326,12002,1800265950,1800266792,1
logs-row-0003547,log-0003547,log-0003547,user-00147,tablet,iOS,2.4.1,login_failed,45,5357,12039,1800266025,1800266070,0
logs-row-0003548,log-0003548,log-0003548,user-00148,phone,iOS,2.4.0,view,882,5388,12076,1800266100,1800266982,1
logs-row-0003549,log-0003549,log-0003549,user-00149,laptop,iOS,2.5.1,logout,899,419,12113,1800266175,1800267074,1
logs-row-0003550,log-0003550,log-0003550,user-00150,desktop,iOS,2.5.0,login,917,450,12150,1800266250,1800267167,1
logs-row-0003551,log-0003551,log-0003551,user-00151,tablet,iOS,2.4.1,purchase,936,481,12187,1800266325,1800267261,1
logs-row-0003552,log-0003552,log-0003552,user-00152,phone,iOS,2.4.0,login_failed,45,512,12224,1800266400,1800266445,0
logs-row-0003553,log-0003553,log-0003553,user-00153,laptop,iOS,2.5.1,view,72,543,12261,1800266475,1800266547,1
logs-row-0003554,log-0003554,log-0003554,user-00154,desktop,iOS,2.5.0,logout,94,574,12298,1800266550,1800266644,1
logs-row-0003555,log-0003555,log-0003555,user-00155,tablet,iOS,2.4.1,login,111,605,12335,1800266625,1800266736,1
logs-row-0003556,log-0003556,log-0003556,user-00156,phone,iOS,2.4.0,purchase,133,636,12372,1800266700,1800266833,1
logs-row-0003557,log-0003557,log-0003557,user-00157,laptop,iOS,2.5.1,login_failed,45,667,12409,1800266775,1800266820,0
logs-row-0003558,log-0003558,log-0003558,user-00158,desktop,iOS,2.5.0,view,168,698,12446,1800266850,1800267018,1
logs-row-0003559,log-0003559,log-0003559,user-00159,tablet,iOS,2.4.1,logout,187,729,12483,1800266925,1800267112,1
logs-row-0003560,log-0003560,log-0003560,user-00160,phone,iOS,2.4.0,login,211,760,12520,1800267000,1800267211,1
logs-row-0003561,log-0003561,log-0003561,user-00161,laptop,iOS,2.5.1,purchase,224,791,12557,1800267075,1800267299,1
logs-row-0003562,log-0003562,log-0003562,user-00162,desktop,iOS,2.5.0,login_failed,45,822,12594,1800267150,1800267195,0
logs-row-0003563,log-0003563,log-0003563,user-00163,tablet,iOS,2.4.1,view,262,853,12631,1800267225,1800267487,1
logs-row-0003564,log-0003564,log-0003564,user-00164,phone,iOS,2.4.0,logout,282,884,12668,1800267300,1800267582,1
logs-row-0003565,log-0003565,log-0003565,user-00165,laptop,iOS,2.5.1,login,302,915,12705,1800267375,1800267677,1
logs-row-0003566,log-0003566,log-0003566,user-00166,desktop,iOS,2.5.0,purchase,320,946,12742,1800267450,1800267770,1
logs-row-0003567,log-0003567,log-0003567,user-00167,tablet,iOS,2.4.1,login_failed,45,977,12779,1800267525,1800267570,0
logs-row-0003568,log-0003568,log-0003568,user-00168,phone,iOS,2.4.0,view,361,1008,816,1800267600,1800267961,1
logs-row-0003569,log-0003569,log-0003569,user-00169,laptop,iOS,2.5.1,logout,380,1039,853,1800267675,1800268055,1
logs-row-0003570,log-0003570,log-0003570,user-00170,desktop,iOS,2.5.0,login,395,1070,890,1800267750,1800268145,1
logs-row-0003571,log-0003571,log-0003571,user-00171,tablet,iOS,2.4.1,purchase,418,1101,927,1800267825,1800268243,1
logs-row-0003572,log-0003572,log-0003572,user-00172,phone,iOS,2.4.0,login_failed,45,1132,964,1800267900,1800267945,0
logs-row-0003573,log-0003573,log-0003573,user-00173,laptop,iOS,2.5.1,view,455,1163,1001,1800267975,1800268430,1
logs-row-0003574,log-0003574,log-0003574,user-00174,desktop,iOS,2.5.0,logout,476,1194,1038,1800268050,1800268526,1
logs-row-0003575,log-0003575,log-0003575,user-00175,tablet,iOS,2.4.1,login,493,1225,1075,1800268125,1800268618,1
logs-row-0003576,log-0003576,log-0003576,user-00176,phone,iOS,2.4.0,purchase,516,1256,1112,1800268200,1800268716,1
logs-row-0003577,log-0003577,log-0003577,user-00177,laptop,iOS,2.5.1,login_failed,45,1287,1149,1800268275,1800268320,0
logs-row-0003578,log-0003578,log-0003578,user-00178,desktop,iOS,2.5.0,view,550,1318,1186,1800268350,1800268900,1
logs-row-0003579,log-0003579,log-0003579,user-00179,tablet,iOS,2.4.1,logout,571,1349,1223,1800268425,1800268996,1
logs-row-0003580,log-0003580,log-0003580,user-00180,phone,iOS,2.4.0,login,585,1380,1260,1800268500,1800269085,1
logs-row-0003581,log-0003581,log-0003581,user-00181,laptop,iOS,2.5.1,purchase,609,1411,1297,1800268575,1800269184,1
logs-row-0003582,log-0003582,log-0003582,user-00182,desktop,iOS,2.5.0,login_failed,45,1442,1334,1800268650,1800268695,0
logs-row-0003583,log-0003583,log-0003583,user-00183,tablet,iOS,2.4.1,view,645,1473,1371,1800268725,1800269370,1
logs-row-0003584,log-0003584,log-0003584,user-00184,phone,iOS,2.4.0,logout,663,1504,1408,1800268800,1800269463,1
logs-row-0003585,log-0003585,log-0003585,user-00185,laptop,iOS,2.5.1,login,686,1535,1445,1800268875,1800269561,1
logs-row-0003586,log-0003586,log-0003586,user-00186,desktop,iOS,2.5.0,purchase,705,1566,1482,1800268950,1800269655,1
logs-row-0003587,log-0003587,log-0003587,user-00187,tablet,iOS,2.4.1,login_failed,45,1597,1519,1800269025,1800269070,0
logs-row-0003588,log-0003588,log-0003588,user-00188,phone,iOS,2.4.0,view,737,1628,1556,1800269100,1800269837,1
logs-row-0003589,log-0003589,log-0003589,user-00189,laptop,iOS,2.5.1,logout,756,1659,1593,1800269175,1800269931,1
logs-row-0003590,log-0003590,log-0003590,user-00190,desktop,iOS,2.5.0,login,777,1690,1630,1800269250,1800270027,1
logs-row-0003591,log-0003591,log-0003591,user-00191,tablet,iOS,2.4.1,purchase,801,1721,1667,1800269325,1800270126,1
logs-row-0003592,log-0003592,log-0003592,user-00192,phone,iOS,2.4.0,login_failed,45,1752,1704,1800269400,1800269445,0
logs-row-0003593,log-0003593,log-0003593,user-00193,laptop,iOS,2.5.1,view,832,1783,1741,1800269475,1800270307,1
logs-row-0003594,log-0003594,log-0003594,user-00194,desktop,iOS,2.5.0,logout,856,1814,1778,1800269550,1800270406,1
logs-row-0003595,log-0003595,log-0003595,user-00195,tablet,iOS,2.4.1,login,871,1845,1815,1800269625,1800270496,1
logs-row-0003596,log-0003596,log-0003596,user-00196,phone,iOS,2.4.0,purchase,895,1876,1852,1800269700,1800270595,1
logs-row-0003597,log-0003597,log-0003597,user-00197,laptop,iOS,2.5.1,login_failed,45,1907,1889,1800269775,1800269820,0
logs-row-0003598,log-0003598,log-0003598,user-00198,desktop,iOS,2.5.0,view,934,1938,1926,1800269850,1800270784,1
logs-row-0003599,log-0003599,log-0003599,user-00199,tablet,iOS,2.4.1,logout,948,1969,1963,1800269925,1800270873,1
logs-row-0003600,log-0003600,log-0003600,user-00000,phone,iOS,2.4.0,login,69,2000,2000,1800270000,1800270069,1
logs-row-0003601,log-0003601,log-0003601,user-00001,laptop,iOS,2.5.1,purchase,86,2031,2037,1800270075,1800270161,1
logs-row-0003602,log-0003602,log-0003602,user-00002,desktop,iOS,2.5.0,login_failed,44,2062,2074,1800270150,1800270194,0
logs-row-0003603,log-0003603,log-0003603,user-00003,tablet,iOS,2.4.1,view,123,2093,2111,1800270225,1800270348,1
logs-row-0003604,log-0003604,log-0003604,user-00004,phone,iOS,2.4.0,logout,143,2124,2148,1800270300,1800270443,1
logs-row-0003605,log-0003605,log-0003605,user-00005,laptop,iOS,2.5.1,login,161,2155,2185,1800270375,1800270536,1
logs-row-0003606,log-0003606,log-0003606,user-00006,desktop,iOS,2.5.0,purchase,185,2186,2222,1800270450,1800270635,1
logs-row-0003607,log-0003607,log-0003607,user-00007,tablet,iOS,2.4.1,login_failed,45,2217,2259,1800270525,1800270570,0
logs-row-0003608,log-0003608,log-0003608,user-00008,phone,iOS,2.4.0,view,219,2248,2296,1800270600,1800270819,1
logs-row-0003609,log-0003609,log-0003609,user-00009,laptop,iOS,2.5.1,logout,239,2279,2333,1800270675,1800270914,1
logs-row-0003610,log-0003610,log-0003610,user-00010,desktop,iOS,2.5.0,login,261,2310,2370,1800270750,1800271011,1
logs-row-0003611,log-0003611,log-0003611,user-00011,tablet,iOS,2.4.1,purchase,281,2341,2407,1800270825,1800271106,1
logs-row-0003612,log-0003612,log-0003612,user-00012,phone,iOS,2.4.0,login_failed,45,2372,2444,1800270900,1800270945,0
logs-row-0003613,log-0003613,log-0003613,user-00013,laptop,iOS,2.5.1,view,313,2403,2481,1800270975,1800271288,1
logs-row-0003614,log-0003614,log-0003614,user-00014,desktop,iOS,2.5.0,logout,336,2434,2518,1800271050,1800271386,1
logs-row-0003615,log-0003615,log-0003615,user-00015,tablet,iOS,2.4.1,login,354,2465,2555,1800271125,1800271479,1
logs-row-0003616,log-0003616,log-0003616,user-00016,phone,iOS,2.4.0,purchase,376,2496,2592,1800271200,1800271576,1
logs-row-0003617,log-0003617,log-0003617,user-00017,laptop,iOS,2.5.1,login_failed,45,2527,2629,1800271275,1800271320,0
logs-row-0003618,log-0003618,log-0003618,user-00018,desktop,iOS,2.5.0,view,409,2558,2666,1800271350,1800271759,1
logs-row-0003619,log-0003619,log-0003619,user-00019,tablet,iOS,2.4.1,logout,426,2589,2703,1800271425,1800271851,1
logs-row-0003620,log-0003620,log-0003620,user-00020,phone,iOS,2.4.0,login,452,2620,2740,1800271500,1800271952,1
logs-row-0003621,log-0003621,log-0003621,user-00021,laptop,iOS,2.5.1,purchase,464,2651,2777,1800271575,1800272039,1
logs-row-0003622,log-0003622,log-0003622,user-00022,desktop,iOS,2.5.0,login_failed,45,2682,2814,1800271650,1800271695,0
logs-row-0003623,log-0003623,log-0003623,user-00023,tablet,iOS,2.4.1,view,507,2713,2851,1800271725,1800272232,1
logs-row-0003624,log-0003624,log-0003624,user-00024,phone,iOS,2.4.0,logout,527,2744,2888,1800271800,1800272327,1
logs-row-0003625,log-0003625,log-0003625,user-00025,laptop,iOS,2.5.1,login,545,2775,2925,1800271875,1800272420,1
logs-row-0003626,log-0003626,log-0003626,user-00026,desktop,iOS,2.5.0,purchase,560,2806,2962,1800271950,1800272510,1
logs-row-0003627,log-0003627,log-0003627,user-00027,tablet,iOS,2.4.1,login_failed,45,2837,2999,1800272025,1800272070,0
logs-row-0003628,log-0003628,log-0003628,user-00028,phone,iOS,2.4.0,view,602,2868,3036,1800272100,1800272702,1
logs-row-0003629,log-0003629,log-0003629,user-00029,laptop,iOS,2.5.1,logout,621,2899,3073,1800272175,1800272796,1
logs-row-0003630,log-0003630,log-0003630,user-00030,desktop,iOS,2.5.0,login,641,2930,3110,1800272250,1800272891,1
logs-row-0003631,log-0003631,log-0003631,user-00031,tablet,iOS,2.4.1,purchase,659,2961,3147,1800272325,1800272984,1
logs-row-0003632,log-0003632,log-0003632,user-00032,phone,iOS,2.4.0,login_failed,45,2992,3184,1800272400,1800272445,0
logs-row-0003633,log-0003633,log-0003633,user-00033,laptop,iOS,2.5.1,view,697,3023,3221,1800272475,1800273172,1
logs-row-0003634,log-0003634,log-0003634,user-00034,desktop,iOS,2.5.0,logout,717,3054,3258,1800272550,1800273267,1
logs-row-0003635,log-0003635,log-0003635,user-00035,tablet,iOS,2.4.1,login,733,3085,3295,1800272625,1800273358,1
logs-row-0003636,log-0003636,log-0003636,user-00036,phone,iOS,2.4.0,purchase,751,3116,3332,1800272700,1800273451,1
logs-row-0003637,log-0003637,log-0003637,user-00037,laptop,iOS,2.5.1,login_failed,45,3147,3369,1800272775,1800272820,0
logs-row-0003638,log-0003638,log-0003638,user-00038,desktop,iOS,2.5.0,view,789,3178,3406,1800272850,1800273639,1
logs-row-0003639,log-0003639,log-0003639,user-00039,tablet,iOS,2.4.1,logout,812,3209,3443,1800272925,1800273737,1
logs-row-0003640,log-0003640,log-0003640,user-00040,phone,iOS,2.4.0,login,828,3240,3480,1800273000,1800273828,1
logs-row-0003641,log-0003641,log-0003641,user-00041,laptop,iOS,2.5.1,purchase,849,3271,3517,1800273075,1800273924,1
logs-row-0003642,log-0003642,log-0003642,user-00042,desktop,iOS,2.5.0,login_failed,45,3302,3554,1800273150,1800273195,0
logs-row-0003643,log-0003643,log-0003643,user-00043,tablet,iOS,2.4.1,view,883,3333,3591,1800273225,1800274108,1
logs-row-0003644,log-0003644,log-0003644,user-00044,phone,iOS,2.4.0,logout,905,3364,3628,1800273300,1800274205,1
logs-row-0003645,log-0003645,log-0003645,user-00045,laptop,iOS,2.5.1,login,921,3395,3665,1800273375,1800274296,1
logs-row-0003646,log-0003646,log-0003646,user-00046,desktop,iOS,2.5.0,purchase,939,3426,3702,1800273450,1800274389,1
logs-row-0003647,log-0003647,log-0003647,user-00047,tablet,iOS,2.4.1,login_failed,45,3457,3739,1800273525,1800273570,0
logs-row-0003648,log-0003648,log-0003648,user-00048,phone,iOS,2.4.0,view,82,3488,3776,1800273600,1800273682,1
logs-row-0003649,log-0003649,log-0003649,user-00049,laptop,iOS,2.5.1,logout,96,3519,3813,1800273675,1800273771,1
logs-row-0003650,log-0003650,log-0003650,user-00050,desktop,iOS,2.5.0,login,121,3550,3850,1800273750,1800273871,1
logs-row-0003651,log-0003651,log-0003651,user-00051,tablet,iOS,2.4.1,purchase,134,3581,3887,1800273825,1800273959,1
logs-row-0003652,log-0003652,log-0003652,user-00052,phone,iOS,2.4.0,login_failed,45,3612,3924,1800273900,1800273945,0
logs-row-0003653,log-0003653,log-0003653,user-00053,laptop,iOS,2.5.1,view,174,3643,3961,1800273975,1800274149,1
logs-row-0003654,log-0003654,log-0003654,user-00054,desktop,iOS,2.5.0,logout,192,3674,3998,1800274050,1800274242,1
logs-row-0003655,log-0003655,log-0003655,user-00055,tablet,iOS,2.4.1,login,214,3705,4035,1800274125,1800274339,1
logs-row-0003656,log-0003656,log-0003656,user-00056,phone,iOS,2.4.0,purchase,235,3736,4072,1800274200,1800274435,1
logs-row-0003657,log-0003657,log-0003657,user-00057,laptop,iOS,2.5.1,login_failed,45,3767,4109,1800274275,1800274320,0
logs-row-0003658,log-0003658,log-0003658,user-00058,desktop,iOS,2.5.0,view,273,3798,4146,1800274350,1800274623,1
logs-row-0003659,log-0003659,log-0003659,user-00059,tablet,iOS,2.4.1,logout,293,3829,4183,1800274425,1800274718,1
logs-row-0003660,log-0003660,log-0003660,user-00060,phone,iOS,2.4.0,login,306,3860,4220,1800274500,1800274806,1
logs-row-0003661,log-0003661,log-0003661,user-00061,laptop,iOS,2.5.1,purchase,328,3891,4257,1800274575,1800274903,1
logs-row-0003662,log-0003662,log-0003662,user-00062,desktop,iOS,2.5.0,login_failed,45,3922,4294,1800274650,1800274695,0
logs-row-0003663,log-0003663,log-0003663,user-00063,tablet,iOS,2.4.1,view,369,3953,4331,1800274725,1800275094,1
logs-row-0003664,log-0003664,log-0003664,user-00064,phone,iOS,2.4.0,logout,382,3984,4368,1800274800,1800275182,1
logs-row-0003665,log-0003665,log-0003665,user-00065,laptop,iOS,2.5.1,login,405,4015,4405,1800274875,1800275280,1
logs-row-0003666,log-0003666,log-0003666,user-00066,desktop,iOS,2.5.0,purchase,424,4046,4442,1800274950,1800275374,1
logs-row-0003667,log-0003667,log-0003667,user-00067,tablet,iOS,2.4.1,login_failed,45,4077,4479,1800275025,1800275070,0
logs-row-0003668,log-0003668,log-0003668,user-00068,phone,iOS,2.4.0,view,462,4108,4516,1800275100,1800275562,1
logs-row-0003669,log-0003669,log-0003669,user-00069,laptop,iOS,2.5.1,logout,476,4139,4553,1800275175,1800275651,1
logs-row-0003670,log-0003670,log-0003670,user-00070,desktop,iOS,2.5.0,login,495,4170,4590,1800275250,1800275745,1
logs-row-0003671,log-0003671,log-0003671,user-00071,tablet,iOS,2.4.1,purchase,517,4201,4627,1800275325,1800275842,1
logs-row-0003672,log-0003672,log-0003672,user-00072,phone,iOS,2.4.0,login_failed,45,4232,4664,1800275400,1800275445,0
logs-row-0003673,log-0003673,log-0003673,user-00073,laptop,iOS,2.5.1,view,557,4263,4701,1800275475,1800276032,1
logs-row-0003674,log-0003674,log-0003674,user-00074,desktop,iOS,2.5.0,logout,571,4294,4738,1800275550,1800276121,1
logs-row-0003675,log-0003675,log-0003675,user-00075,tablet,iOS,2.4.1,login,590,4325,4775,1800275625,1800276215,1
logs-row-0003676,log-0003676,log-0003676,user-00076,phone,iOS,2.4.0,purchase,615,4356,4812,1800275700,1800276315,1
logs-row-0003677,log-0003677,log-0003677,user-00077,laptop,iOS,2.5.1,login_failed,45,4387,4849,1800275775,1800275820,0
logs-row-0003678,log-0003678,log-0003678,user-00078,desktop,iOS,2.5.0,view,653,4418,4886,1800275850,1800276503,1
logs-row-0003679,log-0003679,log-0003679,user-00079,tablet,iOS,2.4.1,logout,673,4449,4923,1800275925,1800276598,1
logs-row-0003680,log-0003680,log-0003680,user-00080,phone,iOS,2.4.0,login,685,4480,4960,1800276000,1800276685,1
logs-row-0003681,log-0003681,log-0003681,user-00081,laptop,iOS,2.5.1,purchase,705,4511,4997,1800276075,1800276780,1
logs-row-0003682,log-0003682,log-0003682,user-00082,desktop,iOS,2.5.0,login_failed,45,4542,5034,1800276150,1800276195,0
logs-row-0003683,log-0003683,log-0003683,user-00083,tablet,iOS,2.4.1,view,746,4573,5071,1800276225,1800276971,1
logs-row-0003684,log-0003684,log-0003684,user-00084,phone,iOS,2.4.0,logout,764,4604,5108,1800276300,1800277064,1
logs-row-0003685,log-0003685,log-0003685,user-00085,laptop,iOS,2.5.1,login,785,4635,5145,1800276375,1800277160,1
logs-row-0003686,log-0003686,log-0003686,user-00086,desktop,iOS,2.5.0,purchase,800,4666,5182,1800276450,1800277250,1
logs-row-0003687,log-0003687,log-0003687,user-00087,tablet,iOS,2.4.1,login_failed,45,4697,5219,1800276525,1800276570,0
logs-row-0003688,log-0003688,log-0003688,user-00088,phone,iOS,2.4.0,view,844,4728,5256,1800276600,1800277444,1
logs-row-0003689,log-0003689,log-0003689,user-00089,laptop,iOS,2.5.1,logout,858,4759,5293,1800276675,1800277533,1
logs-row-0003690,log-0003690,log-0003690,user-00090,desktop,iOS,2.5.0,login,882,4790,5330,1800276750,1800277632,1
logs-row-0003691,log-0003691,log-0003691,user-00091,tablet,iOS,2.4.1,purchase,894,4821,5367,1800276825,1800277719,1
logs-row-0003692,log-0003692,log-0003692,user-00092,phone,iOS,2.4.0,login_failed,45,4852,5404,1800276900,1800276945,0
logs-row-0003693,log-0003693,log-0003693,user-00093,laptop,iOS,2.5.1,view,932,4883,5441,1800276975,1800277907,1
logs-row-0003694,log-0003694,log-0003694,user-00094,desktop,iOS,2.5.0,logout,955,4914,5478,1800277050,1800278005,1
logs-row-0003695,log-0003695,log-0003695,user-00095,tablet,iOS,2.4.1,login,71,4945,5515,1800277125,1800277196,1
logs-row-0003696,log-0003696,log-0003696,user-00096,phone,iOS,2.4.0,purchase,92,4976,5552,1800277200,1800277292,1
logs-row-0003697,log-0003697,log-0003697,user-00097,laptop,iOS,2.5.1,login_failed,45,5007,5589,1800277275,1800277320,0
logs-row-0003698,log-0003698,log-0003698,user-00098,desktop,iOS,2.5.0,view,127,5038,5626,1800277350,1800277477,1
logs-row-0003699,log-0003699,log-0003699,user-00099,tablet,iOS,2.4.1,logout,153,5069,5663,1800277425,1800277578,1
logs-row-0003700,log-0003700,log-0003700,user-00100,phone,iOS,2.4.0,login,172,5100,5700,1800277500,1800277672,1
logs-row-0003701,log-0003701,log-0003701,user-00101,laptop,iOS,2.5.1,purchase,187,5131,5737,1800277575,1800277762,1
logs-row-0003702,log-0003702,log-0003702,user-00102,desktop,iOS,2.5.0,login_failed,45,5162,5774,1800277650,1800277695,0
logs-row-0003703,log-0003703,log-0003703,user-00103,tablet,iOS,2.4.1,view,224,5193,5811,1800277725,1800277949,1
logs-row-0003704,log-0003704,log-0003704,user-00104,phone,iOS,2.4.0,logout,242,5224,5848,1800277800,1800278042,1
logs-row-0003705,log-0003705,log-0003705,user-00105,laptop,iOS,2.5.1,login,263,5255,5885,1800277875,1800278138,1
logs-row-0003706,log-0003706,log-0003706,user-00106,desktop,iOS,2.5.0,purchase,283,5286,5922,1800277950,1800278233,1
logs-row-0003707,log-0003707,log-0003707,user-00107,tablet,iOS,2.4.1,login_failed,45,5317,5959,1800278025,1800278070,0
logs-row-0003708,log-0003708,log-0003708,user-00108,phone,iOS,2.4.0,view,318,5348,5996,1800278100,1800278418,1
logs-row-0003709,log-0003709,log-0003709,user-00109,laptop,iOS,2.5.1,logout,336,5379,6033,1800278175,1800278511,1
logs-row-0003710,log-0003710,log-0003710,user-00110,desktop,iOS,2.5.0,login,356,410,6070,1800278250,1800278606,1
logs-row-0003711,log-0003711,log-0003711,user-00111,tablet,iOS,2.4.1,purchase,374,441,6107,1800278325,1800278699,1
logs-row-0003712,log-0003712,log-0003712,user-00112,phone,iOS,2.4.0,login_failed,45,472,6144,1800278400,1800278445,0
logs-row-0003713,log-0003713,log-0003713,user-00113,laptop,iOS,2.5.1,view,414,503,6181,1800278475,1800278889,1
logs-row-0003714,log-0003714,log-0003714,user-00114,desktop,iOS,2.5.0,logout,435,534,6218,1800278550,1800278985,1
logs-row-0003715,log-0003715,log-0003715,user-00115,tablet,iOS,2.4.1,login,451,565,6255,1800278625,1800279076,1
logs-row-0003716,log-0003716,log-0003716,user-00116,phone,iOS,2.4.0,purchase,469,596,6292,1800278700,1800279169,1
logs-row-0003717,log-0003717,log-0003717,user-00117,laptop,iOS,2.5.1,login_failed,45,627,6329,1800278775,1800278820,0
logs-row-0003718,log-0003718,log-0003718,user-00118,desktop,iOS,2.5.0,view,509,658,6366,1800278850,1800279359,1
logs-row-0003719,log-0003719,log-0003719,user-00119,tablet,iOS,2.4.1,logout,527,689,6403,1800278925,1800279452,1
logs-row-0003720,log-0003720,log-0003720,user-00120,phone,iOS,2.4.0,login,545,720,6440,1800279000,1800279545,1
logs-row-0003721,log-0003721,log-0003721,user-00121,laptop,iOS,2.5.1,purchase,570,751,6477,1800279075,1800279645,1
logs-row-0003722,log-0003722,log-0003722,user-00122,desktop,iOS,2.5.0,login_failed,45,782,6514,1800279150,1800279195,0
logs-row-0003723,log-0003723,log-0003723,user-00123,tablet,iOS,2.4.1,view,604,813,6551,1800279225,1800279829,1
logs-row-0003724,log-0003724,log-0003724,user-00124,phone,iOS,2.4.0,logout,624,844,6588,1800279300,1800279924,1
logs-row-0003725,log-0003725,log-0003725,user-00125,laptop,iOS,2.5.1,login,645,875,6625,1800279375,1800280020,1
logs-row-0003726,log-0003726,log-0003726,user-00126,desktop,iOS,2.5.0,purchase,660,906,6662,1800279450,1800280110,1
logs-row-0003727,log-0003727,log-0003727,user-00127,tablet,iOS,2.4.1,login_failed,45,937,6699,1800279525,1800279570,0
logs-row-0003728,log-0003728,log-0003728,user-00128,phone,iOS,2.4.0,view,704,968,6736,1800279600,1800280304,1
logs-row-0003729,log-0003729,log-0003729,user-00129,laptop,iOS,2.5.1,logout,717,999,6773,1800279675,1800280392,1
logs-row-0003730,log-0003730,log-0003730,user-00130,desktop,iOS,2.5.0,login,735,1030,6810,1800279750,1800280485,1
logs-row-0003731,log-0003731,log-0003731,user-00131,tablet,iOS,2.4.1,purchase,756,1061,6847,1800279825,1800280581,1
logs-row-0003732,log-0003732,log-0003732,user-00132,phone,iOS,2.4.0,login_failed,45,1092,6884,1800279900,1800279945,0
logs-row-0003733,log-0003733,log-0003733,user-00133,laptop,iOS,2.5.1,view,793,1123,6921,1800279975,1800280768,1
logs-row-0003734,log-0003734,log-0003734,user-00134,desktop,iOS,2.5.0,logout,817,1154,6958,1800280050,1800280867,1
logs-row-0003735,log-0003735,log-0003735,user-00135,tablet,iOS,2.4.1,login,833,1185,6995,1800280125,1800280958,1
logs-row-0003736,log-0003736,log-0003736,user-00136,phone,iOS,2.4.0,purchase,856,1216,7032,1800280200,1800281056,1
logs-row-0003737,log-0003737,log-0003737,user-00137,laptop,iOS,2.5.1,login_failed,45,1247,7069,1800280275,1800280320,0
logs-row-0003738,log-0003738,log-0003738,user-00138,desktop,iOS,2.5.0,view,887,1278,7106,1800280350,1800281237,1
logs-row-0003739,log-0003739,log-0003739,user-00139,tablet,iOS,2.4.1,logout,913,1309,7143,1800280425,1800281338,1
logs-row-0003740,log-0003740,log-0003740,user-00140,phone,iOS,2.4.0,login,929,1340,7180,1800280500,1800281429,1
logs-row-0003741,log-0003741,log-0003741,user-00141,laptop,iOS,2.5.1,purchase,944,1371,7217,1800280575,1800281519,1
logs-row-0003742,log-0003742,log-0003742,user-00142,desktop,iOS,2.5.0,login_failed,9,1402,7254,1800280650,1800280659,0
logs-row-0003743,log-0003743,log-0003743,user-00143,tablet,iOS,2.4.1,view,82,1433,7291,1800280725,1800280807,1
logs-row-0003744,log-0003744,log-0003744,user-00144,phone,iOS,2.4.0,logout,105,1464,7328,1800280800,1800280905,1
logs-row-0003745,log-0003745,log-0003745,user-00145,laptop,iOS,2.5.1,login,121,1495,7365,1800280875,1800280996,1
logs-row-0003746,log-0003746,log-0003746,user-00146,desktop,iOS,2.5.0,purchase,140,1526,7402,1800280950,1800281090,1
logs-row-0003747,log-0003747,log-0003747,user-00147,tablet,iOS,2.4.1,login_failed,45,1557,7439,1800281025,1800281070,0
logs-row-0003748,log-0003748,log-0003748,user-00148,phone,iOS,2.4.0,view,183,1588,7476,1800281100,1800281283,1
logs-row-0003749,log-0003749,log-0003749,user-00149,laptop,iOS,2.5.1,logout,200,1619,7513,1800281175,1800281375,1
logs-row-0003750,log-0003750,log-0003750,user-00150,desktop,iOS,2.5.0,login,220,1650,7550,1800281250,1800281470,1
logs-row-0003751,log-0003751,log-0003751,user-00151,tablet,iOS,2.4.1,purchase,239,1681,7587,1800281325,1800281564,1
logs-row-0003752,log-0003752,log-0003752,user-00152,phone,iOS,2.4.0,login_failed,45,1712,7624,1800281400,1800281445,0
logs-row-0003753,log-0003753,log-0003753,user-00153,laptop,iOS,2.5.1,view,277,1743,7661,1800281475,1800281752,1
logs-row-0003754,log-0003754,log-0003754,user-00154,desktop,iOS,2.5.0,logout,293,1774,7698,1800281550,1800281843,1
logs-row-0003755,log-0003755,log-0003755,user-00155,tablet,iOS,2.4.1,login,317,1805,7735,1800281625,1800281942,1
logs-row-0003756,log-0003756,log-0003756,user-00156,phone,iOS,2.4.0,purchase,332,1836,7772,1800281700,1800282032,1
logs-row-0003757,log-0003757,log-0003757,user-00157,laptop,iOS,2.5.1,login_failed,45,1867,7809,1800281775,1800281820,0
logs-row-0003758,log-0003758,log-0003758,user-00158,desktop,iOS,2.5.0,view,371,1898,7846,1800281850,1800282221,1
logs-row-0003759,log-0003759,log-0003759,user-00159,tablet,iOS,2.4.1,logout,386,1929,7883,1800281925,1800282311,1
logs-row-0003760,log-0003760,log-0003760,user-00160,phone,iOS,2.4.0,login,407,1960,7920,1800282000,1800282407,1
logs-row-0003761,log-0003761,log-0003761,user-00161,laptop,iOS,2.5.1,purchase,426,1991,7957,1800282075,1800282501,1
logs-row-0003762,log-0003762,log-0003762,user-00162,desktop,iOS,2.5.0,login_failed,45,2022,7994,1800282150,1800282195,0
logs-row-0003763,log-0003763,log-0003763,user-00163,tablet,iOS,2.4.1,view,462,2053,8031,1800282225,1800282687,1
logs-row-0003764,log-0003764,log-0003764,user-00164,phone,iOS,2.4.0,logout,487,2084,8068,1800282300,1800282787,1
logs-row-0003765,log-0003765,log-0003765,user-00165,laptop,iOS,2.5.1,login,503,2115,8105,1800282375,1800282878,1
logs-row-0003766,log-0003766,log-0003766,user-00166,desktop,iOS,2.5.0,purchase,522,2146,8142,1800282450,1800282972,1
logs-row-0003767,log-0003767,log-0003767,user-00167,tablet,iOS,2.4.1,login_failed,45,2177,8179,1800282525,1800282570,0
logs-row-0003768,log-0003768,log-0003768,user-00168,phone,iOS,2.4.0,view,563,2208,8216,1800282600,1800283163,1
logs-row-0003769,log-0003769,log-0003769,user-00169,laptop,iOS,2.5.1,logout,579,2239,8253,1800282675,1800283254,1
logs-row-0003770,log-0003770,log-0003770,user-00170,desktop,iOS,2.5.0,login,599,2270,8290,1800282750,1800283349,1
logs-row-0003771,log-0003771,log-0003771,user-00171,tablet,iOS,2.4.1,purchase,621,2301,8327,1800282825,1800283446,1
logs-row-0003772,log-0003772,log-0003772,user-00172,phone,iOS,2.4.0,login_failed,45,2332,8364,1800282900,1800282945,0
logs-row-0003773,log-0003773,log-0003773,user-00173,laptop,iOS,2.5.1,view,657,2363,8401,1800282975,1800283632,1
logs-row-0003774,log-0003774,log-0003774,user-00174,desktop,iOS,2.5.0,logout,673,2394,8438,1800283050,1800283723,1
logs-row-0003775,log-0003775,log-0003775,user-00175,tablet,iOS,2.4.1,login,690,2425,8475,1800283125,1800283815,1
logs-row-0003776,log-0003776,log-0003776,user-00176,phone,iOS,2.4.0,purchase,710,2456,8512,1800283200,1800283910,1
logs-row-0003777,log-0003777,log-0003777,user-00177,laptop,iOS,2.5.1,login_failed,45,2487,8549,1800283275,1800283320,0
logs-row-0003778,log-0003778,log-0003778,user-00178,desktop,iOS,2.5.0,view,754,2518,8586,1800283350,1800284104,1
logs-row-0003779,log-0003779,log-0003779,user-00179,tablet,iOS,2.4.1,logout,769,2549,8623,1800283425,1800284194,1
logs-row-0003780,log-0003780,log-0003780,user-00180,phone,iOS,2.4.0,login,792,2580,8660,1800283500,1800284292,1
logs-row-0003781,log-0003781,log-0003781,user-00181,laptop,iOS,2.5.1,purchase,809,2611,8697,1800283575,1800284384,1
logs-row-0003782,log-0003782,log-0003782,user-00182,desktop,iOS,2.5.0,login_failed,45,2642,8734,1800283650,1800283695,0
logs-row-0003783,log-0003783,log-0003783,user-00183,tablet,iOS,2.4.1,view,848,2673,8771,1800283725,1800284573,1
logs-row-0003784,log-0003784,log-0003784,user-00184,phone,iOS,2.4.0,logout,862,2704,8808,1800283800,1800284662,1
logs-row-0003785,log-0003785,log-0003785,user-00185,laptop,iOS,2.5.1,login,887,2735,8845,1800283875,1800284762,1
logs-row-0003786,log-0003786,log-0003786,user-00186,desktop,iOS,2.5.0,purchase,905,2766,8882,1800283950,1800284855,1
logs-row-0003787,log-0003787,log-0003787,user-00187,tablet,iOS,2.4.1,login_failed,45,2797,8919,1800284025,1800284070,0
logs-row-0003788,log-0003788,log-0003788,user-00188,phone,iOS,2.4.0,view,939,2828,8956,1800284100,1800285039,1
logs-row-0003789,log-0003789,log-0003789,user-00189,laptop,iOS,2.5.1,logout,963,2859,8993,1800284175,1800285138,1
logs-row-0003790,log-0003790,log-0003790,user-00190,desktop,iOS,2.5.0,login,76,2890,9030,1800284250,1800284326,1
logs-row-0003791,log-0003791,log-0003791,user-00191,tablet,iOS,2.4.1,purchase,101,2921,9067,1800284325,1800284426,1
logs-row-0003792,log-0003792,log-0003792,user-00192,phone,iOS,2.4.0,login_failed,45,2952,9104,1800284400,1800284445,0
logs-row-0003793,log-0003793,log-0003793,user-00193,laptop,iOS,2.5.1,view,134,2983,9141,1800284475,1800284609,1
logs-row-0003794,log-0003794,log-0003794,user-00194,desktop,iOS,2.5.0,logout,154,3014,9178,1800284550,1800284704,1
logs-row-0003795,log-0003795,log-0003795,user-00195,tablet,iOS,2.4.1,login,170,3045,9215,1800284625,1800284795,1
logs-row-0003796,log-0003796,log-0003796,user-00196,phone,iOS,2.4.0,purchase,196,3076,9252,1800284700,1800284896,1
logs-row-0003797,log-0003797,log-0003797,user-00197,laptop,iOS,2.5.1,login_failed,45,3107,9289,1800284775,1800284820,0
logs-row-0003798,log-0003798,log-0003798,user-00198,desktop,iOS,2.5.0,view,231,3138,9326,1800284850,1800285081,1
logs-row-0003799,log-0003799,log-0003799,user-00199,tablet,iOS,2.4.1,logout,247,3169,9363,1800284925,1800285172,1
logs-row-0003800,log-0003800,log-0003800,user-00000,phone,iOS,2.4.0,login,271,3200,9400,1800285000,1800285271,1
logs-row-0003801,log-0003801,log-0003801,user-00001,laptop,iOS,2.5.1,purchase,289,3231,9437,1800285075,1800285364,1
logs-row-0003802,log-0003802,log-0003802,user-00002,desktop,iOS,2.5.0,login_failed,45,3262,9474,1800285150,1800285195,0
logs-row-0003803,log-0003803,log-0003803,user-00003,tablet,iOS,2.4.1,view,328,3293,9511,1800285225,1800285553,1
logs-row-0003804,log-0003804,log-0003804,user-00004,phone,iOS,2.4.0,logout,346,3324,9548,1800285300,1800285646,1
logs-row-0003805,log-0003805,log-0003805,user-00005,laptop,iOS,2.5.1,login,364,3355,9585,1800285375,1800285739,1
logs-row-0003806,log-0003806,log-0003806,user-00006,desktop,iOS,2.5.0,purchase,379,3386,9622,1800285450,1800285829,1
logs-row-0003807,log-0003807,log-0003807,user-00007,tablet,iOS,2.4.1,login_failed,45,3417,9659,1800285525,1800285570,0
logs-row-0003808,log-0003808,log-0003808,user-00008,phone,iOS,2.4.0,view,424,3448,9696,1800285600,1800286024,1
logs-row-0003809,log-0003809,log-0003809,user-00009,laptop,iOS,2.5.1,logout,441,3479,9733,1800285675,1800286116,1
logs-row-0003810,log-0003810,log-0003810,user-00010,desktop,iOS,2.5.0,login,462,3510,9770,1800285750,1800286212,1
logs-row-0003811,log-0003811,log-0003811,user-00011,tablet,iOS,2.4.1,purchase,476,3541,9807,1800285825,1800286301,1
logs-row-0003812,log-0003812,log-0003812,user-00012,phone,iOS,2.4.0,login_failed,45,3572,9844,1800285900,1800285945,0
logs-row-0003813,log-0003813,log-0003813,user-00013,laptop,iOS,2.5.1,view,518,3603,9881,1800285975,1800286493,1
logs-row-0003814,log-0003814,log-0003814,user-00014,desktop,iOS,2.5.0,logout,537,3634,9918,1800286050,1800286587,1
logs-row-0003815,log-0003815,log-0003815,user-00015,tablet,iOS,2.4.1,login,550,3665,9955,1800286125,1800286675,1
logs-row-0003816,log-0003816,log-0003816,user-00016,phone,iOS,2.4.0,purchase,573,3696,9992,1800286200,1800286773,1
logs-row-0003817,log-0003817,log-0003817,user-00017,laptop,iOS,2.5.1,login_failed,45,3727,10029,1800286275,1800286320,0
logs-row-0003818,log-0003818,log-0003818,user-00018,desktop,iOS,2.5.0,view,610,3758,10066,1800286350,1800286960,1
logs-row-0003819,log-0003819,log-0003819,user-00019,tablet,iOS,2.4.1,logout,626,3789,10103,1800286425,1800287051,1
logs-row-0003820,log-0003820,log-0003820,user-00020,phone,iOS,2.4.0,login,652,3820,10140,1800286500,1800287152,1
logs-row-0003821,log-0003821,log-0003821,user-00021,laptop,iOS,2.5.1,purchase,667,3851,10177,1800286575,1800287242,1
logs-row-0003822,log-0003822,log-0003822,user-00022,desktop,iOS,2.5.0,login_failed,45,3882,10214,1800286650,1800286695,0
logs-row-0003823,log-0003823,log-0003823,user-00023,tablet,iOS,2.4.1,view,704,3913,10251,1800286725,1800287429,1
logs-row-0003824,log-0003824,log-0003824,user-00024,phone,iOS,2.4.0,logout,721,3944,10288,1800286800,1800287521,1
logs-row-0003825,log-0003825,log-0003825,user-00025,laptop,iOS,2.5.1,login,743,3975,10325,1800286875,1800287618,1
logs-row-0003826,log-0003826,log-0003826,user-00026,desktop,iOS,2.5.0,purchase,764,4006,10362,1800286950,1800287714,1
logs-row-0003827,log-0003827,log-0003827,user-00027,tablet,iOS,2.4.1,login_failed,45,4037,10399,1800287025,1800287070,0
logs-row-0003828,log-0003828,log-0003828,user-00028,phone,iOS,2.4.0,view,801,4068,10436,1800287100,1800287901,1
logs-row-0003829,log-0003829,log-0003829,user-00029,laptop,iOS,2.5.1,logout,817,4099,10473,1800287175,1800287992,1
logs-row-0003830,log-0003830,log-0003830,user-00030,desktop,iOS,2.5.0,login,836,4130,10510,1800287250,1800288086,1
logs-row-0003831,log-0003831,log-0003831,user-00031,tablet,iOS,2.4.1,purchase,854,4161,10547,1800287325,1800288179,1
logs-row-0003832,log-0003832,log-0003832,user-00032,phone,iOS,2.4.0,login_failed,45,4192,10584,1800287400,1800287445,0
logs-row-0003833,log-0003833,log-0003833,user-00033,laptop,iOS,2.5.1,view,893,4223,10621,1800287475,1800288368,1
logs-row-0003834,log-0003834,log-0003834,user-00034,desktop,iOS,2.5.0,logout,917,4254,10658,1800287550,1800288467,1
logs-row-0003835,log-0003835,log-0003835,user-00035,tablet,iOS,2.4.1,login,937,4285,10695,1800287625,1800288562,1
logs-row-0003836,log-0003836,log-0003836,user-00036,phone,iOS,2.4.0,purchase,956,4316,10732,1800287700,1800288656,1
logs-row-0003837,log-0003837,log-0003837,user-00037,laptop,iOS,2.5.1,login_failed,14,4347,10769,1800287775,1800287789,0
logs-row-0003838,log-0003838,log-0003838,user-00038,desktop,iOS,2.5.0,view,94,4378,10806,1800287850,1800287944,1
logs-row-0003839,log-0003839,log-0003839,user-00039,tablet,iOS,2.4.1,logout,109,4409,10843,1800287925,1800288034,1
logs-row-0003840,log-0003840,log-0003840,user-00040,phone,iOS,2.4.0,login,129,4440,10880,1800288000,1800288129,1
logs-row-0003841,log-0003841,log-0003841,user-00041,laptop,iOS,2.5.1,purchase,147,4471,10917,1800288075,1800288222,1
logs-row-0003842,log-0003842,log-0003842,user-00042,desktop,iOS,2.5.0,login_failed,45,4502,10954,1800288150,1800288195,0
logs-row-0003843,log-0003843,log-0003843,user-00043,tablet,iOS,2.4.1,view,183,4533,10991,1800288225,1800288408,1
logs-row-0003844,log-0003844,log-0003844,user-00044,phone,iOS,2.4.0,logout,203,4564,11028,1800288300,1800288503,1
logs-row-0003845,log-0003845,log-0003845,user-00045,laptop,iOS,2.5.1,login,225,4595,11065,1800288375,1800288600,1
logs-row-0003846,log-0003846,log-0003846,user-00046,desktop,iOS,2.5.0,purchase,243,4626,11102,1800288450,1800288693,1
logs-row-0003847,log-0003847,log-0003847,user-00047,tablet,iOS,2.4.1,login_failed,45,4657,11139,1800288525,1800288570,0
logs-row-0003848,log-0003848,log-0003848,user-00048,phone,iOS,2.4.0,view,282,4688,11176,1800288600,1800288882,1
logs-row-0003849,log-0003849,log-0003849,user-00049,laptop,iOS,2.5.1,logout,303,4719,11213,1800288675,1800288978,1
logs-row-0003850,log-0003850,log-0003850,user-00050,desktop,iOS,2.5.0,login,321,4750,11250,1800288750,1800289071,1
logs-row-0003851,log-0003851,log-0003851,user-00051,tablet,iOS,2.4.1,purchase,336,4781,11287,1800288825,1800289161,1
logs-row-0003852,log-0003852,log-0003852,user-00052,phone,iOS,2.4.0,login_failed,45,4812,11324,1800288900,1800288945,0
logs-row-0003853,log-0003853,log-0003853,user-00053,laptop,iOS,2.5.1,view,373,4843,11361,1800288975,1800289348,1
logs-row-0003854,log-0003854,log-0003854,user-00054,desktop,iOS,2.5.0,logout,392,4874,11398,1800289050,1800289442,1
logs-row-0003855,log-0003855,log-0003855,user-00055,tablet,iOS,2.4.1,login,410,4905,11435,1800289125,1800289535,1
logs-row-0003856,log-0003856,log-0003856,user-00056,phone,iOS,2.4.0,purchase,429,4936,11472,1800289200,1800289629,1
logs-row-0003857,log-0003857,log-0003857,user-00057,laptop,iOS,2.5.1,login_failed,45,4967,11509,1800289275,1800289320,0
logs-row-0003858,log-0003858,log-0003858,user-00058,desktop,iOS,2.5.0,view,468,4998,11546,1800289350,1800289818,1
logs-row-0003859,log-0003859,log-0003859,user-00059,tablet,iOS,2.4.1,logout,491,5029,11583,1800289425,1800289916,1
logs-row-0003860,log-0003860,log-0003860,user-00060,phone,iOS,2.4.0,login,512,5060,11620,1800289500,1800290012,1
logs-row-0003861,log-0003861,log-0003861,user-00061,laptop,iOS,2.5.1,purchase,526,5091,11657,1800289575,1800290101,1
logs-row-0003862,log-0003862,log-0003862,user-00062,desktop,iOS,2.5.0,login_failed,45,5122,11694,1800289650,1800289695,0
logs-row-0003863,log-0003863,log-0003863,user-00063,tablet,iOS,2.4.1,view,563,5153,11731,1800289725,1800290288,1
logs-row-0003864,log-0003864,log-0003864,user-00064,phone,iOS,2.4.0,logout,583,5184,11768,1800289800,1800290383,1
logs-row-0003865,log-0003865,log-0003865,user-00065,laptop,iOS,2.5.1,login,601,5215,11805,1800289875,1800290476,1
logs-row-0003866,log-0003866,log-0003866,user-00066,desktop,iOS,2.5.0,purchase,622,5246,11842,1800289950,1800290572,1
logs-row-0003867,log-0003867,log-0003867,user-00067,tablet,iOS,2.4.1,login_failed,45,5277,11879,1800290025,1800290070,0
logs-row-0003868,log-0003868,log-0003868,user-00068,phone,iOS,2.4.0,view,658,5308,11916,1800290100,1800290758,1
logs-row-0003869,log-0003869,log-0003869,user-00069,laptop,iOS,2.5.1,logout,678,5339,11953,1800290175,1800290853,1
logs-row-0003870,log-0003870,log-0003870,user-00070,desktop,iOS,2.5.0,login,701,5370,11990,1800290250,1800290951,1
logs-row-0003871,log-0003871,log-0003871,user-00071,tablet,iOS,2.4.1,purchase,719,401,12027,1800290325,1800291044,1
logs-row-0003872,log-0003872,log-0003872,user-00072,phone,iOS,2.4.0,login_failed,45,432,12064,1800290400,1800290445,0
logs-row-0003873,log-0003873,log-0003873,user-00073,laptop,iOS,2.5.1,view,759,463,12101,1800290475,1800291234,1
logs-row-0003874,log-0003874,log-0003874,user-00074,desktop,iOS,2.5.0,logout,774,494,12138,1800290550,1800291324,1
logs-row-0003875,log-0003875,log-0003875,user-00075,tablet,iOS,2.4.1,login,795,525,12175,1800290625,1800291420,1
logs-row-0003876,log-0003876,log-0003876,user-00076,phone,iOS,2.4.0,purchase,811,556,12212,1800290700,1800291511,1
logs-row-0003877,log-0003877,log-0003877,user-00077,laptop,iOS,2.5.1,login_failed,45,587,12249,1800290775,1800290820,0
logs-row-0003878,log-0003878,log-0003878,user-00078,desktop,iOS,2.5.0,view,854,618,12286,1800290850,1800291704,1
logs-row-0003879,log-0003879,log-0003879,user-00079,tablet,iOS,2.4.1,logout,866,649,12323,1800290925,1800291791,1
logs-row-0003880,log-0003880,log-0003880,user-00080,phone,iOS,2.4.0,login,892,680,12360,1800291000,1800291892,1
logs-row-0003881,log-0003881,log-0003881,user-00081,laptop,iOS,2.5.1,purchase,905,711,12397,1800291075,1800291980,1
logs-row-0003882,log-0003882,log-0003882,user-00082,desktop,iOS,2.5.0,login_failed,45,742,12434,1800291150,1800291195,0
logs-row-0003883,log-0003883,log-0003883,user-00083,tablet,iOS,2.4.1,view,944,773,12471,1800291225,1800292169,1
logs-row-0003884,log-0003884,log-0003884,user-00084,phone,iOS,2.4.0,logout,962,804,12508,1800291300,1800292262,1
logs-row-0003885,log-0003885,log-0003885,user-00085,laptop,iOS,2.5.1,login,84,835,12545,1800291375,1800291459,1
logs-row-0003886,log-0003886,log-0003886,user-00086,desktop,iOS,2.5.0,purchase,101,866,12582,1800291450,1800291551,1
logs-row-0003887,log-0003887,log-0003887,user-00087,tablet,iOS,2.4.1,login_failed,45,897,12619,1800291525,1800291570,0
logs-row-0003888,log-0003888,log-0003888,user-00088,phone,iOS,2.4.0,view,143,928,12656,1800291600,1800291743,1
logs-row-0003889,log-0003889,log-0003889,user-00089,laptop,iOS,2.5.1,logout,157,959,12693,1800291675,1800291832,1
logs-row-0003890,log-0003890,log-0003890,user-00090,desktop,iOS,2.5.0,login,176,990,12730,1800291750,1800291926,1
logs-row-0003891,log-0003891,log-0003891,user-00091,tablet,iOS,2.4.1,purchase,200,1021,12767,1800291825,1800292025,1
logs-row-0003892,log-0003892,log-0003892,user-00092,phone,iOS,2.4.0,login_failed,45,1052,804,1800291900,1800291945,0
logs-row-0003893,log-0003893,log-0003893,user-00093,laptop,iOS,2.5.1,view,232,1083,841,1800291975,1800292207,1
logs-row-0003894,log-0003894,log-0003894,user-00094,desktop,iOS,2.5.0,logout,251,1114,878,1800292050,1800292301,1
logs-row-0003895,log-0003895,log-0003895,user-00095,tablet,iOS,2.4.1,login,276,1145,915,1800292125,1800292401,1
logs-row-0003896,log-0003896,log-0003896,user-00096,phone,iOS,2.4.0,purchase,289,1176,952,1800292200,1800292489,1
logs-row-0003897,log-0003897,log-0003897,user-00097,laptop,iOS,2.5.1,login_failed,45,1207,989,1800292275,1800292320,0
logs-row-0003898,log-0003898,log-0003898,user-00098,desktop,iOS,2.5.0,view,331,1238,1026,1800292350,1800292681,1
logs-row-0003899,log-0003899,log-0003899,user-00099,tablet,iOS,2.4.1,logout,351,1269,1063,1800292425,1800292776,1
logs-row-0003900,log-0003900,log-0003900,user-00100,phone,iOS,2.4.0,login,370,1300,1100,1800292500,1800292870,1
logs-row-0003901,log-0003901,log-0003901,user-00101,laptop,iOS,2.5.1,purchase,388,1331,1137,1800292575,1800292963,1
logs-row-0003902,log-0003902,log-0003902,user-00102,desktop,iOS,2.5.0,login_failed,45,1362,1174,1800292650,1800292695,0
logs-row-0003903,log-0003903,log-0003903,user-00103,tablet,iOS,2.4.1,view,429,1393,1211,1800292725,1800293154,1
logs-row-0003904,log-0003904,log-0003904,user-00104,phone,iOS,2.4.0,logout,446,1424,1248,1800292800,1800293246,1
logs-row-0003905,log-0003905,log-0003905,user-00105,laptop,iOS,2.5.1,login,463,1455,1285,1800292875,1800293338,1
logs-row-0003906,log-0003906,log-0003906,user-00106,desktop,iOS,2.5.0,purchase,480,1486,1322,1800292950,1800293430,1
logs-row-0003907,log-0003907,log-0003907,user-00107,tablet,iOS,2.4.1,login_failed,45,1517,1359,1800293025,1800293070,0
logs-row-0003908,log-0003908,log-0003908,user-00108,phone,iOS,2.4.0,view,522,1548,1396,1800293100,1800293622,1
logs-row-0003909,log-0003909,log-0003909,user-00109,laptop,iOS,2.5.1,logout,538,1579,1433,1800293175,1800293713,1
logs-row-0003910,log-0003910,log-0003910,user-00110,desktop,iOS,2.5.0,login,555,1610,1470,1800293250,1800293805,1
logs-row-0003911,log-0003911,log-0003911,user-00111,tablet,iOS,2.4.1,purchase,575,1641,1507,1800293325,1800293900,1
logs-row-0003912,log-0003912,log-0003912,user-00112,phone,iOS,2.4.0,login_failed,45,1672,1544,1800293400,1800293445,0
logs-row-0003913,log-0003913,log-0003913,user-00113,laptop,iOS,2.5.1,view,616,1703,1581,1800293475,1800294091,1
logs-row-0003914,log-0003914,log-0003914,user-00114,desktop,iOS,2.5.0,logout,636,1734,1618,1800293550,1800294186,1
logs-row-0003915,log-0003915,log-0003915,user-00115,tablet,iOS,2.4.1,login,650,1765,1655,1800293625,1800294275,1
logs-row-0003916,log-0003916,log-0003916,user-00116,phone,iOS,2.4.0,purchase,676,1796,1692,1800293700,1800294376,1
logs-row-0003917,log-0003917,log-0003917,user-00117,laptop,iOS,2.5.1,login_failed,45,1827,1729,1800293775,1800293820,0
logs-row-0003918,log-0003918,log-0003918,user-00118,desktop,iOS,2.5.0,view,711,1858,1766,1800293850,1800294561,1
logs-row-0003919,log-0003919,log-0003919,user-00119,tablet,iOS,2.4.1,logout,730,1889,1803,1800293925,1800294655,1
logs-row-0003920,log-0003920,log-0003920,user-00120,phone,iOS,2.4.0,login,751,1920,1840,1800294000,1800294751,1
logs-row-0003921,log-0003921,log-0003921,user-00121,laptop,iOS,2.5.1,purchase,769,1951,1877,1800294075,1800294844,1
logs-row-0003922,log-0003922,log-0003922,user-00122,desktop,iOS,2.5.0,login_failed,45,1982,1914,1800294150,1800294195,0
logs-row-0003923,log-0003923,log-0003923,user-00123,tablet,iOS,2.4.1,view,805,2013,1951,1800294225,1800295030,1
logs-row-0003924,log-0003924,log-0003924,user-00124,phone,iOS,2.4.0,logout,827,2044,1988,1800294300,1800295127,1
logs-row-0003925,log-0003925,log-0003925,user-00125,laptop,iOS,2.5.1,login,840,2075,2025,1800294375,1800295215,1
logs-row-0003926,log-0003926,log-0003926,user-00126,desktop,iOS,2.5.0,purchase,863,2106,2062,1800294450,1800295313,1
logs-row-0003927,log-0003927,log-0003927,user-00127,tablet,iOS,2.4.1,login_failed,45,2137,2099,1800294525,1800294570,0
logs-row-0003928,log-0003928,log-0003928,user-00128,phone,iOS,2.4.0,view,898,2168,2136,1800294600,1800295498,1
logs-row-0003929,log-0003929,log-0003929,user-00129,laptop,iOS,2.5.1,logout,923,2199,2173,1800294675,1800295598,1
logs-row-0003930,log-0003930,log-0003930,user-00130,desktop,iOS,2.5.0,login,940,2230,2210,1800294750,1800295690,1
logs-row-0003931,log-0003931,log-0003931,user-00131,tablet,iOS,2.4.1,purchase,957,2261,2247,1800294825,1800295782,1
logs-row-0003932,log-0003932,log-0003932,user-00132,phone,iOS,2.4.0,login_failed,15,2292,2284,1800294900,1800294915,0
logs-row-0003933,log-0003933,log-0003933,user-00133,laptop,iOS,2.5.1,view,93,2323,2321,1800294975,1800295068,1
logs-row-0003934,log-0003934,log-0003934,user-00134,desktop,iOS,2.5.0,logout,115,2354,2358,1800295050,1800295165,1
logs-row-0003935,log-0003935,log-0003935,user-00135,tablet,iOS,2.4.1,login,137,2385,2395,1800295125,1800295262,1
logs-row-0003936,log-0003936,log-0003936,user-00136,phone,iOS,2.4.0,purchase,155,2416,2432,1800295200,1800295355,1
logs-row-0003937,log-0003937,log-0003937,user-00137,laptop,iOS,2.5.1,login_failed,45,2447,2469,1800295275,1800295320,0
logs-row-0003938,log-0003938,log-0003938,user-00138,desktop,iOS,2.5.0,view,187,2478,2506,1800295350,1800295537,1
logs-row-0003939,log-0003939,log-0003939,user-00139,tablet,iOS,2.4.1,logout,213,2509,2543,1800295425,1800295638,1
logs-row-0003940,log-0003940,log-0003940,user-00140,phone,iOS,2.4.0,login,229,2540,2580,1800295500,1800295729,1
logs-row-0003941,log-0003941,log-0003941,user-00141,laptop,iOS,2.5.1,purchase,249,2571,2617,1800295575,1800295824,1
logs-row-0003942,log-0003942,log-0003942,user-00142,desktop,iOS,2.5.0,login_failed,45,2602,2654,1800295650,1800295695,0
logs-row-0003943,log-0003943,log-0003943,user-00143,tablet,iOS,2.4.1,view,287,2633,2691,1800295725,1800296012,1
logs-row-0003944,log-0003944,log-0003944,user-00144,phone,iOS,2.4.0,logout,307,2664,2728,1800295800,1800296107,1
logs-row-0003945,log-0003945,log-0003945,user-00145,laptop,iOS,2.5.1,login,326,2695,2765,1800295875,1800296201,1
logs-row-0003946,log-0003946,log-0003946,user-00146,desktop,iOS,2.5.0,purchase,344,2726,2802,1800295950,1800296294,1
logs-row-0003947,log-0003947,log-0003947,user-00147,tablet,iOS,2.4.1,login_failed,45,2757,2839,1800296025,1800296070,0
logs-row-0003948,log-0003948,log-0003948,user-00148,phone,iOS,2.4.0,view,380,2788,2876,1800296100,1800296480,1
logs-row-0003949,log-0003949,log-0003949,user-00149,laptop,iOS,2.5.1,logout,399,2819,2913,1800296175,1800296574,1
logs-row-0003950,log-0003950,log-0003950,user-00150,desktop,iOS,2.5.0,login,419,2850,2950,1800296250,1800296669,1
logs-row-0003951,log-0003951,log-0003951,user-00151,tablet,iOS,2.4.1,purchase,435,2881,2987,1800296325,1800296760,1
logs-row-0003952,log-0003952,log-0003952,user-00152,phone,iOS,2.4.0,login_failed,45,2912,3024,1800296400,1800296445,0
logs-row-0003953,log-0003953,log-0003953,user-00153,laptop,iOS,2.5.1,view,477,2943,3061,1800296475,1800296952,1
logs-row-0003954,log-0003954,log-0003954,user-00154,desktop,iOS,2.5.0,logout,494,2974,3098,1800296550,1800297044,1
logs-row-0003955,log-0003955,log-0003955,user-00155,tablet,iOS,2.4.1,login,513,3005,3135,1800296625,1800297138,1
logs-row-0003956,log-0003956,log-0003956,user-00156,phone,iOS,2.4.0,purchase,531,3036,3172,1800296700,1800297231,1
logs-row-0003957,log-0003957,log-0003957,user-00157,laptop,iOS,2.5.1,login_failed,45,3067,3209,1800296775,1800296820,0
logs-row-0003958,log-0003958,log-0003958,user-00158,desktop,iOS,2.5.0,view,573,3098,3246,1800296850,1800297423,1
logs-row-0003959,log-0003959,log-0003959,user-00159,tablet,iOS,2.4.1,logout,593,3129,3283,1800296925,1800297518,1
logs-row-0003960,log-0003960,log-0003960,user-00160,phone,iOS,2.4.0,login,608,3160,3320,1800297000,1800297608,1
logs-row-0003961,log-0003961,log-0003961,user-00161,laptop,iOS,2.5.1,purchase,631,3191,3357,1800297075,1800297706,1
logs-row-0003962,log-0003962,log-0003962,user-00162,desktop,iOS,2.5.0,login_failed,45,3222,3394,1800297150,1800297195,0
logs-row-0003963,log-0003963,log-0003963,user-00163,tablet,iOS,2.4.1,view,666,3253,3431,1800297225,1800297891,1
logs-row-0003964,log-0003964,log-0003964,user-00164,phone,iOS,2.4.0,logout,685,3284,3468,1800297300,1800297985,1
logs-row-0003965,log-0003965,log-0003965,user-00165,laptop,iOS,2.5.1,login,705,3315,3505,1800297375,1800298080,1
logs-row-0003966,log-0003966,log-0003966,user-00166,desktop,iOS,2.5.0,purchase,719,3346,3542,1800297450,1800298169,1
logs-row-0003967,log-0003967,log-0003967,user-00167,tablet,iOS,2.4.1,login_failed,45,3377,3579,1800297525,1800297570,0
logs-row-0003968,log-0003968,log-0003968,user-00168,phone,iOS,2.4.0,view,764,3408,3616,1800297600,1800298364,1
logs-row-0003969,log-0003969,log-0003969,user-00169,laptop,iOS,2.5.1,logout,780,3439,3653,1800297675,1800298455,1
logs-row-0003970,log-0003970,log-0003970,user-00170,desktop,iOS,2.5.0,login,797,3470,3690,1800297750,1800298547,1
logs-row-0003971,log-0003971,log-0003971,user-00171,tablet,iOS,2.4.1,purchase,818,3501,3727,1800297825,1800298643,1
logs-row-0003972,log-0003972,log-0003972,user-00172,phone,iOS,2.4.0,login_failed,45,3532,3764,1800297900,1800297945,0
logs-row-0003973,log-0003973,log-0003973,user-00173,laptop,iOS,2.5.1,view,853,3563,3801,1800297975,1800298828,1
logs-row-0003974,log-0003974,log-0003974,user-00174,desktop,iOS,2.5.0,logout,873,3594,3838,1800298050,1800298923,1
logs-row-0003975,log-0003975,log-0003975,user-00175,tablet,iOS,2.4.1,login,890,3625,3875,1800298125,1800299015,1
logs-row-0003976,log-0003976,log-0003976,user-00176,phone,iOS,2.4.0,purchase,911,3656,3912,1800298200,1800299111,1
logs-row-0003977,log-0003977,log-0003977,user-00177,laptop,iOS,2.5.1,login_failed,45,3687,3949,1800298275,1800298320,0
logs-row-0003978,log-0003978,log-0003978,user-00178,desktop,iOS,2.5.0,view,948,3718,3986,1800298350,1800299298,1
logs-row-0003979,log-0003979,log-0003979,user-00179,tablet,iOS,2.4.1,logout,72,3749,4023,1800298425,1800298497,1
logs-row-0003980,log-0003980,log-0003980,user-00180,phone,iOS,2.4.0,login,89,3780,4060,1800298500,1800298589,1
logs-row-0003981,log-0003981,log-0003981,user-00181,laptop,iOS,2.5.1,purchase,105,3811,4097,1800298575,1800298680,1
logs-row-0003982,log-0003982,log-0003982,user-00182,desktop,iOS,2.5.0,login_failed,45,3842,4134,1800298650,1800298695,0
logs-row-0003983,log-0003983,log-0003983,user-00183,tablet,iOS,2.4.1,view,149,3873,4171,1800298725,1800298874,1
logs-row-0003984,log-0003984,log-0003984,user-00184,phone,iOS,2.4.0,logout,166,3904,4208,1800298800,1800298966,1
logs-row-0003985,log-0003985,log-0003985,user-00185,laptop,iOS,2.5.1,login,183,3935,4245,1800298875,1800299058,1
logs-row-0003986,log-0003986,log-0003986,user-00186,desktop,iOS,2.5.0,purchase,203,3966,4282,1800298950,1800299153,1
logs-row-0003987,log-0003987,log-0003987,user-00187,tablet,iOS,2.4.1,login_failed,45,3997,4319,1800299025,1800299070,0
logs-row-0003988,log-0003988,log-0003988,user-00188,phone,iOS,2.4.0,view,242,4028,4356,1800299100,1800299342,1
logs-row-0003989,log-0003989,log-0003989,user-00189,laptop,iOS,2.5.1,logout,261,4059,4393,1800299175,1800299436,1
logs-row-0003990,log-0003990,log-0003990,user-00190,desktop,iOS,2.5.0,login,279,4090,4430,1800299250,1800299529,1
logs-row-0003991,log-0003991,log-0003991,user-00191,tablet,iOS,2.4.1,purchase,294,4121,4467,1800299325,1800299619,1
logs-row-0003992,log-0003992,log-0003992,user-00192,phone,iOS,2.4.0,login_failed,45,4152,4504,1800299400,1800299445,0
logs-row-0003993,log-0003993,log-0003993,user-00193,laptop,iOS,2.5.1,view,334,4183,4541,1800299475,1800299809,1
logs-row-0003994,log-0003994,log-0003994,user-00194,desktop,iOS,2.5.0,logout,355,4214,4578,1800299550,1800299905,1
logs-row-0003995,log-0003995,log-0003995,user-00195,tablet,iOS,2.4.1,login,370,4245,4615,1800299625,1800299995,1
logs-row-0003996,log-0003996,log-0003996,user-00196,phone,iOS,2.4.0,purchase,391,4276,4652,1800299700,1800300091,1
logs-row-0003997,log-0003997,log-0003997,user-00197,laptop,iOS,2.5.1,login_failed,45,4307,4689,1800299775,1800299820,0
logs-row-0003998,log-0003998,log-0003998,user-00198,desktop,iOS,2.5.0,view,433,4338,4726,1800299850,1800300283,1
logs-row-0003999,log-0003999,log-0003999,user-00199,tablet,iOS,2.4.1,logout,451,4369,4763,1800299925,1800300376,1
logs-row-0004000,log-0004000,log-0004000,user-00000,phone,iOS,2.4.0,login,472,4400,4800,1800300000,1800300472,1
logs-row-0004001,log-0004001,log-0004001,user-00001,laptop,iOS,2.5.1,purchase,491,4431,4837,1800300075,1800300566,1
logs-row-0004002,log-0004002,log-0004002,user-00002,desktop,iOS,2.5.0,login_failed,45,4462,4874,1800300150,1800300195,0
logs-row-0004003,log-0004003,log-0004003,user-00003,tablet,iOS,2.4.1,view,524,4493,4911,1800300225,1800300749,1
logs-row-0004004,log-0004004,log-0004004,user-00004,phone,iOS,2.4.0,logout,544,4524,4948,1800300300,1800300844,1
logs-row-0004005,log-0004005,log-0004005,user-00005,laptop,iOS,2.5.1,login,561,4555,4985,1800300375,1800300936,1
logs-row-0004006,log-0004006,log-0004006,user-00006,desktop,iOS,2.5.0,purchase,582,4586,5022,1800300450,1800301032,1
logs-row-0004007,log-0004007,log-0004007,user-00007,tablet,iOS,2.4.1,login_failed,45,4617,5059,1800300525,1800300570,0
logs-row-0004008,log-0004008,log-0004008,user-00008,phone,iOS,2.4.0,view,624,4648,5096,1800300600,1800301224,1
logs-row-0004009,log-0004009,log-0004009,user-00009,laptop,iOS,2.5.1,logout,642,4679,5133,1800300675,1800301317,1
logs-row-0004010,log-0004010,log-0004010,user-00010,desktop,iOS,2.5.0,login,655,4710,5170,1800300750,1800301405,1
logs-row-0004011,log-0004011,log-0004011,user-00011,tablet,iOS,2.4.1,purchase,681,4741,5207,1800300825,1800301506,1
logs-row-0004012,log-0004012,log-0004012,user-00012,phone,iOS,2.4.0,login_failed,45,4772,5244,1800300900,1800300945,0
logs-row-0004013,log-0004013,log-0004013,user-00013,laptop,iOS,2.5.1,view,715,4803,5281,1800300975,1800301690,1
logs-row-0004014,log-0004014,log-0004014,user-00014,desktop,iOS,2.5.0,logout,731,4834,5318,1800301050,1800301781,1
logs-row-0004015,log-0004015,log-0004015,user-00015,tablet,iOS,2.4.1,login,754,4865,5355,1800301125,1800301879,1
logs-row-0004016,log-0004016,log-0004016,user-00016,phone,iOS,2.4.0,purchase,771,4896,5392,1800301200,1800301971,1
logs-row-0004017,log-0004017,log-0004017,user-00017,laptop,iOS,2.5.1,login_failed,45,4927,5429,1800301275,1800301320,0
logs-row-0004018,log-0004018,log-0004018,user-00018,desktop,iOS,2.5.0,view,810,4958,5466,1800301350,1800302160,1
logs-row-0004019,log-0004019,log-0004019,user-00019,tablet,iOS,2.4.1,logout,829,4989,5503,1800301425,1800302254,1
logs-row-0004020,log-0004020,log-0004020,user-00020,phone,iOS,2.4.0,login,845,5020,5540,1800301500,1800302345,1
logs-row-0004021,log-0004021,log-0004021,user-00021,laptop,iOS,2.5.1,purchase,870,5051,5577,1800301575,1800302445,1
logs-row-0004022,log-0004022,log-0004022,user-00022,desktop,iOS,2.5.0,login_failed,45,5082,5614,1800301650,1800301695,0
logs-row-0004023,log-0004023,log-0004023,user-00023,tablet,iOS,2.4.1,view,903,5113,5651,1800301725,1800302628,1
logs-row-0004024,log-0004024,log-0004024,user-00024,phone,iOS,2.4.0,logout,928,5144,5688,1800301800,1800302728,1
logs-row-0004025,log-0004025,log-0004025,user-00025,laptop,iOS,2.5.1,login,946,5175,5725,1800301875,1800302821,1
logs-row-0004026,log-0004026,log-0004026,user-00026,desktop,iOS,2.5.0,purchase,963,5206,5762,1800301950,1800302913,1
logs-row-0004027,log-0004027,log-0004027,user-00027,tablet,iOS,2.4.1,login_failed,21,5237,5799,1800302025,1800302046,0
logs-row-0004028,log-0004028,log-0004028,user-00028,phone,iOS,2.4.0,view,97,5268,5836,1800302100,1800302197,1
logs-row-0004029,log-0004029,log-0004029,user-00029,laptop,iOS,2.5.1,logout,122,5299,5873,1800302175,1800302297,1
logs-row-0004030,log-0004030,log-0004030,user-00030,desktop,iOS,2.5.0,login,141,5330,5910,1800302250,1800302391,1
logs-row-0004031,log-0004031,log-0004031,user-00031,tablet,iOS,2.4.1,purchase,156,5361,5947,1800302325,1800302481,1
logs-row-0004032,log-0004032,log-0004032,user-00032,phone,iOS,2.4.0,login_failed,45,5392,5984,1800302400,1800302445,0
logs-row-0004033,log-0004033,log-0004033,user-00033,laptop,iOS,2.5.1,view,194,423,6021,1800302475,1800302669,1
logs-row-0004034,log-0004034,log-0004034,user-00034,desktop,iOS,2.5.0,logout,214,454,6058,1800302550,1800302764,1
logs-row-0004035,log-0004035,log-0004035,user-00035,tablet,iOS,2.4.1,login,233,485,6095,1800302625,1800302858,1
logs-row-0004036,log-0004036,log-0004036,user-00036,phone,iOS,2.4.0,purchase,252,516,6132,1800302700,1800302952,1
logs-row-0004037,log-0004037,log-0004037,user-00037,laptop,iOS,2.5.1,login_failed,45,547,6169,1800302775,1800302820,0
logs-row-0004038,log-0004038,log-0004038,user-00038,desktop,iOS,2.5.0,view,289,578,6206,1800302850,1800303139,1
logs-row-0004039,log-0004039,log-0004039,user-00039,tablet,iOS,2.4.1,logout,308,609,6243,1800302925,1800303233,1
logs-row-0004040,log-0004040,log-0004040,user-00040,phone,iOS,2.4.0,login,330,640,6280,1800303000,1800303330,1
logs-row-0004041,log-0004041,log-0004041,user-00041,laptop,iOS,2.5.1,purchase,348,671,6317,1800303075,1800303423,1
logs-row-0004042,log-0004042,log-0004042,user-00042,desktop,iOS,2.5.0,login_failed,45,702,6354,1800303150,1800303195,0
logs-row-0004043,log-0004043,log-0004043,user-00043,tablet,iOS,2.4.1,view,389,733,6391,1800303225,1800303614,1
logs-row-0004044,log-0004044,log-0004044,user-00044,phone,iOS,2.4.0,logout,405,764,6428,1800303300,1800303705,1
logs-row-0004045,log-0004045,log-0004045,user-00045,laptop,iOS,2.5.1,login,424,795,6465,1800303375,1800303799,1
logs-row-0004046,log-0004046,log-0004046,user-00046,desktop,iOS,2.5.0,purchase,440,826,6502,1800303450,1800303890,1
logs-row-0004047,log-0004047,log-0004047,user-00047,tablet,iOS,2.4.1,login_failed,45,857,6539,1800303525,1800303570,0
logs-row-0004048,log-0004048,log-0004048,user-00048,phone,iOS,2.4.0,view,481,888,6576,1800303600,1800304081,1
logs-row-0004049,log-0004049,log-0004049,user-00049,laptop,iOS,2.5.1,logout,503,919,6613,1800303675,1800304178,1
logs-row-0004050,log-0004050,log-0004050,user-00050,desktop,iOS,2.5.0,login,515,950,6650,1800303750,1800304265,1
logs-row-0004051,log-0004051,log-0004051,user-00051,tablet,iOS,2.4.1,purchase,536,981,6687,1800303825,1800304361,1
logs-row-0004052,log-0004052,log-0004052,user-00052,phone,iOS,2.4.0,login_failed,45,1012,6724,1800303900,1800303945,0
logs-row-0004053,log-0004053,log-0004053,user-00053,laptop,iOS,2.5.1,view,574,1043,6761,1800303975,1800304549,1
logs-row-0004054,log-0004054,log-0004054,user-00054,desktop,iOS,2.5.0,logout,591,1074,6798,1800304050,1800304641,1
logs-row-0004055,log-0004055,log-0004055,user-00055,tablet,iOS,2.4.1,login,614,1105,6835,1800304125,1800304739,1
logs-row-0004056,log-0004056,log-0004056,user-00056,phone,iOS,2.4.0,purchase,632,1136,6872,1800304200,1800304832,1
logs-row-0004057,log-0004057,log-0004057,user-00057,laptop,iOS,2.5.1,login_failed,45,1167,6909,1800304275,1800304320,0
logs-row-0004058,log-0004058,log-0004058,user-00058,desktop,iOS,2.5.0,view,669,1198,6946,1800304350,1800305019,1
logs-row-0004059,log-0004059,log-0004059,user-00059,tablet,iOS,2.4.1,logout,689,1229,6983,1800304425,1800305114,1
logs-row-0004060,log-0004060,log-0004060,user-00060,phone,iOS,2.4.0,login,712,1260,7020,1800304500,1800305212,1
logs-row-0004061,log-0004061,log-0004061,user-00061,laptop,iOS,2.5.1,purchase,731,1291,7057,1800304575,1800305306,1
logs-row-0004062,log-0004062,log-0004062,user-00062,desktop,iOS,2.5.0,login_failed,45,1322,7094,1800304650,1800304695,0
logs-row-0004063,log-0004063,log-0004063,user-00063,tablet,iOS,2.4.1,view,764,1353,7131,1800304725,1800305489,1
logs-row-0004064,log-0004064,log-0004064,user-00064,phone,iOS,2.4.0,logout,787,1384,7168,1800304800,1800305587,1
logs-row-0004065,log-0004065,log-0004065,user-00065,laptop,iOS,2.5.1,login,804,1415,7205,1800304875,1800305679,1
logs-row-0004066,log-0004066,log-0004066,user-00066,desktop,iOS,2.5.0,purchase,824,1446,7242,1800304950,1800305774,1
logs-row-0004067,log-0004067,log-0004067,user-00067,tablet,iOS,2.4.1,login_failed,45,1477,7279,1800305025,1800305070,0
logs-row-0004068,log-0004068,log-0004068,user-00068,phone,iOS,2.4.0,view,861,1508,7316,1800305100,1800305961,1
logs-row-0004069,log-0004069,log-0004069,user-00069,laptop,iOS,2.5.1,logout,881,1539,7353,1800305175,1800306056,1
logs-row-0004070,log-0004070,log-0004070,user-00070,desktop,iOS,2.5.0,login,899,1570,7390,1800305250,1800306149,1
logs-row-0004071,log-0004071,log-0004071,user-00071,tablet,iOS,2.4.1,purchase,914,1601,7427,1800305325,1800306239,1
logs-row-0004072,log-0004072,log-0004072,user-00072,phone,iOS,2.4.0,login_failed,45,1632,7464,1800305400,1800305445,0
logs-row-0004073,log-0004073,log-0004073,user-00073,laptop,iOS,2.5.1,view,952,1663,7501,1800305475,1800306427,1
logs-row-0004074,log-0004074,log-0004074,user-00074,desktop,iOS,2.5.0,logout,73,1694,7538,1800305550,1800305623,1
logs-row-0004075,log-0004075,log-0004075,user-00075,tablet,iOS,2.4.1,login,93,1725,7575,1800305625,1800305718,1
logs-row-0004076,log-0004076,log-0004076,user-00076,phone,iOS,2.4.0,purchase,110,1756,7612,1800305700,1800305810,1
logs-row-0004077,log-0004077,log-0004077,user-00077,laptop,iOS,2.5.1,login_failed,45,1787,7649,1800305775,1800305820,0
logs-row-0004078,log-0004078,log-0004078,user-00078,desktop,iOS,2.5.0,view,153,1818,7686,1800305850,1800306003,1
logs-row-0004079,log-0004079,log-0004079,user-00079,tablet,iOS,2.4.1,logout,168,1849,7723,1800305925,1800306093,1
logs-row-0004080,log-0004080,log-0004080,user-00080,phone,iOS,2.4.0,login,186,1880,7760,1800306000,1800306186,1
logs-row-0004081,log-0004081,log-0004081,user-00081,laptop,iOS,2.5.1,purchase,209,1911,7797,1800306075,1800306284,1
logs-row-0004082,log-0004082,log-0004082,user-00082,desktop,iOS,2.5.0,login_failed,45,1942,7834,1800306150,1800306195,0
logs-row-0004083,log-0004083,log-0004083,user-00083,tablet,iOS,2.4.1,view,244,1973,7871,1800306225,1800306469,1
logs-row-0004084,log-0004084,log-0004084,user-00084,phone,iOS,2.4.0,logout,267,2004,7908,1800306300,1800306567,1
logs-row-0004085,log-0004085,log-0004085,user-00085,laptop,iOS,2.5.1,login,285,2035,7945,1800306375,1800306660,1
logs-row-0004086,log-0004086,log-0004086,user-00086,desktop,iOS,2.5.0,purchase,301,2066,7982,1800306450,1800306751,1
logs-row-0004087,log-0004087,log-0004087,user-00087,tablet,iOS,2.4.1,login_failed,45,2097,8019,1800306525,1800306570,0
logs-row-0004088,log-0004088,log-0004088,user-00088,phone,iOS,2.4.0,view,341,2128,8056,1800306600,1800306941,1
logs-row-0004089,log-0004089,log-0004089,user-00089,laptop,iOS,2.5.1,logout,360,2159,8093,1800306675,1800307035,1
logs-row-0004090,log-0004090,log-0004090,user-00090,desktop,iOS,2.5.0,login,378,2190,8130,1800306750,1800307128,1
logs-row-0004091,log-0004091,log-0004091,user-00091,tablet,iOS,2.4.1,purchase,395,2221,8167,1800306825,1800307220,1
logs-row-0004092,log-0004092,log-0004092,user-00092,phone,iOS,2.4.0,login_failed,45,2252,8204,1800306900,1800306945,0
logs-row-0004093,log-0004093,log-0004093,user-00093,laptop,iOS,2.5.1,view,435,2283,8241,1800306975,1800307410,1
logs-row-0004094,log-0004094,log-0004094,user-00094,desktop,iOS,2.5.0,logout,456,2314,8278,1800307050,1800307506,1
logs-row-0004095,log-0004095,log-0004095,user-00095,tablet,iOS,2.4.1,login,475,2345,8315,1800307125,1800307600,1
logs-row-0004096,log-0004096,log-0004096,user-00096,phone,iOS,2.4.0,purchase,490,2376,8352,1800307200,1800307690,1
logs-row-0004097,log-0004097,log-0004097,user-00097,laptop,iOS,2.5.1,login_failed,45,2407,8389,1800307275,1800307320,0
logs-row-0004098,log-0004098,log-0004098,user-00098,desktop,iOS,2.5.0,view,533,2438,8426,1800307350,1800307883,1
logs-row-0004099,log-0004099,log-0004099,user-00099,tablet,iOS,2.4.1,logout,553,2469,8463,1800307425,1800307978,1
logs-row-0004100,log-0004100,log-0004100,user-00100,phone,iOS,2.4.0,login,569,2500,8500,1800307500,1800308069,1
logs-row-0004101,log-0004101,log-0004101,user-00101,laptop,iOS,2.5.1,purchase,584,2531,8537,1800307575,1800308159,1
logs-row-0004102,log-0004102,log-0004102,user-00102,desktop,iOS,2.5.0,login_failed,45,2562,8574,1800307650,1800307695,0
logs-row-0004103,log-0004103,log-0004103,user-00103,tablet,iOS,2.4.1,view,622,2593,8611,1800307725,1800308347,1
logs-row-0004104,log-0004104,log-0004104,user-00104,phone,iOS,2.4.0,logout,641,2624,8648,1800307800,1800308441,1
logs-row-0004105,log-0004105,log-0004105,user-00105,laptop,iOS,2.5.1,login,663,2655,8685,1800307875,1800308538,1
logs-row-0004106,log-0004106,log-0004106,user-00106,desktop,iOS,2.5.0,purchase,685,2686,8722,1800307950,1800308635,1
logs-row-0004107,log-0004107,log-0004107,user-00107,tablet,iOS,2.4.1,login_failed,45,2717,8759,1800308025,1800308070,0
logs-row-0004108,log-0004108,log-0004108,user-00108,phone,iOS,2.4.0,view,722,2748,8796,1800308100,1800308822,1
logs-row-0004109,log-0004109,log-0004109,user-00109,laptop,iOS,2.5.1,logout,738,2779,8833,1800308175,1800308913,1
logs-row-0004110,log-0004110,log-0004110,user-00110,desktop,iOS,2.5.0,login,755,2810,8870,1800308250,1800309005,1
logs-row-0004111,log-0004111,log-0004111,user-00111,tablet,iOS,2.4.1,purchase,780,2841,8907,1800308325,1800309105,1
logs-row-0004112,log-0004112,log-0004112,user-00112,phone,iOS,2.4.0,login_failed,45,2872,8944,1800308400,1800308445,0
logs-row-0004113,log-0004113,log-0004113,user-00113,laptop,iOS,2.5.1,view,813,2903,8981,1800308475,1800309288,1
logs-row-0004114,log-0004114,log-0004114,user-00114,desktop,iOS,2.5.0,logout,838,2934,9018,1800308550,1800309388,1
logs-row-0004115,log-0004115,log-0004115,user-00115,tablet,iOS,2.4.1,login,856,2965,9055,1800308625,1800309481,1
logs-row-0004116,log-0004116,log-0004116,user-00116,phone,iOS,2.4.0,purchase,873,2996,9092,1800308700,1800309573,1
logs-row-0004117,log-0004117,log-0004117,user-00117,laptop,iOS,2.5.1,login_failed,45,3027,9129,1800308775,1800308820,0
logs-row-0004118,log-0004118,log-0004118,user-00118,desktop,iOS,2.5.0,view,913,3058,9166,1800308850,1800309763,1
logs-row-0004119,log-0004119,log-0004119,user-00119,tablet,iOS,2.4.1,logout,929,3089,9203,1800308925,1800309854,1
logs-row-0004120,log-0004120,log-0004120,user-00120,phone,iOS,2.4.0,login,949,3120,9240,1800309000,1800309949,1
logs-row-0004121,log-0004121,log-0004121,user-00121,laptop,iOS,2.5.1,purchase,69,3151,9277,1800309075,1800309144,1
logs-row-0004122,log-0004122,log-0004122,user-00122,desktop,iOS,2.5.0,login_failed,30,3182,9314,1800309150,1800309180,0
logs-row-0004123,log-0004123,log-0004123,user-00123,tablet,iOS,2.4.1,view,105,3213,9351,1800309225,1800309330,1
logs-row-0004124,log-0004124,log-0004124,user-00124,phone,iOS,2.4.0,logout,126,3244,9388,1800309300,1800309426,1
logs-row-0004125,log-0004125,log-0004125,user-00125,laptop,iOS,2.5.1,login,146,3275,9425,1800309375,1800309521,1
logs-row-0004126,log-0004126,log-0004126,user-00126,desktop,iOS,2.5.0,purchase,162,3306,9462,1800309450,1800309612,1
logs-row-0004127,log-0004127,log-0004127,user-00127,tablet,iOS,2.4.1,login_failed,45,3337,9499,1800309525,1800309570,0
logs-row-0004128,log-0004128,log-0004128,user-00128,phone,iOS,2.4.0,view,200,3368,9536,1800309600,1800309800,1
logs-row-0004129,log-0004129,log-0004129,user-00129,laptop,iOS,2.5.1,logout,223,3399,9573,1800309675,1800309898,1
logs-row-0004130,log-0004130,log-0004130,user-00130,desktop,iOS,2.5.0,login,240,3430,9610,1800309750,1800309990,1
logs-row-0004131,log-0004131,log-0004131,user-00131,tablet,iOS,2.4.1,purchase,259,3461,9647,1800309825,1800310084,1
logs-row-0004132,log-0004132,log-0004132,user-00132,phone,iOS,2.4.0,login_failed,45,3492,9684,1800309900,1800309945,0
logs-row-0004133,log-0004133,log-0004133,user-00133,laptop,iOS,2.5.1,view,296,3523,9721,1800309975,1800310271,1
logs-row-0004134,log-0004134,log-0004134,user-00134,desktop,iOS,2.5.0,logout,318,3554,9758,1800310050,1800310368,1
logs-row-0004135,log-0004135,log-0004135,user-00135,tablet,iOS,2.4.1,login,335,3585,9795,1800310125,1800310460,1
logs-row-0004136,log-0004136,log-0004136,user-00136,phone,iOS,2.4.0,purchase,350,3616,9832,1800310200,1800310550,1
logs-row-0004137,log-0004137,log-0004137,user-00137,laptop,iOS,2.5.1,login_failed,45,3647,9869,1800310275,1800310320,0
logs-row-0004138,log-0004138,log-0004138,user-00138,desktop,iOS,2.5.0,view,391,3678,9906,1800310350,1800310741,1
logs-row-0004139,log-0004139,log-0004139,user-00139,tablet,iOS,2.4.1,logout,406,3709,9943,1800310425,1800310831,1
logs-row-0004140,log-0004140,log-0004140,user-00140,phone,iOS,2.4.0,login,425,3740,9980,1800310500,1800310925,1
logs-row-0004141,log-0004141,log-0004141,user-00141,laptop,iOS,2.5.1,purchase,446,3771,10017,1800310575,1800311021,1
logs-row-0004142,log-0004142,log-0004142,user-00142,desktop,iOS,2.5.0,login_failed,45,3802,10054,1800310650,1800310695,0
logs-row-0004143,log-0004143,log-0004143,user-00143,tablet,iOS,2.4.1,view,488,3833,10091,1800310725,1800311213,1
logs-row-0004144,log-0004144,log-0004144,user-00144,phone,iOS,2.4.0,logout,502,3864,10128,1800310800,1800311302,1
logs-row-0004145,log-0004145,log-0004145,user-00145,laptop,iOS,2.5.1,login,521,3895,10165,1800310875,1800311396,1
logs-row-0004146,log-0004146,log-0004146,user-00146,desktop,iOS,2.5.0,purchase,546,3926,10202,1800310950,1800311496,1
logs-row-0004147,log-0004147,log-0004147,user-00147,tablet,iOS,2.4.1,login_failed,45,3957,10239,1800311025,1800311070,0
logs-row-0004148,log-0004148,log-0004148,user-00148,phone,iOS,2.4.0,view,582,3988,10276,1800311100,1800311682,1
logs-row-0004149,log-0004149,log-0004149,user-00149,laptop,iOS,2.5.1,logout,598,4019,10313,1800311175,1800311773,1
logs-row-0004150,log-0004150,log-0004150,user-00150,desktop,iOS,2.5.0,login,621,4050,10350,1800311250,1800311871,1
logs-row-0004151,log-0004151,log-0004151,user-00151,tablet,iOS,2.4.1,purchase,640,4081,10387,1800311325,1800311965,1
logs-row-0004152,log-0004152,log-0004152,user-00152,phone,iOS,2.4.0,login_failed,45,4112,10424,1800311400,1800311445,0
logs-row-0004153,log-0004153,log-0004153,user-00153,laptop,iOS,2.5.1,view,673,4143,10461,1800311475,1800312148,1
logs-row-0004154,log-0004154,log-0004154,user-00154,desktop,iOS,2.5.0,logout,695,4174,10498,1800311550,1800312245,1
logs-row-0004155,log-0004155,log-0004155,user-00155,tablet,iOS,2.4.1,login,713,4205,10535,1800311625,1800312338,1
logs-row-0004156,log-0004156,log-0004156,user-00156,phone,iOS,2.4.0,purchase,733,4236,10572,1800311700,1800312433,1
logs-row-0004157,log-0004157,log-0004157,user-00157,laptop,iOS,2.5.1,login_failed,45,4267,10609,1800311775,1800311820,0
logs-row-0004158,log-0004158,log-0004158,user-00158,desktop,iOS,2.5.0,view,771,4298,10646,1800311850,1800312621,1
logs-row-0004159,log-0004159,log-0004159,user-00159,tablet,iOS,2.4.1,logout,790,4329,10683,1800311925,1800312715,1
logs-row-0004160,log-0004160,log-0004160,user-00160,phone,iOS,2.4.0,login,810,4360,10720,1800312000,1800312810,1
logs-row-0004161,log-0004161,log-0004161,user-00161,laptop,iOS,2.5.1,purchase,828,4391,10757,1800312075,1800312903,1
logs-row-0004162,log-0004162,log-0004162,user-00162,desktop,iOS,2.5.0,login_failed,45,4422,10794,1800312150,1800312195,0
logs-row-0004163,log-0004163,log-0004163,user-00163,tablet,iOS,2.4.1,view,867,4453,10831,1800312225,1800313092,1
logs-row-0004164,log-0004164,log-0004164,user-00164,phone,iOS,2.4.0,logout,886,4484,10868,1800312300,1800313186,1
logs-row-0004165,log-0004165,log-0004165,user-00165,laptop,iOS,2.5.1,login,907,4515,10905,1800312375,1800313282,1
logs-row-0004166,log-0004166,log-0004166,user-00166,desktop,iOS,2.5.0,purchase,921,4546,10942,1800312450,1800313371,1
logs-row-0004167,log-0004167,log-0004167,user-00167,tablet,iOS,2.4.1,login_failed,45,4577,10979,1800312525,1800312570,0
logs-row-0004168,log-0004168,log-0004168,user-00168,phone,iOS,2.4.0,view,959,4608,11016,1800312600,1800313559,1
logs-row-0004169,log-0004169,log-0004169,user-00169,laptop,iOS,2.5.1,logout,83,4639,11053,1800312675,1800312758,1
logs-row-0004170,log-0004170,log-0004170,user-00170,desktop,iOS,2.5.0,login,100,4670,11090,1800312750,1800312850,1
logs-row-0004171,log-0004171,log-0004171,user-00171,tablet,iOS,2.4.1,purchase,119,4701,11127,1800312825,1800312944,1
logs-row-0004172,log-0004172,log-0004172,user-00172,phone,iOS,2.4.0,login_failed,45,4732,11164,1800312900,1800312945,0
logs-row-0004173,log-0004173,log-0004173,user-00173,laptop,iOS,2.5.1,view,153,4763,11201,1800312975,1800313128,1
logs-row-0004174,log-0004174,log-0004174,user-00174,desktop,iOS,2.5.0,logout,176,4794,11238,1800313050,1800313226,1
logs-row-0004175,log-0004175,log-0004175,user-00175,tablet,iOS,2.4.1,login,191,4825,11275,1800313125,1800313316,1
logs-row-0004176,log-0004176,log-0004176,user-00176,phone,iOS,2.4.0,purchase,211,4856,11312,1800313200,1800313411,1
logs-row-0004177,log-0004177,log-0004177,user-00177,laptop,iOS,2.5.1,login_failed,45,4887,11349,1800313275,1800313320,0
logs-row-0004178,log-0004178,log-0004178,user-00178,desktop,iOS,2.5.0,view,248,4918,11386,1800313350,1800313598,1
logs-row-0004179,log-0004179,log-0004179,user-00179,tablet,iOS,2.4.1,logout,268,4949,11423,1800313425,1800313693,1
logs-row-0004180,log-0004180,log-0004180,user-00180,phone,iOS,2.4.0,login,287,4980,11460,1800313500,1800313787,1
logs-row-0004181,log-0004181,log-0004181,user-00181,laptop,iOS,2.5.1,purchase,304,5011,11497,1800313575,1800313879,1
logs-row-0004182,log-0004182,log-0004182,user-00182,desktop,iOS,2.5.0,login_failed,45,5042,11534,1800313650,1800313695,0
logs-row-0004183,log-0004183,log-0004183,user-00183,tablet,iOS,2.4.1,view,344,5073,11571,1800313725,1800314069,1
logs-row-0004184,log-0004184,log-0004184,user-00184,phone,iOS,2.4.0,logout,362,5104,11608,1800313800,1800314162,1
logs-row-0004185,log-0004185,log-0004185,user-00185,laptop,iOS,2.5.1,login,383,5135,11645,1800313875,1800314258,1
logs-row-0004186,log-0004186,log-0004186,user-00186,desktop,iOS,2.5.0,purchase,404,5166,11682,1800313950,1800314354,1
logs-row-0004187,log-0004187,log-0004187,user-00187,tablet,iOS,2.4.1,login_failed,45,5197,11719,1800314025,1800314070,0
logs-row-0004188,log-0004188,log-0004188,user-00188,phone,iOS,2.4.0,view,442,5228,11756,1800314100,1800314542,1
logs-row-0004189,log-0004189,log-0004189,user-00189,laptop,iOS,2.5.1,logout,461,5259,11793,1800314175,1800314636,1
logs-row-0004190,log-0004190,log-0004190,user-00190,desktop,iOS,2.5.0,login,477,5290,11830,1800314250,1800314727,1
logs-row-0004191,log-0004191,log-0004191,user-00191,tablet,iOS,2.4.1,purchase,497,5321,11867,1800314325,1800314822,1
logs-row-0004192,log-0004192,log-0004192,user-00192,phone,iOS,2.4.0,login_failed,45,5352,11904,1800314400,1800314445,0
logs-row-0004193,log-0004193,log-0004193,user-00193,laptop,iOS,2.5.1,view,538,5383,11941,1800314475,1800315013,1
logs-row-0004194,log-0004194,log-0004194,user-00194,desktop,iOS,2.5.0,logout,554,414,11978,1800314550,1800315104,1
logs-row-0004195,log-0004195,log-0004195,user-00195,tablet,iOS,2.4.1,login,574,445,12015,1800314625,1800315199,1
logs-row-0004196,log-0004196,log-0004196,user-00196,phone,iOS,2.4.0,purchase,593,476,12052,1800314700,1800315293,1
logs-row-0004197,log-0004197,log-0004197,user-00197,laptop,iOS,2.5.1,login_failed,45,507,12089,1800314775,1800314820,0
logs-row-0004198,log-0004198,log-0004198,user-00198,desktop,iOS,2.5.0,view,634,538,12126,1800314850,1800315484,1
logs-row-0004199,log-0004199,log-0004199,user-00199,tablet,iOS,2.4.1,logout,649,569,12163,1800314925,1800315574,1
logs-row-0004200,log-0004200,log-0004200,user-00000,phone,iOS,2.4.0,login,667,600,12200,1800315000,1800315667,1
logs-row-0004201,log-0004201,log-0004201,user-00001,laptop,iOS,2.5.1,purchase,691,631,12237,1800315075,1800315766,1
logs-row-0004202,log-0004202,log-0004202,user-00002,desktop,iOS,2.5.0,login_failed,45,662,12274,1800315150,1800315195,0
logs-row-0004203,log-0004203,log-0004203,user-00003,tablet,iOS,2.4.1,view,726,693,12311,1800315225,1800315951,1
logs-row-0004204,log-0004204,log-0004204,user-00004,phone,iOS,2.4.0,logout,742,724,12348,1800315300,1800316042,1
logs-row-0004205,log-0004205,log-0004205,user-00005,laptop,iOS,2.5.1,login,765,755,12385,1800315375,1800316140,1
logs-row-0004206,log-0004206,log-0004206,user-00006,desktop,iOS,2.5.0,purchase,780,786,12422,1800315450,1800316230,1
logs-row-0004207,log-0004207,log-0004207,user-00007,tablet,iOS,2.4.1,login_failed,45,817,12459,1800315525,1800315570,0
logs-row-0004208,log-0004208,log-0004208,user-00008,phone,iOS,2.4.0,view,820,848,12496,1800315600,1800316420,1
logs-row-0004209,log-0004209,log-0004209,user-00009,laptop,iOS,2.5.1,logout,841,879,12533,1800315675,1800316516,1
logs-row-0004210,log-0004210,log-0004210,user-00010,desktop,iOS,2.5.0,login,862,910,12570,1800315750,1800316612,1
logs-row-0004211,log-0004211,log-0004211,user-00011,tablet,iOS,2.4.1,purchase,881,941,12607,1800315825,1800316706,1
logs-row-0004212,log-0004212,log-0004212,user-00012,phone,iOS,2.4.0,login_failed,45,972,12644,1800315900,1800315945,0
logs-row-0004213,log-0004213,log-0004213,user-00013,laptop,iOS,2.5.1,view,918,1003,12681,1800315975,1800316893,1
logs-row-0004214,log-0004214,log-0004214,user-00014,desktop,iOS,2.5.0,logout,933,1034,12718,1800316050,1800316983,1
logs-row-0004215,log-0004215,log-0004215,user-00015,tablet,iOS,2.4.1,login,956,1065,12755,1800316125,1800317081,1
logs-row-0004216,log-0004216,log-0004216,user-00016,phone,iOS,2.4.0,purchase,76,1096,12792,1800316200,1800316276,1
logs-row-0004217,log-0004217,log-0004217,user-00017,laptop,iOS,2.5.1,login_failed,35,1127,829,1800316275,1800316310,0
logs-row-0004218,log-0004218,log-0004218,user-00018,desktop,iOS,2.5.0,view,113,1158,866,1800316350,1800316463,1
logs-row-0004219,log-0004219,log-0004219,user-00019,tablet,iOS,2.4.1,logout,128,1189,903,1800316425,1800316553,1
logs-row-0004220,log-0004220,log-0004220,user-00020,phone,iOS,2.4.0,login,150,1220,940,1800316500,1800316650,1
logs-row-0004221,log-0004221,log-0004221,user-00021,laptop,iOS,2.5.1,purchase,167,1251,977,1800316575,1800316742,1
logs-row-0004222,log-0004222,log-0004222,user-00022,desktop,iOS,2.5.0,login_failed,45,1282,1014,1800316650,1800316695,0
logs-row-0004223,log-0004223,log-0004223,user-00023,tablet,iOS,2.4.1,view,203,1313,1051,1800316725,1800316928,1
logs-row-0004224,log-0004224,log-0004224,user-00024,phone,iOS,2.4.0,logout,227,1344,1088,1800316800,1800317027,1
logs-row-0004225,log-0004225,log-0004225,user-00025,laptop,iOS,2.5.1,login,245,1375,1125,1800316875,1800317120,1
logs-row-0004226,log-0004226,log-0004226,user-00026,desktop,iOS,2.5.0,purchase,266,1406,1162,1800316950,1800317216,1
logs-row-0004227,log-0004227,log-0004227,user-00027,tablet,iOS,2.4.1,login_failed,45,1437,1199,1800317025,1800317070,0
logs-row-0004228,log-0004228,log-0004228,user-00028,phone,iOS,2.4.0,view,303,1468,1236,1800317100,1800317403,1
logs-row-0004229,log-0004229,log-0004229,user-00029,laptop,iOS,2.5.1,logout,318,1499,1273,1800317175,1800317493,1
logs-row-0004230,log-0004230,log-0004230,user-00030,desktop,iOS,2.5.0,login,335,1530,1310,1800317250,1800317585,1
logs-row-0004231,log-0004231,log-0004231,user-00031,tablet,iOS,2.4.1,purchase,361,1561,1347,1800317325,1800317686,1
logs-row-0004232,log-0004232,log-0004232,user-00032,phone,iOS,2.4.0,login_failed,45,1592,1384,1800317400,1800317445,0
logs-row-0004233,log-0004233,log-0004233,user-00033,laptop,iOS,2.5.1,view,396,1623,1421,1800317475,1800317871,1
logs-row-0004234,log-0004234,log-0004234,user-00034,desktop,iOS,2.5.0,logout,411,1654,1458,1800317550,1800317961,1
logs-row-0004235,log-0004235,log-0004235,user-00035,tablet,iOS,2.4.1,login,435,1685,1495,1800317625,1800318060,1
logs-row-0004236,log-0004236,log-0004236,user-00036,phone,iOS,2.4.0,purchase,450,1716,1532,1800317700,1800318150,1
logs-row-0004237,log-0004237,log-0004237,user-00037,laptop,iOS,2.5.1,login_failed,45,1747,1569,1800317775,1800317820,0
logs-row-0004238,log-0004238,log-0004238,user-00038,desktop,iOS,2.5.0,view,491,1778,1606,1800317850,1800318341,1
logs-row-0004239,log-0004239,log-0004239,user-00039,tablet,iOS,2.4.1,logout,506,1809,1643,1800317925,1800318431,1
logs-row-0004240,log-0004240,log-0004240,user-00040,phone,iOS,2.4.0,login,527,1840,1680,1800318000,1800318527,1
logs-row-0004241,log-0004241,log-0004241,user-00041,laptop,iOS,2.5.1,purchase,544,1871,1717,1800318075,1800318619,1
logs-row-0004242,log-0004242,log-0004242,user-00042,desktop,iOS,2.5.0,login_failed,45,1902,1754,1800318150,1800318195,0
logs-row-0004243,log-0004243,log-0004243,user-00043,tablet,iOS,2.4.1,view,588,1933,1791,1800318225,1800318813,1
logs-row-0004244,log-0004244,log-0004244,user-00044,phone,iOS,2.4.0,logout,607,1964,1828,1800318300,1800318907,1
logs-row-0004245,log-0004245,log-0004245,user-00045,laptop,iOS,2.5.1,login,623,1995,1865,1800318375,1800318998,1
logs-row-0004246,log-0004246,log-0004246,user-00046,desktop,iOS,2.5.0,purchase,641,2026,1902,1800318450,1800319091,1
logs-row-0004247,log-0004247,log-0004247,user-00047,tablet,iOS,2.4.1,login_failed,45,2057,1939,1800318525,1800318570,0
logs-row-0004248,log-0004248,log-0004248,user-00048,phone,iOS,2.4.0,view,684,2088,1976,1800318600,1800319284,1
logs-row-0004249,log-0004249,log-0004249,user-00049,laptop,iOS,2.5.1,logout,697,2119,2013,1800318675,1800319372,1
logs-row-0004250,log-0004250,log-0004250,user-00050,desktop,iOS,2.5.0,login,722,2150,2050,1800318750,1800319472,1
logs-row-0004251,log-0004251,log-0004251,user-00051,tablet,iOS,2.4.1,purchase,738,2181,2087,1800318825,1800319563,1
logs-row-0004252,log-0004252,log-0004252,user-00052,phone,iOS,2.4.0,login_failed,45,2212,2124,1800318900,1800318945,0
logs-row-0004253,log-0004253,log-0004253,user-00053,laptop,iOS,2.5.1,view,774,2243,2161,1800318975,1800319749,1
logs-row-0004254,log-0004254,log-0004254,user-00054,desktop,iOS,2.5.0,logout,797,2274,2198,1800319050,1800319847,1
logs-row-0004255,log-0004255,log-0004255,user-00055,tablet,iOS,2.4.1,login,812,2305,2235,1800319125,1800319937,1
logs-row-0004256,log-0004256,log-0004256,user-00056,phone,iOS,2.4.0,purchase,831,2336,2272,1800319200,1800320031,1
logs-row-0004257,log-0004257,log-0004257,user-00057,laptop,iOS,2.5.1,login_failed,45,2367,2309,1800319275,1800319320,0
logs-row-0004258,log-0004258,log-0004258,user-00058,desktop,iOS,2.5.0,view,868,2398,2346,1800319350,1800320218,1
logs-row-0004259,log-0004259,log-0004259,user-00059,tablet,iOS,2.4.1,logout,887,2429,2383,1800319425,1800320312,1
logs-row-0004260,log-0004260,log-0004260,user-00060,phone,iOS,2.4.0,login,911,2460,2420,1800319500,1800320411,1
logs-row-0004261,log-0004261,log-0004261,user-00061,laptop,iOS,2.5.1,purchase,924,2491,2457,1800319575,1800320499,1
logs-row-0004262,log-0004262,log-0004262,user-00062,desktop,iOS,2.5.0,login_failed,45,2522,2494,1800319650,1800319695,0
logs-row-0004263,log-0004263,log-0004263,user-00063,tablet,iOS,2.4.1,view,68,2553,2531,1800319725,1800319793,1
logs-row-0004264,log-0004264,log-0004264,user-00064,phone,iOS,2.4.0,logout,88,2584,2568,1800319800,1800319888,1
logs-row-0004265,log-0004265,log-0004265,user-00065,laptop,iOS,2.5.1,login,107,2615,2605,1800319875,1800319982,1
logs-row-0004266,log-0004266,log-0004266,user-00066,desktop,iOS,2.5.0,purchase,123,2646,2642,1800319950,1800320073,1
logs-row-0004267,log-0004267,log-0004267,user-00067,tablet,iOS,2.4.1,login_failed,45,2677,2679,1800320025,1800320070,0
logs-row-0004268,log-0004268,log-0004268,user-00068,phone,iOS,2.4.0,view,157,2708,2716,1800320100,1800320257,1
logs-row-0004269,log-0004269,log-0004269,user-00069,laptop,iOS,2.5.1,logout,183,2739,2753,1800320175,1800320358,1
logs-row-0004270,log-0004270,log-0004270,user-00070,desktop,iOS,2.5.0,login,202,2770,2790,1800320250,1800320452,1
logs-row-0004271,log-0004271,log-0004271,user-00071,tablet,iOS,2.4.1,purchase,221,2801,2827,1800320325,1800320546,1
logs-row-0004272,log-0004272,log-0004272,user-00072,phone,iOS,2.4.0,login_failed,45,2832,2864,1800320400,1800320445,0
logs-row-0004273,log-0004273,log-0004273,user-00073,laptop,iOS,2.5.1,view,258,2863,2901,1800320475,1800320733,1
logs-row-0004274,log-0004274,log-0004274,user-00074,desktop,iOS,2.5.0,logout,271,2894,2938,1800320550,1800320821,1
logs-row-0004275,log-0004275,log-0004275,user-00075,tablet,iOS,2.4.1,login,295,2925,2975,1800320625,1800320920,1
logs-row-0004276,log-0004276,log-0004276,user-00076,phone,iOS,2.4.0,purchase,310,2956,3012,1800320700,1800321010,1
logs-row-0004277,log-0004277,log-0004277,user-00077,laptop,iOS,2.5.1,login_failed,45,2987,3049,1800320775,1800320820,0
logs-row-0004278,log-0004278,log-0004278,user-00078,desktop,iOS,2.5.0,view,353,3018,3086,1800320850,1800321203,1
logs-row-0004279,log-0004279,log-0004279,user-00079,tablet,iOS,2.4.1,logout,367,3049,3123,1800320925,1800321292,1
logs-row-0004280,log-0004280,log-0004280,user-00080,phone,iOS,2.4.0,login,392,3080,3160,1800321000,1800321392,1
logs-row-0004281,log-0004281,log-0004281,user-00081,laptop,iOS,2.5.1,purchase,408,3111,3197,1800321075,1800321483,1
logs-row-0004282,log-0004282,log-0004282,user-00082,desktop,iOS,2.5.0,login_failed,45,3142,3234,1800321150,1800321195,0
logs-row-0004283,log-0004283,log-0004283,user-00083,tablet,iOS,2.4.1,view,442,3173,3271,1800321225,1800321667,1
logs-row-0004284,log-0004284,log-0004284,user-00084,phone,iOS,2.4.0,logout,466,3204,3308,1800321300,1800321766,1
logs-row-0004285,log-0004285,log-0004285,user-00085,laptop,iOS,2.5.1,login,480,3235,3345,1800321375,1800321855,1
logs-row-0004286,log-0004286,log-0004286,user-00086,desktop,iOS,2.5.0,purchase,503,3266,3382,1800321450,1800321953,1
logs-row-0004287,log-0004287,log-0004287,user-00087,tablet,iOS,2.4.1,login_failed,45,3297,3419,1800321525,1800321570,0
logs-row-0004288,log-0004288,log-0004288,user-00088,phone,iOS,2.4.0,view,542,3328,3456,1800321600,1800322142,1
logs-row-0004289,log-0004289,log-0004289,user-00089,laptop,iOS,2.5.1,logout,556,3359,3493,1800321675,1800322231,1
logs-row-0004290,log-0004290,log-0004290,user-00090,desktop,iOS,2.5.0,login,577,3390,3530,1800321750,1800322327,1
logs-row-0004291,log-0004291,log-0004291,user-00091,tablet,iOS,2.4.1,purchase,598,3421,3567,1800321825,1800322423,1
logs-row-0004292,log-0004292,log-0004292,user-00092,phone,iOS,2.4.0,login_failed,45,3452,3604,1800321900,1800321945,0
logs-row-0004293,log-0004293,log-0004293,user-00093,laptop,iOS,2.5.1,view,634,3483,3641,1800321975,1800322609,1
logs-row-0004294,log-0004294,log-0004294,user-00094,desktop,iOS,2.5.0,logout,652,3514,3678,1800322050,1800322702,1
logs-row-0004295,log-0004295,log-0004295,user-00095,tablet,iOS,2.4.1,login,674,3545,3715,1800322125,1800322799,1
logs-row-0004296,log-0004296,log-0004296,user-00096,phone,iOS,2.4.0,purchase,691,3576,3752,1800322200,1800322891,1
logs-row-0004297,log-0004297,log-0004297,user-00097,laptop,iOS,2.5.1,login_failed,45,3607,3789,1800322275,1800322320,0
logs-row-0004298,log-0004298,log-0004298,user-00098,desktop,iOS,2.5.0,view,734,3638,3826,1800322350,1800323084,1
logs-row-0004299,log-0004299,log-0004299,user-00099,tablet,iOS,2.4.1,logout,747,3669,3863,1800322425,1800323172,1
logs-row-0004300,log-0004300,log-0004300,user-00100,phone,iOS,2.4.0,login,771,3700,3900,1800322500,1800323271,1
logs-row-0004301,log-0004301,log-0004301,user-00101,laptop,iOS,2.5.1,purchase,786,3731,3937,1800322575,1800323361,1
logs-row-0004302,log-0004302,log-0004302,user-00102,desktop,iOS,2.5.0,login_failed,45,3762,3974,1800322650,1800322695,0
logs-row-0004303,log-0004303,log-0004303,user-00103,tablet,iOS,2.4.1,view,822,3793,4011,1800322725,1800323547,1
logs-row-0004304,log-0004304,log-0004304,user-00104,phone,iOS,2.4.0,logout,843,3824,4048,1800322800,1800323643,1
logs-row-0004305,log-0004305,log-0004305,user-00105,laptop,iOS,2.5.1,login,864,3855,4085,1800322875,1800323739,1
logs-row-0004306,log-0004306,log-0004306,user-00106,desktop,iOS,2.5.0,purchase,885,3886,4122,1800322950,1800323835,1
logs-row-0004307,log-0004307,log-0004307,user-00107,tablet,iOS,2.4.1,login_failed,45,3917,4159,1800323025,1800323070,0
logs-row-0004308,log-0004308,log-0004308,user-00108,phone,iOS,2.4.0,view,920,3948,4196,1800323100,1800324020,1
logs-row-0004309,log-0004309,log-0004309,user-00109,laptop,iOS,2.5.1,logout,936,3979,4233,1800323175,1800324111,1
logs-row-0004310,log-0004310,log-0004310,user-00110,desktop,iOS,2.5.0,login,959,4010,4270,1800323250,1800324209,1
logs-row-0004311,log-0004311,log-0004311,user-00111,tablet,iOS,2.4.1,purchase,80,4041,4307,1800323325,1800323405,1
logs-row-0004312,log-0004312,log-0004312,user-00112,phone,iOS,2.4.0,login_failed,34,4072,4344,1800323400,1800323434,0
logs-row-0004313,log-0004313,log-0004313,user-00113,laptop,iOS,2.5.1,view,112,4103,4381,1800323475,1800323587,1
logs-row-0004314,log-0004314,log-0004314,user-00114,desktop,iOS,2.5.0,logout,135,4134,4418,1800323550,1800323685,1
logs-row-0004315,log-0004315,log-0004315,user-00115,tablet,iOS,2.4.1,login,151,4165,4455,1800323625,1800323776,1
logs-row-0004316,log-0004316,log-0004316,user-00116,phone,iOS,2.4.0,purchase,175,4196,4492,1800323700,1800323875,1
logs-row-0004317,log-0004317,log-0004317,user-00117,laptop,iOS,2.5.1,login_failed,45,4227,4529,1800323775,1800323820,0
logs-row-0004318,log-0004318,log-0004318,user-00118,desktop,iOS,2.5.0,view,213,4258,4566,1800323850,1800324063,1
logs-row-0004319,log-0004319,log-0004319,user-00119,tablet,iOS,2.4.1,logout,228,4289,4603,1800323925,1800324153,1
logs-row-0004320,log-0004320,log-0004320,user-00120,phone,iOS,2.4.0,login,249,4320,4640,1800324000,1800324249,1
logs-row-0004321,log-0004321,log-0004321,user-00121,laptop,iOS,2.5.1,purchase,265,4351,4677,1800324075,1800324340,1
logs-row-0004322,log-0004322,log-0004322,user-00122,desktop,iOS,2.5.0,login_failed,45,4382,4714,1800324150,1800324195,0
logs-row-0004323,log-0004323,log-0004323,user-00123,tablet,iOS,2.4.1,view,303,4413,4751,1800324225,1800324528,1
logs-row-0004324,log-0004324,log-0004324,user-00124,phone,iOS,2.4.0,logout,328,4444,4788,1800324300,1800324628,1
logs-row-0004325,log-0004325,log-0004325,user-00125,laptop,iOS,2.5.1,login,342,4475,4825,1800324375,1800324717,1
logs-row-0004326,log-0004326,log-0004326,user-00126,desktop,iOS,2.5.0,purchase,366,4506,4862,1800324450,1800324816,1
logs-row-0004327,log-0004327,log-0004327,user-00127,tablet,iOS,2.4.1,login_failed,45,4537,4899,1800324525,1800324570,0
logs-row-0004328,log-0004328,log-0004328,user-00128,phone,iOS,2.4.0,view,399,4568,4936,1800324600,1800324999,1
logs-row-0004329,log-0004329,log-0004329,user-00129,laptop,iOS,2.5.1,logout,421,4599,4973,1800324675,1800325096,1
logs-row-0004330,log-0004330,log-0004330,user-00130,desktop,iOS,2.5.0,login,442,4630,5010,1800324750,1800325192,1
logs-row-0004331,log-0004331,log-0004331,user-00131,tablet,iOS,2.4.1,purchase,461,4661,5047,1800324825,1800325286,1
logs-row-0004332,log-0004332,log-0004332,user-00132,phone,iOS,2.4.0,login_failed,45,4692,5084,1800324900,1800324945,0
logs-row-0004333,log-0004333,log-0004333,user-00133,laptop,iOS,2.5.1,view,493,4723,5121,1800324975,1800325468,1
logs-row-0004334,log-0004334,log-0004334,user-00134,desktop,iOS,2.5.0,logout,513,4754,5158,1800325050,1800325563,1
logs-row-0004335,log-0004335,log-0004335,user-00135,tablet,iOS,2.4.1,login,530,4785,5195,1800325125,1800325655,1
logs-row-0004336,log-0004336,log-0004336,user-00136,phone,iOS,2.4.0,purchase,549,4816,5232,1800325200,1800325749,1
logs-row-0004337,log-0004337,log-0004337,user-00137,laptop,iOS,2.5.1,login_failed,45,4847,5269,1800325275,1800325320,0
logs-row-0004338,log-0004338,log-0004338,user-00138,desktop,iOS,2.5.0,view,589,4878,5306,1800325350,1800325939,1
logs-row-0004339,log-0004339,log-0004339,user-00139,tablet,iOS,2.4.1,logout,612,4909,5343,1800325425,1800326037,1
logs-row-0004340,log-0004340,log-0004340,user-00140,phone,iOS,2.4.0,login,629,4940,5380,1800325500,1800326129,1
logs-row-0004341,log-0004341,log-0004341,user-00141,laptop,iOS,2.5.1,purchase,648,4971,5417,1800325575,1800326223,1
logs-row-0004342,log-0004342,log-0004342,user-00142,desktop,iOS,2.5.0,login_failed,45,5002,5454,1800325650,1800325695,0
logs-row-0004343,log-0004343,log-0004343,user-00143,tablet,iOS,2.4.1,view,684,5033,5491,1800325725,1800326409,1
logs-row-0004344,log-0004344,log-0004344,user-00144,phone,iOS,2.4.0,logout,706,5064,5528,1800325800,1800326506,1
logs-row-0004345,log-0004345,log-0004345,user-00145,laptop,iOS,2.5.1,login,723,5095,5565,1800325875,1800326598,1
logs-row-0004346,log-0004346,log-0004346,user-00146,desktop,iOS,2.5.0,purchase,746,5126,5602,1800325950,1800326696,1
logs-row-0004347,log-0004347,log-0004347,user-00147,tablet,iOS,2.4.1,login_failed,45,5157,5639,1800326025,1800326070,0
logs-row-0004348,log-0004348,log-0004348,user-00148,phone,iOS,2.4.0,view,780,5188,5676,1800326100,1800326880,1
logs-row-0004349,log-0004349,log-0004349,user-00149,laptop,iOS,2.5.1,logout,799,5219,5713,1800326175,1800326974,1
logs-row-0004350,log-0004350,log-0004350,user-00150,desktop,iOS,2.5.0,login,821,5250,5750,1800326250,1800327071,1
logs-row-0004351,log-0004351,log-0004351,user-00151,tablet,iOS,2.4.1,purchase,836,5281,5787,1800326325,1800327161,1
logs-row-0004352,log-0004352,log-0004352,user-00152,phone,iOS,2.4.0,login_failed,45,5312,5824,1800326400,1800326445,0
logs-row-0004353,log-0004353,log-0004353,user-00153,laptop,iOS,2.5.1,view,875,5343,5861,1800326475,1800327350,1
logs-row-0004354,log-0004354,log-0004354,user-00154,desktop,iOS,2.5.0,logout,894,5374,5898,1800326550,1800327444,1
logs-row-0004355,log-0004355,log-0004355,user-00155,tablet,iOS,2.4.1,login,911,405,5935,1800326625,1800327536,1
logs-row-0004356,log-0004356,log-0004356,user-00156,phone,iOS,2.4.0,purchase,929,436,5972,1800326700,1800327629,1
logs-row-0004357,log-0004357,log-0004357,user-00157,laptop,iOS,2.5.1,login_failed,45,467,6009,1800326775,1800326820,0
logs-row-0004358,log-0004358,log-0004358,user-00158,desktop,iOS,2.5.0,view,73,498,6046,1800326850,1800326923,1
logs-row-0004359,log-0004359,log-0004359,user-00159,tablet,iOS,2.4.1,logout,93,529,6083,1800326925,1800327018,1
logs-row-0004360,log-0004360,log-0004360,user-00160,phone,iOS,2.4.0,login,110,560,6120,1800327000,1800327110,1
logs-row-0004361,log-0004361,log-0004361,user-00161,laptop,iOS,2.5.1,purchase,129,591,6157,1800327075,1800327204,1
logs-row-0004362,log-0004362,log-0004362,user-00162,desktop,iOS,2.5.0,login_failed,45,622,6194,1800327150,1800327195,0
logs-row-0004363,log-0004363,log-0004363,user-00163,tablet,iOS,2.4.1,view,168,653,6231,1800327225,1800327393,1
logs-row-0004364,log-0004364,log-0004364,user-00164,phone,iOS,2.4.0,logout,184,684,6268,1800327300,1800327484,1
logs-row-0004365,log-0004365,log-0004365,user-00165,laptop,iOS,2.5.1,login,203,715,6305,1800327375,1800327578,1
logs-row-0004366,log-0004366,log-0004366,user-00166,desktop,iOS,2.5.0,purchase,225,746,6342,1800327450,1800327675,1
logs-row-0004367,log-0004367,log-0004367,user-00167,tablet,iOS,2.4.1,login_failed,45,777,6379,1800327525,1800327570,0
logs-row-0004368,log-0004368,log-0004368,user-00168,phone,iOS,2.4.0,view,257,808,6416,1800327600,1800327857,1
logs-row-0004369,log-0004369,log-0004369,user-00169,laptop,iOS,2.5.1,logout,279,839,6453,1800327675,1800327954,1
logs-row-0004370,log-0004370,log-0004370,user-00170,desktop,iOS,2.5.0,login,298,870,6490,1800327750,1800328048,1
logs-row-0004371,log-0004371,log-0004371,user-00171,tablet,iOS,2.4.1,purchase,315,901,6527,1800327825,1800328140,1
logs-row-0004372,log-0004372,log-0004372,user-00172,phone,iOS,2.4.0,login_failed,45,932,6564,1800327900,1800327945,0
logs-row-0004373,log-0004373,log-0004373,user-00173,laptop,iOS,2.5.1,view,353,963,6601,1800327975,1800328328,1
logs-row-0004374,log-0004374,log-0004374,user-00174,desktop,iOS,2.5.0,logout,378,994,6638,1800328050,1800328428,1
logs-row-0004375,log-0004375,log-0004375,user-00175,tablet,iOS,2.4.1,login,394,1025,6675,1800328125,1800328519,1
logs-row-0004376,log-0004376,log-0004376,user-00176,phone,iOS,2.4.0,purchase,416,1056,6712,1800328200,1800328616,1
logs-row-0004377,log-0004377,log-0004377,user-00177,laptop,iOS,2.5.1,login_failed,45,1087,6749,1800328275,1800328320,0
logs-row-0004378,log-0004378,log-0004378,user-00178,desktop,iOS,2.5.0,view,447,1118,6786,1800328350,1800328797,1
logs-row-0004379,log-0004379,log-0004379,user-00179,tablet,iOS,2.4.1,logout,473,1149,6823,1800328425,1800328898,1
logs-row-0004380,log-0004380,log-0004380,user-00180,phone,iOS,2.4.0,login,487,1180,6860,1800328500,1800328987,1
logs-row-0004381,log-0004381,log-0004381,user-00181,laptop,iOS,2.5.1,purchase,505,1211,6897,1800328575,1800329080,1
logs-row-0004382,log-0004382,log-0004382,user-00182,desktop,iOS,2.5.0,login_failed,45,1242,6934,1800328650,1800328695,0
logs-row-0004383,log-0004383,log-0004383,user-00183,tablet,iOS,2.4.1,view,547,1273,6971,1800328725,1800329272,1
logs-row-0004384,log-0004384,log-0004384,user-00184,phone,iOS,2.4.0,logout,566,1304,7008,1800328800,1800329366,1
logs-row-0004385,log-0004385,log-0004385,user-00185,laptop,iOS,2.5.1,login,583,1335,7045,1800328875,1800329458,1
logs-row-0004386,log-0004386,log-0004386,user-00186,desktop,iOS,2.5.0,purchase,599,1366,7082,1800328950,1800329549,1
logs-row-0004387,log-0004387,log-0004387,user-00187,tablet,iOS,2.4.1,login_failed,45,1397,7119,1800329025,1800329070,0
logs-row-0004388,log-0004388,log-0004388,user-00188,phone,iOS,2.4.0,view,641,1428,7156,1800329100,1800329741,1
logs-row-0004389,log-0004389,log-0004389,user-00189,laptop,iOS,2.5.1,logout,660,1459,7193,1800329175,1800329835,1
logs-row-0004390,log-0004390,log-0004390,user-00190,desktop,iOS,2.5.0,login,682,1490,7230,1800329250,1800329932,1
logs-row-0004391,log-0004391,log-0004391,user-00191,tablet,iOS,2.4.1,purchase,695,1521,7267,1800329325,1800330020,1
logs-row-0004392,log-0004392,log-0004392,user-00192,phone,iOS,2.4.0,login_failed,45,1552,7304,1800329400,1800329445,0
logs-row-0004393,log-0004393,log-0004393,user-00193,laptop,iOS,2.5.1,view,736,1583,7341,1800329475,1800330211,1
logs-row-0004394,log-0004394,log-0004394,user-00194,desktop,iOS,2.5.0,logout,753,1614,7378,1800329550,1800330303,1
logs-row-0004395,log-0004395,log-0004395,user-00195,tablet,iOS,2.4.1,login,770,1645,7415,1800329625,1800330395,1
logs-row-0004396,log-0004396,log-0004396,user-00196,phone,iOS,2.4.0,purchase,795,1676,7452,1800329700,1800330495,1
logs-row-0004397,log-0004397,log-0004397,user-00197,laptop,iOS,2.5.1,login_failed,45,1707,7489,1800329775,1800329820,0
logs-row-0004398,log-0004398,log-0004398,user-00198,desktop,iOS,2.5.0,view,834,1738,7526,1800329850,1800330684,1
logs-row-0004399,log-0004399,log-0004399,user-00199,tablet,iOS,2.4.1,logout,851,1769,7563,1800329925,1800330776,1
logs-row-0004400,log-0004400,log-0004400,user-00000,phone,iOS,2.4.0,login,871,1800,7600,1800330000,1800330871,1
logs-row-0004401,log-0004401,log-0004401,user-00001,laptop,iOS,2.5.1,purchase,891,1831,7637,1800330075,1800330966,1
logs-row-0004402,log-0004402,log-0004402,user-00002,desktop,iOS,2.5.0,login_failed,45,1862,7674,1800330150,1800330195,0
logs-row-0004403,log-0004403,log-0004403,user-00003,tablet,iOS,2.4.1,view,926,1893,7711,1800330225,1800331151,1
logs-row-0004404,log-0004404,log-0004404,user-00004,phone,iOS,2.4.0,logout,947,1924,7748,1800330300,1800331247,1
logs-row-0004405,log-0004405,log-0004405,user-00005,laptop,iOS,2.5.1,login,65,1955,7785,1800330375,1800330440,1
logs-row-0004406,log-0004406,log-0004406,user-00006,desktop,iOS,2.5.0,purchase,81,1986,7822,1800330450,1800330531,1
logs-row-0004407,log-0004407,log-0004407,user-00007,tablet,iOS,2.4.1,login_failed,43,2017,7859,1800330525,1800330568,0
logs-row-0004408,log-0004408,log-0004408,user-00008,phone,iOS,2.4.0,view,118,2048,7896,1800330600,1800330718,1
logs-row-0004409,log-0004409,log-0004409,user-00009,laptop,iOS,2.5.1,logout,143,2079,7933,1800330675,1800330818,1
logs-row-0004410,log-0004410,log-0004410,user-00010,desktop,iOS,2.5.0,login,159,2110,7970,1800330750,1800330909,1
logs-row-0004411,log-0004411,log-0004411,user-00011,tablet,iOS,2.4.1,purchase,179,2141,8007,1800330825,1800331004,1
logs-row-0004412,log-0004412,log-0004412,user-00012,phone,iOS,2.4.0,login_failed,45,2172,8044,1800330900,1800330945,0
logs-row-0004413,log-0004413,log-0004413,user-00013,laptop,iOS,2.5.1,view,216,2203,8081,1800330975,1800331191,1
logs-row-0004414,log-0004414,log-0004414,user-00014,desktop,iOS,2.5.0,logout,238,2234,8118,1800331050,1800331288,1
logs-row-0004415,log-0004415,log-0004415,user-00015,tablet,iOS,2.4.1,login,256,2265,8155,1800331125,1800331381,1
logs-row-0004416,log-0004416,log-0004416,user-00016,phone,iOS,2.4.0,purchase,270,2296,8192,1800331200,1800331470,1
logs-row-0004417,log-0004417,log-0004417,user-00017,laptop,iOS,2.5.1,login_failed,45,2327,8229,1800331275,1800331320,0
logs-row-0004418,log-0004418,log-0004418,user-00018,desktop,iOS,2.5.0,view,312,2358,8266,1800331350,1800331662,1
logs-row-0004419,log-0004419,log-0004419,user-00019,tablet,iOS,2.4.1,logout,326,2389,8303,1800331425,1800331751,1
logs-row-0004420,log-0004420,log-0004420,user-00020,phone,iOS,2.4.0,login,350,2420,8340,1800331500,1800331850,1
logs-row-0004421,log-0004421,log-0004421,user-00021,laptop,iOS,2.5.1,purchase,366,2451,8377,1800331575,1800331941,1
logs-row-0004422,log-0004422,log-0004422,user-00022,desktop,iOS,2.5.0,login_failed,45,2482,8414,1800331650,1800331695,0
logs-row-0004423,log-0004423,log-0004423,user-00023,tablet,iOS,2.4.1,view,403,2513,8451,1800331725,1800332128,1
logs-row-0004424,log-0004424,log-0004424,user-00024,phone,iOS,2.4.0,logout,421,2544,8488,1800331800,1800332221,1
logs-row-0004425,log-0004425,log-0004425,user-00025,laptop,iOS,2.5.1,login,444,2575,8525,1800331875,1800332319,1
logs-row-0004426,log-0004426,log-0004426,user-00026,desktop,iOS,2.5.0,purchase,465,2606,8562,1800331950,1800332415,1
logs-row-0004427,log-0004427,log-0004427,user-00027,tablet,iOS,2.4.1,login_failed,45,2637,8599,1800332025,1800332070,0
logs-row-0004428,log-0004428,log-0004428,user-00028,phone,iOS,2.4.0,view,498,2668,8636,1800332100,1800332598,1
logs-row-0004429,log-0004429,log-0004429,user-00029,laptop,iOS,2.5.1,logout,517,2699,8673,1800332175,1800332692,1
logs-row-0004430,log-0004430,log-0004430,user-00030,desktop,iOS,2.5.0,login,537,2730,8710,1800332250,1800332787,1
logs-row-0004431,log-0004431,log-0004431,user-00031,tablet,iOS,2.4.1,purchase,554,2761,8747,1800332325,1800332879,1
logs-row-0004432,log-0004432,log-0004432,user-00032,phone,iOS,2.4.0,login_failed,45,2792,8784,1800332400,1800332445,0
logs-row-0004433,log-0004433,log-0004433,user-00033,laptop,iOS,2.5.1,view,597,2823,8821,1800332475,1800333072,1
logs-row-0004434,log-0004434,log-0004434,user-00034,desktop,iOS,2.5.0,logout,611,2854,8858,1800332550,1800333161,1
logs-row-0004435,log-0004435,log-0004435,user-00035,tablet,iOS,2.4.1,login,634,2885,8895,1800332625,1800333259,1
logs-row-0004436,log-0004436,log-0004436,user-00036,phone,iOS,2.4.0,purchase,650,2916,8932,1800332700,1800333350,1
logs-row-0004437,log-0004437,log-0004437,user-00037,laptop,iOS,2.5.1,login_failed,45,2947,8969,1800332775,1800332820,0
logs-row-0004438,log-0004438,log-0004438,user-00038,desktop,iOS,2.5.0,view,694,2978,9006,1800332850,1800333544,1
logs-row-0004439,log-0004439,log-0004439,user-00039,tablet,iOS,2.4.1,logout,713,3009,9043,1800332925,1800333638,1
logs-row-0004440,log-0004440,log-0004440,user-00040,phone,iOS,2.4.0,login,731,3040,9080,1800333000,1800333731,1
logs-row-0004441,log-0004441,log-0004441,user-00041,laptop,iOS,2.5.1,purchase,749,3071,9117,1800333075,1800333824,1
logs-row-0004442,log-0004442,log-0004442,user-00042,desktop,iOS,2.5.0,login_failed,45,3102,9154,1800333150,1800333195,0
logs-row-0004443,log-0004443,log-0004443,user-00043,tablet,iOS,2.4.1,view,785,3133,9191,1800333225,1800334010,1
logs-row-0004444,log-0004444,log-0004444,user-00044,phone,iOS,2.4.0,logout,808,3164,9228,1800333300,1800334108,1
logs-row-0004445,log-0004445,log-0004445,user-00045,laptop,iOS,2.5.1,login,820,3195,9265,1800333375,1800334195,1
logs-row-0004446,log-0004446,log-0004446,user-00046,desktop,iOS,2.5.0,purchase,841,3226,9302,1800333450,1800334291,1
logs-row-0004447,log-0004447,log-0004447,user-00047,tablet,iOS,2.4.1,login_failed,45,3257,9339,1800333525,1800333570,0
logs-row-0004448,log-0004448,log-0004448,user-00048,phone,iOS,2.4.0,view,877,3288,9376,1800333600,1800334477,1
logs-row-0004449,log-0004449,log-0004449,user-00049,laptop,iOS,2.5.1,logout,902,3319,9413,1800333675,1800334577,1
logs-row-0004450,log-0004450,log-0004450,user-00050,desktop,iOS,2.5.0,login,921,3350,9450,1800333750,1800334671,1
logs-row-0004451,log-0004451,log-0004451,user-00051,tablet,iOS,2.4.1,purchase,941,3381,9487,1800333825,1800334766,1
logs-row-0004452,log-0004452,log-0004452,user-00052,phone,iOS,2.4.0,login_failed,45,3412,9524,1800333900,1800333945,0
logs-row-0004453,log-0004453,log-0004453,user-00053,laptop,iOS,2.5.1,view,78,3443,9561,1800333975,1800334053,1
logs-row-0004454,log-0004454,log-0004454,user-00054,desktop,iOS,2.5.0,logout,92,3474,9598,1800334050,1800334142,1
logs-row-0004455,log-0004455,log-0004455,user-00055,tablet,iOS,2.4.1,login,116,3505,9635,1800334125,1800334241,1
logs-row-0004456,log-0004456,log-0004456,user-00056,phone,iOS,2.4.0,purchase,133,3536,9672,1800334200,1800334333,1
logs-row-0004457,log-0004457,log-0004457,user-00057,laptop,iOS,2.5.1,login_failed,45,3567,9709,1800334275,1800334320,0
logs-row-0004458,log-0004458,log-0004458,user-00058,desktop,iOS,2.5.0,view,168,3598,9746,1800334350,1800334518,1
logs-row-0004459,log-0004459,log-0004459,user-00059,tablet,iOS,2.4.1,logout,193,3629,9783,1800334425,1800334618,1
logs-row-0004460,log-0004460,log-0004460,user-00060,phone,iOS,2.4.0,login,208,3660,9820,1800334500,1800334708,1
logs-row-0004461,log-0004461,log-0004461,user-00061,laptop,iOS,2.5.1,purchase,224,3691,9857,1800334575,1800334799,1
logs-row-0004462,log-0004462,log-0004462,user-00062,desktop,iOS,2.5.0,login_failed,45,3722,9894,1800334650,1800334695,0
logs-row-0004463,log-0004463,log-0004463,user-00063,tablet,iOS,2.4.1,view,269,3753,9931,1800334725,1800334994,1
logs-row-0004464,log-0004464,log-0004464,user-00064,phone,iOS,2.4.0,logout,284,3784,9968,1800334800,1800335084,1
logs-row-0004465,log-0004465,log-0004465,user-00065,laptop,iOS,2.5.1,login,303,3815,10005,1800334875,1800335178,1
logs-row-0004466,log-0004466,log-0004466,user-00066,desktop,iOS,2.5.0,purchase,326,3846,10042,1800334950,1800335276,1
logs-row-0004467,log-0004467,log-0004467,user-00067,tablet,iOS,2.4.1,login_failed,45,3877,10079,1800335025,1800335070,0
logs-row-0004468,log-0004468,log-0004468,user-00068,phone,iOS,2.4.0,view,357,3908,10116,1800335100,1800335457,1
logs-row-0004469,log-0004469,log-0004469,user-00069,laptop,iOS,2.5.1,logout,382,3939,10153,1800335175,1800335557,1
logs-row-0004470,log-0004470,log-0004470,user-00070,desktop,iOS,2.5.0,login,401,3970,10190,1800335250,1800335651,1
logs-row-0004471,log-0004471,log-0004471,user-00071,tablet,iOS,2.4.1,purchase,416,4001,10227,1800335325,1800335741,1
logs-row-0004472,log-0004472,log-0004472,user-00072,phone,iOS,2.4.0,login_failed,45,4032,10264,1800335400,1800335445,0
logs-row-0004473,log-0004473,log-0004473,user-00073,laptop,iOS,2.5.1,view,453,4063,10301,1800335475,1800335928,1
logs-row-0004474,log-0004474,log-0004474,user-00074,desktop,iOS,2.5.0,logout,474,4094,10338,1800335550,1800336024,1
logs-row-0004475,log-0004475,log-0004475,user-00075,tablet,iOS,2.4.1,login,494,4125,10375,1800335625,1800336119,1
logs-row-0004476,log-0004476,log-0004476,user-00076,phone,iOS,2.4.0,purchase,515,4156,10412,1800335700,1800336215,1
logs-row-0004477,log-0004477,log-0004477,user-00077,laptop,iOS,2.5.1,login_failed,45,4187,10449,1800335775,1800335820,0
logs-row-0004478,log-0004478,log-0004478,user-00078,desktop,iOS,2.5.0,view,547,4218,10486,1800335850,1800336397,1
logs-row-0004479,log-0004479,log-0004479,user-00079,tablet,iOS,2.4.1,logout,573,4249,10523,1800335925,1800336498,1
logs-row-0004480,log-0004480,log-0004480,user-00080,phone,iOS,2.4.0,login,586,4280,10560,1800336000,1800336586,1
logs-row-0004481,log-0004481,log-0004481,user-00081,laptop,iOS,2.5.1,purchase,606,4311,10597,1800336075,1800336681,1
logs-row-0004482,log-0004482,log-0004482,user-00082,desktop,iOS,2.5.0,login_failed,45,4342,10634,1800336150,1800336195,0
logs-row-0004483,log-0004483,log-0004483,user-00083,tablet,iOS,2.4.1,view,648,4373,10671,1800336225,1800336873,1
logs-row-0004484,log-0004484,log-0004484,user-00084,phone,iOS,2.4.0,logout,667,4404,10708,1800336300,1800336967,1
logs-row-0004485,log-0004485,log-0004485,user-00085,laptop,iOS,2.5.1,login,687,4435,10745,1800336375,1800337062,1
logs-row-0004486,log-0004486,log-0004486,user-00086,desktop,iOS,2.5.0,purchase,702,4466,10782,1800336450,1800337152,1
logs-row-0004487,log-0004487,log-0004487,user-00087,tablet,iOS,2.4.1,login_failed,45,4497,10819,1800336525,1800336570,0
logs-row-0004488,log-0004488,log-0004488,user-00088,phone,iOS,2.4.0,view,741,4528,10856,1800336600,1800337341,1
logs-row-0004489,log-0004489,log-0004489,user-00089,laptop,iOS,2.5.1,logout,759,4559,10893,1800336675,1800337434,1
logs-row-0004490,log-0004490,log-0004490,user-00090,desktop,iOS,2.5.0,login,777,4590,10930,1800336750,1800337527,1
logs-row-0004491,log-0004491,log-0004491,user-00091,tablet,iOS,2.4.1,purchase,798,4621,10967,1800336825,1800337623,1
logs-row-0004492,log-0004492,log-0004492,user-00092,phone,iOS,2.4.0,login_failed,45,4652,11004,1800336900,1800336945,0
logs-row-0004493,log-0004493,log-0004493,user-00093,laptop,iOS,2.5.1,view,839,4683,11041,1800336975,1800337814,1
logs-row-0004494,log-0004494,log-0004494,user-00094,desktop,iOS,2.5.0,logout,856,4714,11078,1800337050,1800337906,1
logs-row-0004495,log-0004495,log-0004495,user-00095,tablet,iOS,2.4.1,login,872,4745,11115,1800337125,1800337997,1
logs-row-0004496,log-0004496,log-0004496,user-00096,phone,iOS,2.4.0,purchase,890,4776,11152,1800337200,1800338090,1
logs-row-0004497,log-0004497,log-0004497,user-00097,laptop,iOS,2.5.1,login_failed,45,4807,11189,1800337275,1800337320,0
logs-row-0004498,log-0004498,log-0004498,user-00098,desktop,iOS,2.5.0,view,928,4838,11226,1800337350,1800338278,1
logs-row-0004499,log-0004499,log-0004499,user-00099,tablet,iOS,2.4.1,logout,950,4869,11263,1800337425,1800338375,1
logs-row-0004500,log-0004500,log-0004500,user-00100,phone,iOS,2.4.0,login,68,4900,11300,1800337500,1800337568,1
logs-row-0004501,log-0004501,log-0004501,user-00101,laptop,iOS,2.5.1,purchase,89,4931,11337,1800337575,1800337664,1
logs-row-0004502,log-0004502,log-0004502,user-00102,desktop,iOS,2.5.0,login_failed,45,4962,11374,1800337650,1800337695,0
logs-row-0004503,log-0004503,log-0004503,user-00103,tablet,iOS,2.4.1,view,129,4993,11411,1800337725,1800337854,1
logs-row-0004504,log-0004504,log-0004504,user-00104,phone,iOS,2.4.0,logout,147,5024,11448,1800337800,1800337947,1
logs-row-0004505,log-0004505,log-0004505,user-00105,laptop,iOS,2.5.1,login,167,5055,11485,1800337875,1800338042,1
logs-row-0004506,log-0004506,log-0004506,user-00106,desktop,iOS,2.5.0,purchase,183,5086,11522,1800337950,1800338133,1
logs-row-0004507,log-0004507,log-0004507,user-00107,tablet,iOS,2.4.1,login_failed,45,5117,11559,1800338025,1800338070,0
logs-row-0004508,log-0004508,log-0004508,user-00108,phone,iOS,2.4.0,view,218,5148,11596,1800338100,1800338318,1
logs-row-0004509,log-0004509,log-0004509,user-00109,laptop,iOS,2.5.1,logout,243,5179,11633,1800338175,1800338418,1
logs-row-0004510,log-0004510,log-0004510,user-00110,desktop,iOS,2.5.0,login,260,5210,11670,1800338250,1800338510,1
logs-row-0004511,log-0004511,log-0004511,user-00111,tablet,iOS,2.4.1,purchase,278,5241,11707,1800338325,1800338603,1
logs-row-0004512,log-0004512,log-0004512,user-00112,phone,iOS,2.4.0,login_failed,45,5272,11744,1800338400,1800338445,0
logs-row-0004513,log-0004513,log-0004513,user-00113,laptop,iOS,2.5.1,view,312,5303,11781,1800338475,1800338787,1
logs-row-0004514,log-0004514,log-0004514,user-00114,desktop,iOS,2.5.0,logout,336,5334,11818,1800338550,1800338886,1
logs-row-0004515,log-0004515,log-0004515,user-00115,tablet,iOS,2.4.1,login,353,5365,11855,1800338625,1800338978,1
logs-row-0004516,log-0004516,log-0004516,user-00116,phone,iOS,2.4.0,purchase,370,5396,11892,1800338700,1800339070,1
logs-row-0004517,log-0004517,log-0004517,user-00117,laptop,iOS,2.5.1,login_failed,45,427,11929,1800338775,1800338820,0
logs-row-0004518,log-0004518,log-0004518,user-00118,desktop,iOS,2.5.0,view,409,458,11966,1800338850,1800339259,1
logs-row-0004519,log-0004519,log-0004519,user-00119,tablet,iOS,2.4.1,logout,426,489,12003,1800338925,1800339351,1
logs-row-0004520,log-0004520,log-0004520,user-00120,phone,iOS,2.4.0,login,447,520,12040,1800339000,1800339447,1
logs-row-0004521,log-0004521,log-0004521,user-00121,laptop,iOS,2.5.1,purchase,465,551,12077,1800339075,1800339540,1
logs-row-0004522,log-0004522,log-0004522,user-00122,desktop,iOS,2.5.0,login_failed,45,582,12114,1800339150,1800339195,0
logs-row-0004523,log-0004523,log-0004523,user-00123,tablet,iOS,2.4.1,view,508,613,12151,1800339225,1800339733,1
logs-row-0004524,log-0004524,log-0004524,user-00124,phone,iOS,2.4.0,logout,522,644,12188,1800339300,1800339822,1
logs-row-0004525,log-0004525,log-0004525,user-00125,laptop,iOS,2.5.1,login,546,675,12225,1800339375,1800339921,1
logs-row-0004526,log-0004526,log-0004526,user-00126,desktop,iOS,2.5.0,purchase,563,706,12262,1800339450,1800340013,1
logs-row-0004527,log-0004527,log-0004527,user-00127,tablet,iOS,2.4.1,login_failed,45,737,12299,1800339525,1800339570,0
logs-row-0004528,log-0004528,log-0004528,user-00128,phone,iOS,2.4.0,view,600,768,12336,1800339600,1800340200,1
logs-row-0004529,log-0004529,log-0004529,user-00129,laptop,iOS,2.5.1,logout,621,799,12373,1800339675,1800340296,1
logs-row-0004530,log-0004530,log-0004530,user-00130,desktop,iOS,2.5.0,login,642,830,12410,1800339750,1800340392,1
logs-row-0004531,log-0004531,log-0004531,user-00131,tablet,iOS,2.4.1,purchase,657,861,12447,1800339825,1800340482,1
logs-row-0004532,log-0004532,log-0004532,user-00132,phone,iOS,2.4.0,login_failed,45,892,12484,1800339900,1800339945,0
logs-row-0004533,log-0004533,log-0004533,user-00133,laptop,iOS,2.5.1,view,694,923,12521,1800339975,1800340669,1
logs-row-0004534,log-0004534,log-0004534,user-00134,desktop,iOS,2.5.0,logout,714,954,12558,1800340050,1800340764,1
logs-row-0004535,log-0004535,log-0004535,user-00135,tablet,iOS,2.4.1,login,732,985,12595,1800340125,1800340857,1
logs-row-0004536,log-0004536,log-0004536,user-00136,phone,iOS,2.4.0,purchase,754,1016,12632,1800340200,1800340954,1
logs-row-0004537,log-0004537,log-0004537,user-00137,laptop,iOS,2.5.1,login_failed,45,1047,12669,1800340275,1800340320,0
logs-row-0004538,log-0004538,log-0004538,user-00138,desktop,iOS,2.5.0,view,788,1078,12706,1800340350,1800341138,1
logs-row-0004539,log-0004539,log-0004539,user-00139,tablet,iOS,2.4.1,logout,813,1109,12743,1800340425,1800341238,1
logs-row-0004540,log-0004540,log-0004540,user-00140,phone,iOS,2.4.0,login,831,1140,12780,1800340500,1800341331,1
logs-row-0004541,log-0004541,log-0004541,user-00141,laptop,iOS,2.5.1,purchase,849,1171,817,1800340575,1800341424,1
logs-row-0004542,log-0004542,log-0004542,user-00142,desktop,iOS,2.5.0,login_failed,45,1202,854,1800340650,1800340695,0
logs-row-0004543,log-0004543,log-0004543,user-00143,tablet,iOS,2.4.1,view,888,1233,891,1800340725,1800341613,1
logs-row-0004544,log-0004544,log-0004544,user-00144,phone,iOS,2.4.0,logout,901,1264,928,1800340800,1800341701,1
logs-row-0004545,log-0004545,log-0004545,user-00145,laptop,iOS,2.5.1,login,927,1295,965,1800340875,1800341802,1
logs-row-0004546,log-0004546,log-0004546,user-00146,desktop,iOS,2.5.0,purchase,941,1326,1002,1800340950,1800341891,1
logs-row-0004547,log-0004547,log-0004547,user-00147,tablet,iOS,2.4.1,login_failed,5,1357,1039,1800341025,1800341030,0
logs-row-0004548,log-0004548,log-0004548,user-00148,phone,iOS,2.4.0,view,77,1388,1076,1800341100,1800341177,1
logs-row-0004549,log-0004549,log-0004549,user-00149,laptop,iOS,2.5.1,logout,98,1419,1113,1800341175,1800341273,1
logs-row-0004550,log-0004550,log-0004550,user-00150,desktop,iOS,2.5.0,login,116,1450,1150,1800341250,1800341366,1
logs-row-0004551,log-0004551,log-0004551,user-00151,tablet,iOS,2.4.1,purchase,134,1481,1187,1800341325,1800341459,1
logs-row-0004552,log-0004552,log-0004552,user-00152,phone,iOS,2.4.0,login_failed,45,1512,1224,1800341400,1800341445,0
logs-row-0004553,log-0004553,log-0004553,user-00153,laptop,iOS,2.5.1,view,178,1543,1261,1800341475,1800341653,1
logs-row-0004554,log-0004554,log-0004554,user-00154,desktop,iOS,2.5.0,logout,197,1574,1298,1800341550,1800341747,1
logs-row-0004555,log-0004555,log-0004555,user-00155,tablet,iOS,2.4.1,login,215,1605,1335,1800341625,1800341840,1
logs-row-0004556,log-0004556,log-0004556,user-00156,phone,iOS,2.4.0,purchase,232,1636,1372,1800341700,1800341932,1
logs-row-0004557,log-0004557,log-0004557,user-00157,laptop,iOS,2.5.1,login_failed,45,1667,1409,1800341775,1800341820,0
logs-row-0004558,log-0004558,log-0004558,user-00158,desktop,iOS,2.5.0,view,271,1698,1446,1800341850,1800342121,1
logs-row-0004559,log-0004559,log-0004559,user-00159,tablet,iOS,2.4.1,logout,291,1729,1483,1800341925,1800342216,1
logs-row-0004560,log-0004560,log-0004560,user-00160,phone,iOS,2.4.0,login,308,1760,1520,1800342000,1800342308,1
logs-row-0004561,log-0004561,log-0004561,user-00161,laptop,iOS,2.5.1,purchase,327,1791,1557,1800342075,1800342402,1
logs-row-0004562,log-0004562,log-0004562,user-00162,desktop,iOS,2.5.0,login_failed,45,1822,1594,1800342150,1800342195,0
logs-row-0004563,log-0004563,log-0004563,user-00163,tablet,iOS,2.4.1,view,365,1853,1631,1800342225,1800342590,1
logs-row-0004564,log-0004564,log-0004564,user-00164,phone,iOS,2.4.0,logout,385,1884,1668,1800342300,1800342685,1
logs-row-0004565,log-0004565,log-0004565,user-00165,laptop,iOS,2.5.1,login,404,1915,1705,1800342375,1800342779,1
logs-row-0004566,log-0004566,log-0004566,user-00166,desktop,iOS,2.5.0,purchase,419,1946,1742,1800342450,1800342869,1
logs-row-0004567,log-0004567,log-0004567,user-00167,tablet,iOS,2.4.1,login_failed,45,1977,1779,1800342525,1800342570,0
logs-row-0004568,log-0004568,log-0004568,user-00168,phone,iOS,2.4.0,view,459,2008,1816,1800342600,1800343059,1
logs-row-0004569,log-0004569,log-0004569,user-00169,laptop,iOS,2.5.1,logout,476,2039,1853,1800342675,1800343151,1
logs-row-0004570,log-0004570,log-0004570,user-00170,desktop,iOS,2.5.0,login,499,2070,1890,1800342750,1800343249,1
logs-row-0004571,log-0004571,log-0004571,user-00171,tablet,iOS,2.4.1,purchase,518,2101,1927,1800342825,1800343343,1
logs-row-0004572,log-0004572,log-0004572,user-00172,phone,iOS,2.4.0,login_failed,45,2132,1964,1800342900,1800342945,0
logs-row-0004573,log-0004573,log-0004573,user-00173,laptop,iOS,2.5.1,view,557,2163,2001,1800342975,1800343532,1
logs-row-0004574,log-0004574,log-0004574,user-00174,desktop,iOS,2.5.0,logout,573,2194,2038,1800343050,1800343623,1
logs-row-0004575,log-0004575,log-0004575,user-00175,tablet,iOS,2.4.1,login,597,2225,2075,1800343125,1800343722,1
logs-row-0004576,log-0004576,log-0004576,user-00176,phone,iOS,2.4.0,purchase,611,2256,2112,1800343200,1800343811,1
logs-row-0004577,log-0004577,log-0004577,user-00177,laptop,iOS,2.5.1,login_failed,45,2287,2149,1800343275,1800343320,0
logs-row-0004578,log-0004578,log-0004578,user-00178,desktop,iOS,2.5.0,view,647,2318,2186,1800343350,1800343997,1
logs-row-0004579,log-0004579,log-0004579,user-00179,tablet,iOS,2.4.1,logout,672,2349,2223,1800343425,1800344097,1
logs-row-0004580,log-0004580,log-0004580,user-00180,phone,iOS,2.4.0,login,691,2380,2260,1800343500,1800344191,1
logs-row-0004581,log-0004581,log-0004581,user-00181,laptop,iOS,2.5.1,purchase,710,2411,2297,1800343575,1800344285,1
logs-row-0004582,log-0004582,log-0004582,user-00182,desktop,iOS,2.5.0,login_failed,45,2442,2334,1800343650,1800343695,0
logs-row-0004583,log-0004583,log-0004583,user-00183,tablet,iOS,2.4.1,view,747,2473,2371,1800343725,1800344472,1
logs-row-0004584,log-0004584,log-0004584,user-00184,phone,iOS,2.4.0,logout,761,2504,2408,1800343800,1800344561,1
logs-row-0004585,log-0004585,log-0004585,user-00185,laptop,iOS,2.5.1,login,780,2535,2445,1800343875,1800344655,1
logs-row-0004586,log-0004586,log-0004586,user-00186,desktop,iOS,2.5.0,purchase,800,2566,2482,1800343950,1800344750,1
logs-row-0004587,log-0004587,log-0004587,user-00187,tablet,iOS,2.4.1,login_failed,45,2597,2519,1800344025,1800344070,0
logs-row-0004588,log-0004588,log-0004588,user-00188,phone,iOS,2.4.0,view,844,2628,2556,1800344100,1800344944,1
logs-row-0004589,log-0004589,log-0004589,user-00189,laptop,iOS,2.5.1,logout,861,2659,2593,1800344175,1800345036,1
logs-row-0004590,log-0004590,log-0004590,user-00190,desktop,iOS,2.5.0,login,880,2690,2630,1800344250,1800345130,1
logs-row-0004591,log-0004591,log-0004591,user-00191,tablet,iOS,2.4.1,purchase,900,2721,2667,1800344325,1800345225,1
logs-row-0004592,log-0004592,log-0004592,user-00192,phone,iOS,2.4.0,login_failed,45,2752,2704,1800344400,1800344445,0
logs-row-0004593,log-0004593,log-0004593,user-00193,laptop,iOS,2.5.1,view,936,2783,2741,1800344475,1800345411,1
logs-row-0004594,log-0004594,log-0004594,user-00194,desktop,iOS,2.5.0,logout,956,2814,2778,1800344550,1800345506,1
logs-row-0004595,log-0004595,log-0004595,user-00195,tablet,iOS,2.4.1,login,75,2845,2815,1800344625,1800344700,1
logs-row-0004596,log-0004596,log-0004596,user-00196,phone,iOS,2.4.0,purchase,95,2876,2852,1800344700,1800344795,1
logs-row-0004597,log-0004597,log-0004597,user-00197,laptop,iOS,2.5.1,login_failed,45,2907,2889,1800344775,1800344820,0
logs-row-0004598,log-0004598,log-0004598,user-00198,desktop,iOS,2.5.0,view,130,2938,2926,1800344850,1800344980,1
logs-row-0004599,log-0004599,log-0004599,user-00199,tablet,iOS,2.4.1,logout,147,2969,2963,1800344925,1800345072,1
logs-row-0004600,log-0004600,log-0004600,user-00000,phone,iOS,2.4.0,login,165,3000,3000,1800345000,1800345165,1
logs-row-0004601,log-0004601,log-0004601,user-00001,laptop,iOS,2.5.1,purchase,185,3031,3037,1800345075,1800345260,1
logs-row-0004602,log-0004602,log-0004602,user-00002,desktop,iOS,2.5.0,login_failed,45,3062,3074,1800345150,1800345195,0
logs-row-0004603,log-0004603,log-0004603,user-00003,tablet,iOS,2.4.1,view,222,3093,3111,1800345225,1800345447,1
logs-row-0004604,log-0004604,log-0004604,user-00004,phone,iOS,2.4.0,logout,245,3124,3148,1800345300,1800345545,1
logs-row-0004605,log-0004605,log-0004605,user-00005,laptop,iOS,2.5.1,login,261,3155,3185,1800345375,1800345636,1
logs-row-0004606,log-0004606,log-0004606,user-00006,desktop,iOS,2.5.0,purchase,279,3186,3222,1800345450,1800345729,1
logs-row-0004607,log-0004607,log-0004607,user-00007,tablet,iOS,2.4.1,login_failed,45,3217,3259,1800345525,1800345570,0
logs-row-0004608,log-0004608,log-0004608,user-00008,phone,iOS,2.4.0,view,323,3248,3296,1800345600,1800345923,1
logs-row-0004609,log-0004609,log-0004609,user-00009,laptop,iOS,2.5.1,logout,337,3279,3333,1800345675,1800346012,1
logs-row-0004610,log-0004610,log-0004610,user-00010,desktop,iOS,2.5.0,login,355,3310,3370,1800345750,1800346105,1
logs-row-0004611,log-0004611,log-0004611,user-00011,tablet,iOS,2.4.1,purchase,381,3341,3407,1800345825,1800346206,1
logs-row-0004612,log-0004612,log-0004612,user-00012,phone,iOS,2.4.0,login_failed,45,3372,3444,1800345900,1800345945,0
logs-row-0004613,log-0004613,log-0004613,user-00013,laptop,iOS,2.5.1,view,413,3403,3481,1800345975,1800346388,1
logs-row-0004614,log-0004614,log-0004614,user-00014,desktop,iOS,2.5.0,logout,437,3434,3518,1800346050,1800346487,1
logs-row-0004615,log-0004615,log-0004615,user-00015,tablet,iOS,2.4.1,login,454,3465,3555,1800346125,1800346579,1
logs-row-0004616,log-0004616,log-0004616,user-00016,phone,iOS,2.4.0,purchase,475,3496,3592,1800346200,1800346675,1
logs-row-0004617,log-0004617,log-0004617,user-00017,laptop,iOS,2.5.1,login_failed,45,3527,3629,1800346275,1800346320,0
logs-row-0004618,log-0004618,log-0004618,user-00018,desktop,iOS,2.5.0,view,508,3558,3666,1800346350,1800346858,1
logs-row-0004619,log-0004619,log-0004619,user-00019,tablet,iOS,2.4.1,logout,529,3589,3703,1800346425,1800346954,1
logs-row-0004620,log-0004620,log-0004620,user-00020,phone,iOS,2.4.0,login,545,3620,3740,1800346500,1800347045,1
logs-row-0004621,log-0004621,log-0004621,user-00021,laptop,iOS,2.5.1,purchase,567,3651,3777,1800346575,1800347142,1
logs-row-0004622,log-0004622,log-0004622,user-00022,desktop,iOS,2.5.0,login_failed,45,3682,3814,1800346650,1800346695,0
logs-row-0004623,log-0004623,log-0004623,user-00023,tablet,iOS,2.4.1,view,606,3713,3851,1800346725,1800347331,1
logs-row-0004624,log-0004624,log-0004624,user-00024,phone,iOS,2.4.0,logout,625,3744,3888,1800346800,1800347425,1
logs-row-0004625,log-0004625,log-0004625,user-00025,laptop,iOS,2.5.1,login,643,3775,3925,1800346875,1800347518,1
logs-row-0004626,log-0004626,log-0004626,user-00026,desktop,iOS,2.5.0,purchase,659,3806,3962,1800346950,1800347609,1
logs-row-0004627,log-0004627,log-0004627,user-00027,tablet,iOS,2.4.1,login_failed,45,3837,3999,1800347025,1800347070,0
logs-row-0004628,log-0004628,log-0004628,user-00028,phone,iOS,2.4.0,view,699,3868,4036,1800347100,1800347799,1
logs-row-0004629,log-0004629,log-0004629,user-00029,laptop,iOS,2.5.1,logout,722,3899,4073,1800347175,1800347897,1
logs-row-0004630,log-0004630,log-0004630,user-00030,desktop,iOS,2.5.0,login,742,3930,4110,1800347250,1800347992,1
logs-row-0004631,log-0004631,log-0004631,user-00031,tablet,iOS,2.4.1,purchase,759,3961,4147,1800347325,1800348084,1
logs-row-0004632,log-0004632,log-0004632,user-00032,phone,iOS,2.4.0,login_failed,45,3992,4184,1800347400,1800347445,0
logs-row-0004633,log-0004633,log-0004633,user-00033,laptop,iOS,2.5.1,view,793,4023,4221,1800347475,1800348268,1
logs-row-0004634,log-0004634,log-0004634,user-00034,desktop,iOS,2.5.0,logout,814,4054,4258,1800347550,1800348364,1
logs-row-0004635,log-0004635,log-0004635,user-00035,tablet,iOS,2.4.1,login,830,4085,4295,1800347625,1800348455,1
logs-row-0004636,log-0004636,log-0004636,user-00036,phone,iOS,2.4.0,purchase,849,4116,4332,1800347700,1800348549,1
logs-row-0004637,log-0004637,log-0004637,user-00037,laptop,iOS,2.5.1,login_failed,45,4147,4369,1800347775,1800347820,0
logs-row-0004638,log-0004638,log-0004638,user-00038,desktop,iOS,2.5.0,view,888,4178,4406,1800347850,1800348738,1
logs-row-0004639,log-0004639,log-0004639,user-00039,tablet,iOS,2.4.1,logout,911,4209,4443,1800347925,1800348836,1
logs-row-0004640,log-0004640,log-0004640,user-00040,phone,iOS,2.4.0,login,932,4240,4480,1800348000,1800348932,1
logs-row-0004641,log-0004641,log-0004641,user-00041,laptop,iOS,2.5.1,purchase,950,4271,4517,1800348075,1800349025,1
logs-row-0004642,log-0004642,log-0004642,user-00042,desktop,iOS,2.5.0,login_failed,6,4302,4554,1800348150,1800348156,0
logs-row-0004643,log-0004643,log-0004643,user-00043,tablet,iOS,2.4.1,view,82,4333,4591,1800348225,1800348307,1
logs-row-0004644,log-0004644,log-0004644,user-00044,phone,iOS,2.4.0,logout,106,4364,4628,1800348300,1800348406,1
logs-row-0004645,log-0004645,log-0004645,user-00045,laptop,iOS,2.5.1,login,122,4395,4665,1800348375,1800348497,1
logs-row-0004646,log-0004646,log-0004646,user-00046,desktop,iOS,2.5.0,purchase,145,4426,4702,1800348450,1800348595,1
logs-row-0004647,log-0004647,log-0004647,user-00047,tablet,iOS,2.4.1,login_failed,45,4457,4739,1800348525,1800348570,0
logs-row-0004648,log-0004648,log-0004648,user-00048,phone,iOS,2.4.0,view,181,4488,4776,1800348600,1800348781,1
logs-row-0004649,log-0004649,log-0004649,user-00049,laptop,iOS,2.5.1,logout,197,4519,4813,1800348675,1800348872,1
logs-row-0004650,log-0004650,log-0004650,user-00050,desktop,iOS,2.5.0,login,219,4550,4850,1800348750,1800348969,1
logs-row-0004651,log-0004651,log-0004651,user-00051,tablet,iOS,2.4.1,purchase,235,4581,4887,1800348825,1800349060,1
logs-row-0004652,log-0004652,log-0004652,user-00052,phone,iOS,2.4.0,login_failed,45,4612,4924,1800348900,1800348945,0
logs-row-0004653,log-0004653,log-0004653,user-00053,laptop,iOS,2.5.1,view,275,4643,4961,1800348975,1800349250,1
logs-row-0004654,log-0004654,log-0004654,user-00054,desktop,iOS,2.5.0,logout,295,4674,4998,1800349050,1800349345,1
logs-row-0004655,log-0004655,log-0004655,user-00055,tablet,iOS,2.4.1,login,312,4705,5035,1800349125,1800349437,1
logs-row-0004656,log-0004656,log-0004656,user-00056,phone,iOS,2.4.0,purchase,331,4736,5072,1800349200,1800349531,1
logs-row-0004657,log-0004657,log-0004657,user-00057,laptop,iOS,2.5.1,login_failed,45,4767,5109,1800349275,1800349320,0
logs-row-0004658,log-0004658,log-0004658,user-00058,desktop,iOS,2.5.0,view,372,4798,5146,1800349350,1800349722,1
logs-row-0004659,log-0004659,log-0004659,user-00059,tablet,iOS,2.4.1,logout,390,4829,5183,1800349425,1800349815,1
logs-row-0004660,log-0004660,log-0004660,user-00060,phone,iOS,2.4.0,login,409,4860,5220,1800349500,1800349909,1
logs-row-0004661,log-0004661,log-0004661,user-00061,laptop,iOS,2.5.1,purchase,425,4891,5257,1800349575,1800350000,1
logs-row-0004662,log-0004662,log-0004662,user-00062,desktop,iOS,2.5.0,login_failed,45,4922,5294,1800349650,1800349695,0
logs-row-0004663,log-0004663,log-0004663,user-00063,tablet,iOS,2.4.1,view,466,4953,5331,1800349725,1800350191,1
logs-row-0004664,log-0004664,log-0004664,user-00064,phone,iOS,2.4.0,logout,484,4984,5368,1800349800,1800350284,1
logs-row-0004665,log-0004665,log-0004665,user-00065,laptop,iOS,2.5.1,login,505,5015,5405,1800349875,1800350380,1
logs-row-0004666,log-0004666,log-0004666,user-00066,desktop,iOS,2.5.0,purchase,521,5046,5442,1800349950,1800350471,1
logs-row-0004667,log-0004667,log-0004667,user-00067,tablet,iOS,2.4.1,login_failed,45,5077,5479,1800350025,1800350070,0
logs-row-0004668,log-0004668,log-0004668,user-00068,phone,iOS,2.4.0,view,557,5108,5516,1800350100,1800350657,1
logs-row-0004669,log-0004669,log-0004669,user-00069,laptop,iOS,2.5.1,logout,582,5139,5553,1800350175,1800350757,1
logs-row-0004670,log-0004670,log-0004670,user-00070,desktop,iOS,2.5.0,login,598,5170,5590,1800350250,1800350848,1
logs-row-0004671,log-0004671,log-0004671,user-00071,tablet,iOS,2.4.1,purchase,618,5201,5627,1800350325,1800350943,1
logs-row-0004672,log-0004672,log-0004672,user-00072,phone,iOS,2.4.0,login_failed,45,5232,5664,1800350400,1800350445,0
logs-row-0004673,log-0004673,log-0004673,user-00073,laptop,iOS,2.5.1,view,653,5263,5701,1800350475,1800351128,1
logs-row-0004674,log-0004674,log-0004674,user-00074,desktop,iOS,2.5.0,logout,672,5294,5738,1800350550,1800351222,1
logs-row-0004675,log-0004675,log-0004675,user-00075,tablet,iOS,2.4.1,login,696,5325,5775,1800350625,1800351321,1
logs-row-0004676,log-0004676,log-0004676,user-00076,phone,iOS,2.4.0,purchase,711,5356,5812,1800350700,1800351411,1
logs-row-0004677,log-0004677,log-0004677,user-00077,laptop,iOS,2.5.1,login_failed,45,5387,5849,1800350775,1800350820,0
logs-row-0004678,log-0004678,log-0004678,user-00078,desktop,iOS,2.5.0,view,754,418,5886,1800350850,1800351604,1
logs-row-0004679,log-0004679,log-0004679,user-00079,tablet,iOS,2.4.1,logout,770,449,5923,1800350925,1800351695,1
logs-row-0004680,log-0004680,log-0004680,user-00080,phone,iOS,2.4.0,login,786,480,5960,1800351000,1800351786,1
logs-row-0004681,log-0004681,log-0004681,user-00081,laptop,iOS,2.5.1,purchase,811,511,5997,1800351075,1800351886,1
logs-row-0004682,log-0004682,log-0004682,user-00082,desktop,iOS,2.5.0,login_failed,45,542,6034,1800351150,1800351195,0
logs-row-0004683,log-0004683,log-0004683,user-00083,tablet,iOS,2.4.1,view,843,573,6071,1800351225,1800352068,1
logs-row-0004684,log-0004684,log-0004684,user-00084,phone,iOS,2.4.0,logout,861,604,6108,1800351300,1800352161,1
logs-row-0004685,log-0004685,log-0004685,user-00085,laptop,iOS,2.5.1,login,887,635,6145,1800351375,1800352262,1
logs-row-0004686,log-0004686,log-0004686,user-00086,desktop,iOS,2.5.0,purchase,905,666,6182,1800351450,1800352355,1
logs-row-0004687,log-0004687,log-0004687,user-00087,tablet,iOS,2.4.1,login_failed,45,697,6219,1800351525,1800351570,0
logs-row-0004688,log-0004688,log-0004688,user-00088,phone,iOS,2.4.0,view,939,728,6256,1800351600,1800352539,1
logs-row-0004689,log-0004689,log-0004689,user-00089,laptop,iOS,2.5.1,logout,957,759,6293,1800351675,1800352632,1
logs-row-0004690,log-0004690,log-0004690,user-00090,desktop,iOS,2.5.0,login,77,790,6330,1800351750,1800351827,1
logs-row-0004691,log-0004691,log-0004691,user-00091,tablet,iOS,2.4.1,purchase,94,821,6367,1800351825,1800351919,1
logs-row-0004692,log-0004692,log-0004692,user-00092,phone,iOS,2.4.0,login_failed,45,852,6404,1800351900,1800351945,0
logs-row-0004693,log-0004693,log-0004693,user-00093,laptop,iOS,2.5.1,view,132,883,6441,1800351975,1800352107,1
logs-row-0004694,log-0004694,log-0004694,user-00094,desktop,iOS,2.5.0,logout,155,914,6478,1800352050,1800352205,1
logs-row-0004695,log-0004695,log-0004695,user-00095,tablet,iOS,2.4.1,login,172,945,6515,1800352125,1800352297,1
logs-row-0004696,log-0004696,log-0004696,user-00096,phone,iOS,2.4.0,purchase,192,976,6552,1800352200,1800352392,1
logs-row-0004697,log-0004697,log-0004697,user-00097,laptop,iOS,2.5.1,login_failed,45,1007,6589,1800352275,1800352320,0
logs-row-0004698,log-0004698,log-0004698,user-00098,desktop,iOS,2.5.0,view,228,1038,6626,1800352350,1800352578,1
logs-row-0004699,log-0004699,log-0004699,user-00099,tablet,iOS,2.4.1,logout,246,1069,6663,1800352425,1800352671,1
logs-row-0004700,log-0004700,log-0004700,user-00100,phone,iOS,2.4.0,login,270,1100,6700,1800352500,1800352770,1
logs-row-0004701,log-0004701,log-0004701,user-00101,laptop,iOS,2.5.1,purchase,287,1131,6737,1800352575,1800352862,1
logs-row-0004702,log-0004702,log-0004702,user-00102,desktop,iOS,2.5.0,login_failed,45,1162,6774,1800352650,1800352695,0
logs-row-0004703,log-0004703,log-0004703,user-00103,tablet,iOS,2.4.1,view,327,1193,6811,1800352725,1800353052,1
logs-row-0004704,log-0004704,log-0004704,user-00104,phone,iOS,2.4.0,logout,347,1224,6848,1800352800,1800353147,1
logs-row-0004705,log-0004705,log-0004705,user-00105,laptop,iOS,2.5.1,login,361,1255,6885,1800352875,1800353236,1
logs-row-0004706,log-0004706,log-0004706,user-00106,desktop,iOS,2.5.0,purchase,381,1286,6922,1800352950,1800353331,1
logs-row-0004707,log-0004707,log-0004707,user-00107,tablet,iOS,2.4.1,login_failed,45,1317,6959,1800353025,1800353070,0
logs-row-0004708,log-0004708,log-0004708,user-00108,phone,iOS,2.4.0,view,417,1348,6996,1800353100,1800353517,1
logs-row-0004709,log-0004709,log-0004709,user-00109,laptop,iOS,2.5.1,logout,442,1379,7033,1800353175,1800353617,1
logs-row-0004710,log-0004710,log-0004710,user-00110,desktop,iOS,2.5.0,login,459,1410,7070,1800353250,1800353709,1
logs-row-0004711,log-0004711,log-0004711,user-00111,tablet,iOS,2.4.1,purchase,474,1441,7107,1800353325,1800353799,1
logs-row-0004712,log-0004712,log-0004712,user-00112,phone,iOS,2.4.0,login_failed,45,1472,7144,1800353400,1800353445,0
logs-row-0004713,log-0004713,log-0004713,user-00113,laptop,iOS,2.5.1,view,516,1503,7181,1800353475,1800353991,1
logs-row-0004714,log-0004714,log-0004714,user-00114,desktop,iOS,2.5.0,logout,535,1534,7218,1800353550,1800354085,1
logs-row-0004715,log-0004715,log-0004715,user-00115,tablet,iOS,2.4.1,login,555,1565,7255,1800353625,1800354180,1
logs-row-0004716,log-0004716,log-0004716,user-00116,phone,iOS,2.4.0,purchase,570,1596,7292,1800353700,1800354270,1
logs-row-0004717,log-0004717,log-0004717,user-00117,laptop,iOS,2.5.1,login_failed,45,1627,7329,1800353775,1800353820,0
logs-row-0004718,log-0004718,log-0004718,user-00118,desktop,iOS,2.5.0,view,608,1658,7366,1800353850,1800354458,1
logs-row-0004719,log-0004719,log-0004719,user-00119,tablet,iOS,2.4.1,logout,633,1689,7403,1800353925,1800354558,1
logs-row-0004720,log-0004720,log-0004720,user-00120,phone,iOS,2.4.0,login,648,1720,7440,1800354000,1800354648,1
logs-row-0004721,log-0004721,log-0004721,user-00121,laptop,iOS,2.5.1,purchase,669,1751,7477,1800354075,1800354744,1
logs-row-0004722,log-0004722,log-0004722,user-00122,desktop,iOS,2.5.0,login_failed,45,1782,7514,1800354150,1800354195,0
logs-row-0004723,log-0004723,log-0004723,user-00123,tablet,iOS,2.4.1,view,706,1813,7551,1800354225,1800354931,1
logs-row-0004724,log-0004724,log-0004724,user-00124,phone,iOS,2.4.0,logout,728,1844,7588,1800354300,1800355028,1
logs-row-0004725,log-0004725,log-0004725,user-00125,laptop,iOS,2.5.1,login,746,1875,7625,1800354375,1800355121,1
logs-row-0004726,log-0004726,log-0004726,user-00126,desktop,iOS,2.5.0,purchase,766,1906,7662,1800354450,1800355216,1
logs-row-0004727,log-0004727,log-0004727,user-00127,tablet,iOS,2.4.1,login_failed,45,1937,7699,1800354525,1800354570,0
logs-row-0004728,log-0004728,log-0004728,user-00128,phone,iOS,2.4.0,view,803,1968,7736,1800354600,1800355403,1
logs-row-0004729,log-0004729,log-0004729,user-00129,laptop,iOS,2.5.1,logout,818,1999,7773,1800354675,1800355493,1
logs-row-0004730,log-0004730,log-0004730,user-00130,desktop,iOS,2.5.0,login,836,2030,7810,1800354750,1800355586,1
logs-row-0004731,log-0004731,log-0004731,user-00131,tablet,iOS,2.4.1,purchase,861,2061,7847,1800354825,1800355686,1
logs-row-0004732,log-0004732,log-0004732,user-00132,phone,iOS,2.4.0,login_failed,45,2092,7884,1800354900,1800354945,0
logs-row-0004733,log-0004733,log-0004733,user-00133,laptop,iOS,2.5.1,view,897,2123,7921,1800354975,1800355872,1
logs-row-0004734,log-0004734,log-0004734,user-00134,desktop,iOS,2.5.0,logout,918,2154,7958,1800355050,1800355968,1
logs-row-0004735,log-0004735,log-0004735,user-00135,tablet,iOS,2.4.1,login,931,2185,7995,1800355125,1800356056,1
logs-row-0004736,log-0004736,log-0004736,user-00136,phone,iOS,2.4.0,purchase,955,2216,8032,1800355200,1800356155,1
logs-row-0004737,log-0004737,log-0004737,user-00137,laptop,iOS,2.5.1,login_failed,9,2247,8069,1800355275,1800355284,0
logs-row-0004738,log-0004738,log-0004738,user-00138,desktop,iOS,2.5.0,view,90,2278,8106,1800355350,1800355440,1
logs-row-0004739,log-0004739,log-0004739,user-00139,tablet,iOS,2.4.1,logout,106,2309,8143,1800355425,1800355531,1
logs-row-0004740,log-0004740,log-0004740,user-00140,phone,iOS,2.4.0,login,130,2340,8180,1800355500,1800355630,1
logs-row-0004741,log-0004741,log-0004741,user-00141,laptop,iOS,2.5.1,purchase,150,2371,8217,1800355575,1800355725,1
logs-row-0004742,log-0004742,log-0004742,user-00142,desktop,iOS,2.5.0,login_failed,45,2402,8254,1800355650,1800355695,0
logs-row-0004743,log-0004743,log-0004743,user-00143,tablet,iOS,2.4.1,view,182,2433,8291,1800355725,1800355907,1
logs-row-0004744,log-0004744,log-0004744,user-00144,phone,iOS,2.4.0,logout,204,2464,8328,1800355800,1800356004,1
logs-row-0004745,log-0004745,log-0004745,user-00145,laptop,iOS,2.5.1,login,220,2495,8365,1800355875,1800356095,1
logs-row-0004746,log-0004746,log-0004746,user-00146,desktop,iOS,2.5.0,purchase,245,2526,8402,1800355950,1800356195,1
logs-row-0004747,log-0004747,log-0004747,user-00147,tablet,iOS,2.4.1,login_failed,45,2557,8439,1800356025,1800356070,0
logs-row-0004748,log-0004748,log-0004748,user-00148,phone,iOS,2.4.0,view,282,2588,8476,1800356100,1800356382,1
logs-row-0004749,log-0004749,log-0004749,user-00149,laptop,iOS,2.5.1,logout,303,2619,8513,1800356175,1800356478,1
logs-row-0004750,log-0004750,log-0004750,user-00150,desktop,iOS,2.5.0,login,315,2650,8550,1800356250,1800356565,1
logs-row-0004751,log-0004751,log-0004751,user-00151,tablet,iOS,2.4.1,purchase,335,2681,8587,1800356325,1800356660,1
logs-row-0004752,log-0004752,log-0004752,user-00152,phone,iOS,2.4.0,login_failed,45,2712,8624,1800356400,1800356445,0
logs-row-0004753,log-0004753,log-0004753,user-00153,laptop,iOS,2.5.1,view,377,2743,8661,1800356475,1800356852,1
logs-row-0004754,log-0004754,log-0004754,user-00154,desktop,iOS,2.5.0,logout,394,2774,8698,1800356550,1800356944,1
logs-row-0004755,log-0004755,log-0004755,user-00155,tablet,iOS,2.4.1,login,413,2805,8735,1800356625,1800357038,1
logs-row-0004756,log-0004756,log-0004756,user-00156,phone,iOS,2.4.0,purchase,434,2836,8772,1800356700,1800357134,1
logs-row-0004757,log-0004757,log-0004757,user-00157,laptop,iOS,2.5.1,login_failed,45,2867,8809,1800356775,1800356820,0
logs-row-0004758,log-0004758,log-0004758,user-00158,desktop,iOS,2.5.0,view,470,2898,8846,1800356850,1800357320,1
logs-row-0004759,log-0004759,log-0004759,user-00159,tablet,iOS,2.4.1,logout,486,2929,8883,1800356925,1800357411,1
logs-row-0004760,log-0004760,log-0004760,user-00160,phone,iOS,2.4.0,login,507,2960,8920,1800357000,1800357507,1
logs-row-0004761,log-0004761,log-0004761,user-00161,laptop,iOS,2.5.1,purchase,530,2991,8957,1800357075,1800357605,1
logs-row-0004762,log-0004762,log-0004762,user-00162,desktop,iOS,2.5.0,login_failed,45,3022,8994,1800357150,1800357195,0
logs-row-0004763,log-0004763,log-0004763,user-00163,tablet,iOS,2.4.1,view,564,3053,9031,1800357225,1800357789,1
logs-row-0004764,log-0004764,log-0004764,user-00164,phone,iOS,2.4.0,logout,581,3084,9068,1800357300,1800357881,1
logs-row-0004765,log-0004765,log-0004765,user-00165,laptop,iOS,2.5.1,login,605,3115,9105,1800357375,1800357980,1
logs-row-0004766,log-0004766,log-0004766,user-00166,desktop,iOS,2.5.0,purchase,623,3146,9142,1800357450,1800358073,1
logs-row-0004767,log-0004767,log-0004767,user-00167,tablet,iOS,2.4.1,login_failed,45,3177,9179,1800357525,1800357570,0
logs-row-0004768,log-0004768,log-0004768,user-00168,phone,iOS,2.4.0,view,659,3208,9216,1800357600,1800358259,1
logs-row-0004769,log-0004769,log-0004769,user-00169,laptop,iOS,2.5.1,logout,683,3239,9253,1800357675,1800358358,1
logs-row-0004770,log-0004770,log-0004770,user-00170,desktop,iOS,2.5.0,login,700,3270,9290,1800357750,1800358450,1
logs-row-0004771,log-0004771,log-0004771,user-00171,tablet,iOS,2.4.1,purchase,720,3301,9327,1800357825,1800358545,1
logs-row-0004772,log-0004772,log-0004772,user-00172,phone,iOS,2.4.0,login_failed,45,3332,9364,1800357900,1800357945,0
logs-row-0004773,log-0004773,log-0004773,user-00173,laptop,iOS,2.5.1,view,754,3363,9401,1800357975,1800358729,1
logs-row-0004774,log-0004774,log-0004774,user-00174,desktop,iOS,2.5.0,logout,772,3394,9438,1800358050,1800358822,1
logs-row-0004775,log-0004775,log-0004775,user-00175,tablet,iOS,2.4.1,login,790,3425,9475,1800358125,1800358915,1
logs-row-0004776,log-0004776,log-0004776,user-00176,phone,iOS,2.4.0,purchase,810,3456,9512,1800358200,1800359010,1
logs-row-0004777,log-0004777,log-0004777,user-00177,laptop,iOS,2.5.1,login_failed,45,3487,9549,1800358275,1800358320,0
logs-row-0004778,log-0004778,log-0004778,user-00178,desktop,iOS,2.5.0,view,849,3518,9586,1800358350,1800359199,1
logs-row-0004779,log-0004779,log-0004779,user-00179,tablet,iOS,2.4.1,logout,868,3549,9623,1800358425,1800359293,1
logs-row-0004780,log-0004780,log-0004780,user-00180,phone,iOS,2.4.0,login,891,3580,9660,1800358500,1800359391,1
logs-row-0004781,log-0004781,log-0004781,user-00181,laptop,iOS,2.5.1,purchase,907,3611,9697,1800358575,1800359482,1
logs-row-0004782,log-0004782,log-0004782,user-00182,desktop,iOS,2.5.0,login_failed,45,3642,9734,1800358650,1800358695,0
logs-row-0004783,log-0004783,log-0004783,user-00183,tablet,iOS,2.4.1,view,944,3673,9771,1800358725,1800359669,1
logs-row-0004784,log-0004784,log-0004784,user-00184,phone,iOS,2.4.0,logout,963,3704,9808,1800358800,1800359763,1
logs-row-0004785,log-0004785,log-0004785,user-00185,laptop,iOS,2.5.1,login,85,3735,9845,1800358875,1800358960,1
logs-row-0004786,log-0004786,log-0004786,user-00186,desktop,iOS,2.5.0,purchase,99,3766,9882,1800358950,1800359049,1
logs-row-0004787,log-0004787,log-0004787,user-00187,tablet,iOS,2.4.1,login_failed,45,3797,9919,1800359025,1800359070,0
logs-row-0004788,log-0004788,log-0004788,user-00188,phone,iOS,2.4.0,view,139,3828,9956,1800359100,1800359239,1
logs-row-0004789,log-0004789,log-0004789,user-00189,laptop,iOS,2.5.1,logout,156,3859,9993,1800359175,1800359331,1
logs-row-0004790,log-0004790,log-0004790,user-00190,desktop,iOS,2.5.0,login,179,3890,10030,1800359250,1800359429,1
logs-row-0004791,log-0004791,log-0004791,user-00191,tablet,iOS,2.4.1,purchase,197,3921,10067,1800359325,1800359522,1
logs-row-0004792,log-0004792,log-0004792,user-00192,phone,iOS,2.4.0,login_failed,45,3952,10104,1800359400,1800359445,0
logs-row-0004793,log-0004793,log-0004793,user-00193,laptop,iOS,2.5.1,view,232,3983,10141,1800359475,1800359707,1
logs-row-0004794,log-0004794,log-0004794,user-00194,desktop,iOS,2.5.0,logout,257,4014,10178,1800359550,1800359807,1
logs-row-0004795,log-0004795,log-0004795,user-00195,tablet,iOS,2.4.1,login,277,4045,10215,1800359625,1800359902,1
logs-row-0004796,log-0004796,log-0004796,user-00196,phone,iOS,2.4.0,purchase,293,4076,10252,1800359700,1800359993,1
logs-row-0004797,log-0004797,log-0004797,user-00197,laptop,iOS,2.5.1,login_failed,45,4107,10289,1800359775,1800359820,0
logs-row-0004798,log-0004798,log-0004798,user-00198,desktop,iOS,2.5.0,view,334,4138,10326,1800359850,1800360184,1
logs-row-0004799,log-0004799,log-0004799,user-00199,tablet,iOS,2.4.1,logout,349,4169,10363,1800359925,1800360274,1
logs-row-0004800,log-0004800,log-0004800,user-00000,phone,iOS,2.4.0,login,369,4200,10400,1800360000,1800360369,1
logs-row-0004801,log-0004801,log-0004801,user-00001,laptop,iOS,2.5.1,purchase,389,4231,10437,1800360075,1800360464,1
logs-row-0004802,log-0004802,log-0004802,user-00002,desktop,iOS,2.5.0,login_failed,45,4262,10474,1800360150,1800360195,0
logs-row-0004803,log-0004803,log-0004803,user-00003,tablet,iOS,2.4.1,view,424,4293,10511,1800360225,1800360649,1
logs-row-0004804,log-0004804,log-0004804,user-00004,phone,iOS,2.4.0,logout,443,4324,10548,1800360300,1800360743,1
logs-row-0004805,log-0004805,log-0004805,user-00005,laptop,iOS,2.5.1,login,466,4355,10585,1800360375,1800360841,1
logs-row-0004806,log-0004806,log-0004806,user-00006,desktop,iOS,2.5.0,purchase,485,4386,10622,1800360450,1800360935,1
logs-row-0004807,log-0004807,log-0004807,user-00007,tablet,iOS,2.4.1,login_failed,45,4417,10659,1800360525,1800360570,0
logs-row-0004808,log-0004808,log-0004808,user-00008,phone,iOS,2.4.0,view,518,4448,10696,1800360600,1800361118,1
logs-row-0004809,log-0004809,log-0004809,user-00009,laptop,iOS,2.5.1,logout,539,4479,10733,1800360675,1800361214,1
logs-row-0004810,log-0004810,log-0004810,user-00010,desktop,iOS,2.5.0,login,560,4510,10770,1800360750,1800361310,1
logs-row-0004811,log-0004811,log-0004811,user-00011,tablet,iOS,2.4.1,purchase,580,4541,10807,1800360825,1800361405,1
logs-row-0004812,log-0004812,log-0004812,user-00012,phone,iOS,2.4.0,login_failed,45,4572,10844,1800360900,1800360945,0
logs-row-0004813,log-0004813,log-0004813,user-00013,laptop,iOS,2.5.1,view,613,4603,10881,1800360975,1800361588,1
logs-row-0004814,log-0004814,log-0004814,user-00014,desktop,iOS,2.5.0,logout,638,4634,10918,1800361050,1800361688,1
logs-row-0004815,log-0004815,log-0004815,user-00015,tablet,iOS,2.4.1,login,650,4665,10955,1800361125,1800361775,1
logs-row-0004816,log-0004816,log-0004816,user-00016,phone,iOS,2.4.0,purchase,670,4696,10992,1800361200,1800361870,1
logs-row-0004817,log-0004817,log-0004817,user-00017,laptop,iOS,2.5.1,login_failed,45,4727,11029,1800361275,1800361320,0
logs-row-0004818,log-0004818,log-0004818,user-00018,desktop,iOS,2.5.0,view,712,4758,11066,1800361350,1800362062,1
logs-row-0004819,log-0004819,log-0004819,user-00019,tablet,iOS,2.4.1,logout,730,4789,11103,1800361425,1800362155,1
logs-row-0004820,log-0004820,log-0004820,user-00020,phone,iOS,2.4.0,login,748,4820,11140,1800361500,1800362248,1
logs-row-0004821,log-0004821,log-0004821,user-00021,laptop,iOS,2.5.1,purchase,769,4851,11177,1800361575,1800362344,1
logs-row-0004822,log-0004822,log-0004822,user-00022,desktop,iOS,2.5.0,login_failed,45,4882,11214,1800361650,1800361695,0
logs-row-0004823,log-0004823,log-0004823,user-00023,tablet,iOS,2.4.1,view,803,4913,11251,1800361725,1800362528,1
logs-row-0004824,log-0004824,log-0004824,user-00024,phone,iOS,2.4.0,logout,824,4944,11288,1800361800,1800362624,1
logs-row-0004825,log-0004825,log-0004825,user-00025,laptop,iOS,2.5.1,login,845,4975,11325,1800361875,1800362720,1
logs-row-0004826,log-0004826,log-0004826,user-00026,desktop,iOS,2.5.0,purchase,865,5006,11362,1800361950,1800362815,1
logs-row-0004827,log-0004827,log-0004827,user-00027,tablet,iOS,2.4.1,login_failed,45,5037,11399,1800362025,1800362070,0
logs-row-0004828,log-0004828,log-0004828,user-00028,phone,iOS,2.4.0,view,900,5068,11436,1800362100,1800363000,1
logs-row-0004829,log-0004829,log-0004829,user-00029,laptop,iOS,2.5.1,logout,920,5099,11473,1800362175,1800363095,1
logs-row-0004830,log-0004830,log-0004830,user-00030,desktop,iOS,2.5.0,login,935,5130,11510,1800362250,1800363185,1
logs-row-0004831,log-0004831,log-0004831,user-00031,tablet,iOS,2.4.1,purchase,956,5161,11547,1800362325,1800363281,1
logs-row-0004832,log-0004832,log-0004832,user-00032,phone,iOS,2.4.0,login_failed,16,5192,11584,1800362400,1800362416,0
logs-row-0004833,log-0004833,log-0004833,user-00033,laptop,iOS,2.5.1,view,95,5223,11621,1800362475,1800362570,1
logs-row-0004834,log-0004834,log-0004834,user-00034,desktop,iOS,2.5.0,logout,113,5254,11658,1800362550,1800362663,1
logs-row-0004835,log-0004835,log-0004835,user-00035,tablet,iOS,2.4.1,login,136,5285,11695,1800362625,1800362761,1
logs-row-0004836,log-0004836,log-0004836,user-00036,phone,iOS,2.4.0,purchase,152,5316,11732,1800362700,1800362852,1
logs-row-0004837,log-0004837,log-0004837,user-00037,laptop,iOS,2.5.1,login_failed,45,5347,11769,1800362775,1800362820,0
logs-row-0004838,log-0004838,log-0004838,user-00038,desktop,iOS,2.5.0,view,194,5378,11806,1800362850,1800363044,1
logs-row-0004839,log-0004839,log-0004839,user-00039,tablet,iOS,2.4.1,logout,213,409,11843,1800362925,1800363138,1
logs-row-0004840,log-0004840,log-0004840,user-00040,phone,iOS,2.4.0,login,227,440,11880,1800363000,1800363227,1
logs-row-0004841,log-0004841,log-0004841,user-00041,laptop,iOS,2.5.1,purchase,251,471,11917,1800363075,1800363326,1
logs-row-0004842,log-0004842,log-0004842,user-00042,desktop,iOS,2.5.0,login_failed,45,502,11954,1800363150,1800363195,0
logs-row-0004843,log-0004843,log-0004843,user-00043,tablet,iOS,2.4.1,view,284,533,11991,1800363225,1800363509,1
logs-row-0004844,log-0004844,log-0004844,user-00044,phone,iOS,2.4.0,logout,305,564,12028,1800363300,1800363605,1
logs-row-0004845,log-0004845,log-0004845,user-00045,laptop,iOS,2.5.1,login,325,595,12065,1800363375,1800363700,1
logs-row-0004846,log-0004846,log-0004846,user-00046,desktop,iOS,2.5.0,purchase,341,626,12102,1800363450,1800363791,1
logs-row-0004847,log-0004847,log-0004847,user-00047,tablet,iOS,2.4.1,login_failed,45,657,12139,1800363525,1800363570,0
logs-row-0004848,log-0004848,log-0004848,user-00048,phone,iOS,2.4.0,view,381,688,12176,1800363600,1800363981,1
logs-row-0004849,log-0004849,log-0004849,user-00049,laptop,iOS,2.5.1,logout,401,719,12213,1800363675,1800364076,1
logs-row-0004850,log-0004850,log-0004850,user-00050,desktop,iOS,2.5.0,login,419,750,12250,1800363750,1800364169,1
logs-row-0004851,log-0004851,log-0004851,user-00051,tablet,iOS,2.4.1,purchase,441,781,12287,1800363825,1800364266,1
logs-row-0004852,log-0004852,log-0004852,user-00052,phone,iOS,2.4.0,login_failed,45,812,12324,1800363900,1800363945,0
logs-row-0004853,log-0004853,log-0004853,user-00053,laptop,iOS,2.5.1,view,473,843,12361,1800363975,1800364448,1
logs-row-0004854,log-0004854,log-0004854,user-00054,desktop,iOS,2.5.0,logout,497,874,12398,1800364050,1800364547,1
logs-row-0004855,log-0004855,log-0004855,user-00055,tablet,iOS,2.4.1,login,513,905,12435,1800364125,1800364638,1
logs-row-0004856,log-0004856,log-0004856,user-00056,phone,iOS,2.4.0,purchase,535,936,12472,1800364200,1800364735,1
logs-row-0004857,log-0004857,log-0004857,user-00057,laptop,iOS,2.5.1,login_failed,45,967,12509,1800364275,1800364320,0
logs-row-0004858,log-0004858,log-0004858,user-00058,desktop,iOS,2.5.0,view,570,998,12546,1800364350,1800364920,1
logs-row-0004859,log-0004859,log-0004859,user-00059,tablet,iOS,2.4.1,logout,591,1029,12583,1800364425,1800365016,1
logs-row-0004860,log-0004860,log-0004860,user-00060,phone,iOS,2.4.0,login,612,1060,12620,1800364500,1800365112,1
logs-row-0004861,log-0004861,log-0004861,user-00061,laptop,iOS,2.5.1,purchase,630,1091,12657,1800364575,1800365205,1
logs-row-0004862,log-0004862,log-0004862,user-00062,desktop,iOS,2.5.0,login_failed,45,1122,12694,1800364650,1800364695,0
logs-row-0004863,log-0004863,log-0004863,user-00063,tablet,iOS,2.4.1,view,662,1153,12731,1800364725,1800365387,1
logs-row-0004864,log-0004864,log-0004864,user-00064,phone,iOS,2.4.0,logout,687,1184,12768,1800364800,1800365487,1
logs-row-0004865,log-0004865,log-0004865,user-00065,laptop,iOS,2.5.1,login,707,1215,805,1800364875,1800365582,1
logs-row-0004866,log-0004866,log-0004866,user-00066,desktop,iOS,2.5.0,purchase,722,1246,842,1800364950,1800365672,1
logs-row-0004867,log-0004867,log-0004867,user-00067,tablet,iOS,2.4.1,login_failed,45,1277,879,1800365025,1800365070,0
logs-row-0004868,log-0004868,log-0004868,user-00068,phone,iOS,2.4.0,view,759,1308,916,1800365100,1800365859,1
logs-row-0004869,log-0004869,log-0004869,user-00069,laptop,iOS,2.5.1,logout,782,1339,953,1800365175,1800365957,1
logs-row-0004870,log-0004870,log-0004870,user-00070,desktop,iOS,2.5.0,login,798,1370,990,1800365250,1800366048,1
logs-row-0004871,log-0004871,log-0004871,user-00071,tablet,iOS,2.4.1,purchase,820,1401,1027,1800365325,1800366145,1
logs-row-0004872,log-0004872,log-0004872,user-00072,phone,iOS,2.4.0,login_failed,45,1432,1064,1800365400,1800365445,0
logs-row-0004873,log-0004873,log-0004873,user-00073,laptop,iOS,2.5.1,view,855,1463,1101,1800365475,1800366330,1
logs-row-0004874,log-0004874,log-0004874,user-00074,desktop,iOS,2.5.0,logout,875,1494,1138,1800365550,1800366425,1
logs-row-0004875,log-0004875,log-0004875,user-00075,tablet,iOS,2.4.1,login,890,1525,1175,1800365625,1800366515,1
logs-row-0004876,log-0004876,log-0004876,user-00076,phone,iOS,2.4.0,purchase,911,1556,1212,1800365700,1800366611,1
logs-row-0004877,log-0004877,log-0004877,user-00077,laptop,iOS,2.5.1,login_failed,45,1587,1249,1800365775,1800365820,0
logs-row-0004878,log-0004878,log-0004878,user-00078,desktop,iOS,2.5.0,view,954,1618,1286,1800365850,1800366804,1
logs-row-0004879,log-0004879,log-0004879,user-00079,tablet,iOS,2.4.1,logout,69,1649,1323,1800365925,1800365994,1
logs-row-0004880,log-0004880,log-0004880,user-00080,phone,iOS,2.4.0,login,92,1680,1360,1800366000,1800366092,1
logs-row-0004881,log-0004881,log-0004881,user-00081,laptop,iOS,2.5.1,purchase,108,1711,1397,1800366075,1800366183,1
logs-row-0004882,log-0004882,log-0004882,user-00082,desktop,iOS,2.5.0,login_failed,45,1742,1434,1800366150,1800366195,0
logs-row-0004883,log-0004883,log-0004883,user-00083,tablet,iOS,2.4.1,view,149,1773,1471,1800366225,1800366374,1
logs-row-0004884,log-0004884,log-0004884,user-00084,phone,iOS,2.4.0,logout,164,1804,1508,1800366300,1800366464,1
logs-row-0004885,log-0004885,log-0004885,user-00085,laptop,iOS,2.5.1,login,181,1835,1545,1800366375,1800366556,1
logs-row-0004886,log-0004886,log-0004886,user-00086,desktop,iOS,2.5.0,purchase,206,1866,1582,1800366450,1800366656,1
logs-row-0004887,log-0004887,log-0004887,user-00087,tablet,iOS,2.4.1,login_failed,45,1897,1619,1800366525,1800366570,0
logs-row-0004888,log-0004888,log-0004888,user-00088,phone,iOS,2.4.0,view,240,1928,1656,1800366600,1800366840,1
logs-row-0004889,log-0004889,log-0004889,user-00089,laptop,iOS,2.5.1,logout,257,1959,1693,1800366675,1800366932,1
logs-row-0004890,log-0004890,log-0004890,user-00090,desktop,iOS,2.5.0,login,278,1990,1730,1800366750,1800367028,1
logs-row-0004891,log-0004891,log-0004891,user-00091,tablet,iOS,2.4.1,purchase,301,2021,1767,1800366825,1800367126,1
logs-row-0004892,log-0004892,log-0004892,user-00092,phone,iOS,2.4.0,login_failed,45,2052,1804,1800366900,1800366945,0
logs-row-0004893,log-0004893,log-0004893,user-00093,laptop,iOS,2.5.1,view,334,2083,1841,1800366975,1800367309,1
logs-row-0004894,log-0004894,log-0004894,user-00094,desktop,iOS,2.5.0,logout,353,2114,1878,1800367050,1800367403,1
logs-row-0004895,log-0004895,log-0004895,user-00095,tablet,iOS,2.4.1,login,373,2145,1915,1800367125,1800367498,1
logs-row-0004896,log-0004896,log-0004896,user-00096,phone,iOS,2.4.0,purchase,393,2176,1952,1800367200,1800367593,1
logs-row-0004897,log-0004897,log-0004897,user-00097,laptop,iOS,2.5.1,login_failed,45,2207,1989,1800367275,1800367320,0
logs-row-0004898,log-0004898,log-0004898,user-00098,desktop,iOS,2.5.0,view,430,2238,2026,1800367350,1800367780,1
logs-row-0004899,log-0004899,log-0004899,user-00099,tablet,iOS,2.4.1,logout,448,2269,2063,1800367425,1800367873,1
logs-row-0004900,log-0004900,log-0004900,user-00100,phone,iOS,2.4.0,login,466,2300,2100,1800367500,1800367966,1
logs-row-0004901,log-0004901,log-0004901,user-00101,laptop,iOS,2.5.1,purchase,489,2331,2137,1800367575,1800368064,1
logs-row-0004902,log-0004902,log-0004902,user-00102,desktop,iOS,2.5.0,login_failed,45,2362,2174,1800367650,1800367695,0
logs-row-0004903,log-0004903,log-0004903,user-00103,tablet,iOS,2.4.1,view,528,2393,2211,1800367725,1800368253,1
logs-row-0004904,log-0004904,log-0004904,user-00104,phone,iOS,2.4.0,logout,546,2424,2248,1800367800,1800368346,1
logs-row-0004905,log-0004905,log-0004905,user-00105,laptop,iOS,2.5.1,login,562,2455,2285,1800367875,1800368437,1
logs-row-0004906,log-0004906,log-0004906,user-00106,desktop,iOS,2.5.0,purchase,585,2486,2322,1800367950,1800368535,1
logs-row-0004907,log-0004907,log-0004907,user-00107,tablet,iOS,2.4.1,login_failed,45,2517,2359,1800368025,1800368070,0
logs-row-0004908,log-0004908,log-0004908,user-00108,phone,iOS,2.4.0,view,624,2548,2396,1800368100,1800368724,1
logs-row-0004909,log-0004909,log-0004909,user-00109,laptop,iOS,2.5.1,logout,643,2579,2433,1800368175,1800368818,1
logs-row-0004910,log-0004910,log-0004910,user-00110,desktop,iOS,2.5.0,login,657,2610,2470,1800368250,1800368907,1
logs-row-0004911,log-0004911,log-0004911,user-00111,tablet,iOS,2.4.1,purchase,674,2641,2507,1800368325,1800368999,1
logs-row-0004912,log-0004912,log-0004912,user-00112,phone,iOS,2.4.0,login_failed,45,2672,2544,1800368400,1800368445,0
logs-row-0004913,log-0004913,log-0004913,user-00113,laptop,iOS,2.5.1,view,714,2703,2581,1800368475,1800369189,1
logs-row-0004914,log-0004914,log-0004914,user-00114,desktop,iOS,2.5.0,logout,733,2734,2618,1800368550,1800369283,1
logs-row-0004915,log-0004915,log-0004915,user-00115,tablet,iOS,2.4.1,login,756,2765,2655,1800368625,1800369381,1
logs-row-0004916,log-0004916,log-0004916,user-00116,phone,iOS,2.4.0,purchase,772,2796,2692,1800368700,1800369472,1
logs-row-0004917,log-0004917,log-0004917,user-00117,laptop,iOS,2.5.1,login_failed,45,2827,2729,1800368775,1800368820,0
logs-row-0004918,log-0004918,log-0004918,user-00118,desktop,iOS,2.5.0,view,809,2858,2766,1800368850,1800369659,1
logs-row-0004919,log-0004919,log-0004919,user-00119,tablet,iOS,2.4.1,logout,826,2889,2803,1800368925,1800369751,1
logs-row-0004920,log-0004920,log-0004920,user-00120,phone,iOS,2.4.0,login,852,2920,2840,1800369000,1800369852,1
logs-row-0004921,log-0004921,log-0004921,user-00121,laptop,iOS,2.5.1,purchase,868,2951,2877,1800369075,1800369943,1
logs-row-0004922,log-0004922,log-0004922,user-00122,desktop,iOS,2.5.0,login_failed,45,2982,2914,1800369150,1800369195,0
logs-row-0004923,log-0004923,log-0004923,user-00123,tablet,iOS,2.4.1,view,904,3013,2951,1800369225,1800370129,1
logs-row-0004924,log-0004924,log-0004924,user-00124,phone,iOS,2.4.0,logout,925,3044,2988,1800369300,1800370225,1
logs-row-0004925,log-0004925,log-0004925,user-00125,laptop,iOS,2.5.1,login,947,3075,3025,1800369375,1800370322,1
logs-row-0004926,log-0004926,log-0004926,user-00126,desktop,iOS,2.5.0,purchase,963,3106,3062,1800369450,1800370413,1
logs-row-0004927,log-0004927,log-0004927,user-00127,tablet,iOS,2.4.1,login_failed,19,3137,3099,1800369525,1800369544,0
logs-row-0004928,log-0004928,log-0004928,user-00128,phone,iOS,2.4.0,view,98,3168,3136,1800369600,1800369698,1
logs-row-0004929,log-0004929,log-0004929,user-00129,laptop,iOS,2.5.1,logout,122,3199,3173,1800369675,1800369797,1
logs-row-0004930,log-0004930,log-0004930,user-00130,desktop,iOS,2.5.0,login,137,3230,3210,1800369750,1800369887,1
logs-row-0004931,log-0004931,log-0004931,user-00131,tablet,iOS,2.4.1,purchase,154,3261,3247,1800369825,1800369979,1
logs-row-0004932,log-0004932,log-0004932,user-00132,phone,iOS,2.4.0,login_failed,45,3292,3284,1800369900,1800369945,0
logs-row-0004933,log-0004933,log-0004933,user-00133,laptop,iOS,2.5.1,view,199,3323,3321,1800369975,1800370174,1
logs-row-0004934,log-0004934,log-0004934,user-00134,desktop,iOS,2.5.0,logout,218,3354,3358,1800370050,1800370268,1
logs-row-0004935,log-0004935,log-0004935,user-00135,tablet,iOS,2.4.1,login,230,3385,3395,1800370125,1800370355,1
logs-row-0004936,log-0004936,log-0004936,user-00136,phone,iOS,2.4.0,purchase,253,3416,3432,1800370200,1800370453,1
logs-row-0004937,log-0004937,log-0004937,user-00137,laptop,iOS,2.5.1,login_failed,45,3447,3469,1800370275,1800370320,0
logs-row-0004938,log-0004938,log-0004938,user-00138,desktop,iOS,2.5.0,view,288,3478,3506,1800370350,1800370638,1
logs-row-0004939,log-0004939,log-0004939,user-00139,tablet,iOS,2.4.1,logout,307,3509,3543,1800370425,1800370732,1
logs-row-0004940,log-0004940,log-0004940,user-00140,phone,iOS,2.4.0,login,327,3540,3580,1800370500,1800370827,1
logs-row-0004941,log-0004941,log-0004941,user-00141,laptop,iOS,2.5.1,purchase,348,3571,3617,1800370575,1800370923,1
logs-row-0004942,log-0004942,log-0004942,user-00142,desktop,iOS,2.5.0,login_failed,45,3602,3654,1800370650,1800370695,0
logs-row-0004943,log-0004943,log-0004943,user-00143,tablet,iOS,2.4.1,view,385,3633,3691,1800370725,1800371110,1
logs-row-0004944,log-0004944,log-0004944,user-00144,phone,iOS,2.4.0,logout,404,3664,3728,1800370800,1800371204,1
logs-row-0004945,log-0004945,log-0004945,user-00145,laptop,iOS,2.5.1,login,425,3695,3765,1800370875,1800371300,1
logs-row-0004946,log-0004946,log-0004946,user-00146,desktop,iOS,2.5.0,purchase,445,3726,3802,1800370950,1800371395,1
logs-row-0004947,log-0004947,log-0004947,user-00147,tablet,iOS,2.4.1,login_failed,45,3757,3839,1800371025,1800371070,0
logs-row-0004948,log-0004948,log-0004948,user-00148,phone,iOS,2.4.0,view,484,3788,3876,1800371100,1800371584,1
logs-row-0004949,log-0004949,log-0004949,user-00149,laptop,iOS,2.5.1,logout,501,3819,3913,1800371175,1800371676,1
logs-row-0004950,log-0004950,log-0004950,user-00150,desktop,iOS,2.5.0,login,519,3850,3950,1800371250,1800371769,1
logs-row-0004951,log-0004951,log-0004951,user-00151,tablet,iOS,2.4.1,purchase,537,3881,3987,1800371325,1800371862,1
logs-row-0004952,log-0004952,log-0004952,user-00152,phone,iOS,2.4.0,login_failed,45,3912,4024,1800371400,1800371445,0
logs-row-0004953,log-0004953,log-0004953,user-00153,laptop,iOS,2.5.1,view,578,3943,4061,1800371475,1800372053,1
logs-row-0004954,log-0004954,log-0004954,user-00154,desktop,iOS,2.5.0,logout,597,3974,4098,1800371550,1800372147,1
logs-row-0004955,log-0004955,log-0004955,user-00155,tablet,iOS,2.4.1,login,615,4005,4135,1800371625,1800372240,1
logs-row-0004956,log-0004956,log-0004956,user-00156,phone,iOS,2.4.0,purchase,629,4036,4172,1800371700,1800372329,1
logs-row-0004957,log-0004957,log-0004957,user-00157,laptop,iOS,2.5.1,login_failed,45,4067,4209,1800371775,1800371820,0
logs-row-0004958,log-0004958,log-0004958,user-00158,desktop,iOS,2.5.0,view,671,4098,4246,1800371850,1800372521,1
logs-row-0004959,log-0004959,log-0004959,user-00159,tablet,iOS,2.4.1,logout,688,4129,4283,1800371925,1800372613,1
logs-row-0004960,log-0004960,log-0004960,user-00160,phone,iOS,2.4.0,login,705,4160,4320,1800372000,1800372705,1
logs-row-0004961,log-0004961,log-0004961,user-00161,laptop,iOS,2.5.1,purchase,729,4191,4357,1800372075,1800372804,1
logs-row-0004962,log-0004962,log-0004962,user-00162,desktop,iOS,2.5.0,login_failed,45,4222,4394,1800372150,1800372195,0
logs-row-0004963,log-0004963,log-0004963,user-00163,tablet,iOS,2.4.1,view,768,4253,4431,1800372225,1800372993,1
logs-row-0004964,log-0004964,log-0004964,user-00164,phone,iOS,2.4.0,logout,784,4284,4468,1800372300,1800373084,1
logs-row-0004965,log-0004965,log-0004965,user-00165,laptop,iOS,2.5.1,login,804,4315,4505,1800372375,1800373179,1
logs-row-0004966,log-0004966,log-0004966,user-00166,desktop,iOS,2.5.0,purchase,823,4346,4542,1800372450,1800373273,1
logs-row-0004967,log-0004967,log-0004967,user-00167,tablet,iOS,2.4.1,login_failed,45,4377,4579,1800372525,1800372570,0
logs-row-0004968,log-0004968,log-0004968,user-00168,phone,iOS,2.4.0,view,858,4408,4616,1800372600,1800373458,1
logs-row-0004969,log-0004969,log-0004969,user-00169,laptop,iOS,2.5.1,logout,878,4439,4653,1800372675,1800373553,1
logs-row-0004970,log-0004970,log-0004970,user-00170,desktop,iOS,2.5.0,login,896,4470,4690,1800372750,1800373646,1
logs-row-0004971,log-0004971,log-0004971,user-00171,tablet,iOS,2.4.1,purchase,916,4501,4727,1800372825,1800373741,1
logs-row-0004972,log-0004972,log-0004972,user-00172,phone,iOS,2.4.0,login_failed,45,4532,4764,1800372900,1800372945,0
logs-row-0004973,log-0004973,log-0004973,user-00173,laptop,iOS,2.5.1,view,952,4563,4801,1800372975,1800373927,1
logs-row-0004974,log-0004974,log-0004974,user-00174,desktop,iOS,2.5.0,logout,76,4594,4838,1800373050,1800373126,1
logs-row-0004975,log-0004975,log-0004975,user-00175,tablet,iOS,2.4.1,login,90,4625,4875,1800373125,1800373215,1
logs-row-0004976,log-0004976,log-0004976,user-00176,phone,iOS,2.4.0,purchase,109,4656,4912,1800373200,1800373309,1
logs-row-0004977,log-0004977,log-0004977,user-00177,laptop,iOS,2.5.1,login_failed,45,4687,4949,1800373275,1800373320,0
logs-row-0004978,log-0004978,log-0004978,user-00178,desktop,iOS,2.5.0,view,154,4718,4986,1800373350,1800373504,1
logs-row-0004979,log-0004979,log-0004979,user-00179,tablet,iOS,2.4.1,logout,166,4749,5023,1800373425,1800373591,1
logs-row-0004980,log-0004980,log-0004980,user-00180,phone,iOS,2.4.0,login,187,4780,5060,1800373500,1800373687,1
logs-row-0004981,log-0004981,log-0004981,user-00181,laptop,iOS,2.5.1,purchase,207,4811,5097,1800373575,1800373782,1
logs-row-0004982,log-0004982,log-0004982,user-00182,desktop,iOS,2.5.0,login_failed,45,4842,5134,1800373650,1800373695,0
logs-row-0004983,log-0004983,log-0004983,user-00183,tablet,iOS,2.4.1,view,244,4873,5171,1800373725,1800373969,1
logs-row-0004984,log-0004984,log-0004984,user-00184,phone,iOS,2.4.0,logout,265,4904,5208,1800373800,1800374065,1
logs-row-0004985,log-0004985,log-0004985,user-00185,laptop,iOS,2.5.1,login,287,4935,5245,1800373875,1800374162,1
logs-row-0004986,log-0004986,log-0004986,user-00186,desktop,iOS,2.5.0,purchase,299,4966,5282,1800373950,1800374249,1
logs-row-0004987,log-0004987,log-0004987,user-00187,tablet,iOS,2.4.1,login_failed,45,4997,5319,1800374025,1800374070,0
logs-row-0004988,log-0004988,log-0004988,user-00188,phone,iOS,2.4.0,view,344,5028,5356,1800374100,1800374444,1
logs-row-0004989,log-0004989,log-0004989,user-00189,laptop,iOS,2.5.1,logout,359,5059,5393,1800374175,1800374534,1
logs-row-0004990,log-0004990,log-0004990,user-00190,desktop,iOS,2.5.0,login,378,5090,5430,1800374250,1800374628,1
logs-row-0004991,log-0004991,log-0004991,user-00191,tablet,iOS,2.4.1,purchase,399,5121,5467,1800374325,1800374724,1
logs-row-0004992,log-0004992,log-0004992,user-00192,phone,iOS,2.4.0,login_failed,45,5152,5504,1800374400,1800374445,0
logs-row-0004993,log-0004993,log-0004993,user-00193,laptop,iOS,2.5.1,view,438,5183,5541,1800374475,1800374913,1
logs-row-0004994,log-0004994,log-0004994,user-00194,desktop,iOS,2.5.0,logout,456,5214,5578,1800374550,1800375006,1
logs-row-0004995,log-0004995,log-0004995,user-00195,tablet,iOS,2.4.1,login,471,5245,5615,1800374625,1800375096,1
logs-row-0004996,log-0004996,log-0004996,user-00196,phone,iOS,2.4.0,purchase,493,5276,5652,1800374700,1800375193,1
logs-row-0004997,log-0004997,log-0004997,user-00197,laptop,iOS,2.5.1,login_failed,45,5307,5689,1800374775,1800374820,0
logs-row-0004998,log-0004998,log-0004998,user-00198,desktop,iOS,2.5.0,view,532,5338,5726,1800374850,1800375382,1
logs-row-0004999,log-0004999,log-0004999,user-00199,tablet,iOS,2.4.1,logout,546,5369,5763,1800374925,1800375471,1
